da_n,ins_id,case_id,edit_type,difficulty,scale_exact,affine_severe,SUBC__FREEFINE_BASELINE,BGC__FREEFINE_BASELINE,WRAP_E__FREEFINE_BASELINE,SUBC__SGR_EPSREC,BGC__SGR_EPSREC,WRAP_E__SGR_EPSREC,SUBC__SGR_MIDHF_EPSREC,BGC__SGR_MIDHF_EPSREC,WRAP_E__SGR_MIDHF_EPSREC
0,0,0,move,medium,1.0,False,0.9876309633255004,0.97705078125,0.0485686576471737,0.9921436309814452,0.97802734375,0.0163875108055305,,,
0,0,1,move,medium,1.0,False,0.9810432195663452,0.98486328125,0.0487943100102581,0.98542058467865,0.98583984375,0.0161143024942178,,,
0,0,2,rotate,easy,1.0,False,0.971928894519806,0.98974609375,0.0422310776453376,0.971928894519806,0.98974609375,0.0422310776453376,,,
0,0,3,rotate,medium,1.0,False,0.9555838108062744,0.990234375,0.043085055461905,0.9555838108062744,0.990234375,0.043085055461905,,,
0,0,4,rotate,hard,1.0,False,0.9165219068527222,0.98193359375,0.0437000607338265,0.9165219068527222,0.98193359375,0.0437000607338265,,,
0,0,5,resize,easy,1.1467505241090146,False,0.9609332084655762,0.98388671875,0.036935086043827,0.9649404883384703,0.98388671875,0.0186184913485273,,,
0,0,6,resize,easy,0.8636096208015005,False,0.9662479162216188,0.98388671875,0.0487796603169077,0.9704283475875854,0.98291015625,0.0294353333221882,,,
0,0,7,resize,medium,0.6727807583969989,False,0.9306207895278932,0.97900390625,0.0562567336483024,0.936555027961731,0.9794921875,0.0374219572696365,,,
0,0,8,resize,hard,0.47278075839699896,True,0.8141501545906067,0.9814453125,0.0745797714140156,0.8160027861595154,0.98095703125,0.0755127441961145,0.8159235119819641,0.9814453125,0.0754986413734181
1,0,1,move,medium,1.0,False,0.9842194318771362,0.9677734375,0.0584470747822419,0.9828325510025024,0.96826171875,0.0095887639264702,,,
2,0,0,move,medium,1.0,False,0.9695234298706056,0.96484375,0.1015721904772112,0.988778829574585,0.96533203125,0.0081120749694796,,,
2,0,1,move,hard,1.0,False,0.9617254734039308,0.943359375,0.1018467894598456,0.9831939935684204,0.9443359375,0.0082214391259441,,,
2,0,2,rotate,medium,1.0,False,0.9608800411224364,0.96044921875,0.0865282992629675,0.9608800411224364,0.96044921875,0.0865282992629675,,,
2,0,3,rotate,hard,1.0,False,0.9292885661125184,0.9619140625,0.0877190639091513,0.9292885661125184,0.9619140625,0.0877190639091513,,,
2,0,4,rotate,hard,1.0,False,0.8562917113304138,0.9716796875,0.0883479970851804,0.8562917113304138,0.9716796875,0.0883479970851804,,,
2,0,5,resize,medium,1.1176470588235294,False,0.9524709582328796,0.96240234375,0.0795978688901273,0.9744600057601928,0.96044921875,0.0114127693901926,,,
2,0,6,resize,medium,0.8636096208015005,False,0.939871907234192,0.958984375,0.0948394918190773,0.9693812131881714,0.958984375,0.0163312723808502,,,
2,0,7,resize,hard,0.6727807583969989,False,0.8842668533325195,0.95263671875,0.1079230623848656,0.9063684344291688,0.95263671875,0.0227788290247388,,,
2,0,8,resize,hard,0.47278075839699896,True,0.7829192876815796,0.94921875,0.1217514017560463,0.7862963080406189,0.95166015625,0.1215354516107331,0.7868603467941284,0.95166015625,0.1214999411743202
3,0,0,move,medium,1.0,False,0.9912276268005372,0.97412109375,0.0781458400788294,0.995721399784088,0.974609375,0.0068371787917397,,,
3,0,1,move,hard,1.0,False,0.9895951747894288,0.9775390625,0.0781631085488738,0.9942914247512816,0.97802734375,0.0066157723365277,,,
3,0,2,move,hard,1.0,False,0.988560914993286,0.97509765625,0.0807599668647214,0.9934931397438048,0.97509765625,0.0069629078309427,,,
4,0,0,move,medium,1.0,False,0.9715725183486938,0.98388671875,0.0342739204517099,0.9774333238601683,0.984375,0.0075890187206462,,,
4,0,1,move,medium,1.0,False,0.9771449565887452,0.982421875,0.0346501077706564,0.9821473360061646,0.9833984375,0.0080436015017919,,,
4,0,2,rotate,medium,1.0,False,0.95660001039505,0.98583984375,0.0277787846942339,0.95660001039505,0.98583984375,0.0277787846942339,,,
4,0,3,rotate,hard,1.0,False,0.9306606650352478,0.97802734375,0.0296373066354167,0.9306606650352478,0.97802734375,0.0296373066354167,,,
4,0,4,rotate,hard,1.0,False,0.8903112411499023,0.98193359375,0.0291756092731548,0.8903112411499023,0.98193359375,0.0291756092731548,,,
4,0,5,resize,medium,1.2645579679571273,False,0.9547631740570068,0.9892578125,0.0254041753240328,0.9530922174453736,0.98974609375,0.0076354768680995,,,
4,0,6,resize,medium,1.4645579679571272,False,0.9388628005981444,0.98291015625,0.0241418384930219,0.936211347579956,0.98388671875,0.0068124372395704,,,
4,0,7,resize,hard,1.5714285714285714,True,0.9262487888336182,0.9814453125,0.0234290470042711,0.926281988620758,0.9814453125,0.0234359026094675,0.9263253211975098,0.9814453125,0.0234265993474395
4,0,8,resize,medium,0.8177210160214364,False,0.940563142299652,0.9775390625,0.0311128184090986,0.952568531036377,0.9775390625,0.0113958583796319,,,
4,0,9,resize,medium,0.7645579679571273,False,0.9227949976921082,0.9775390625,0.0316003319445121,0.93491929769516,0.9775390625,0.0119231831997789,,,
4,0,10,resize,hard,0.5645579679571272,True,0.8240581750869751,0.97900390625,0.0402872550470474,0.8236337900161743,0.97607421875,0.0404184134066725,0.8237837553024292,0.9765625,0.0404142680729296
5,0,0,move,hard,1.0,False,0.9809743762016296,0.9775390625,0.0252070471839317,0.9941387176513672,0.9775390625,0.003500068826962,,,
5,0,1,rotate,hard,1.0,False,0.952038049697876,0.9765625,0.023033433189905,0.952038049697876,0.9765625,0.023033433189905,,,
5,0,2,rotate,hard,1.0,False,0.93305504322052,0.92236328125,0.0228454079008442,0.93305504322052,0.92236328125,0.0228454079008442,,,
5,0,3,rotate,hard,1.0,False,0.8664034605026245,0.96044921875,0.0240352691711848,0.8664034605026245,0.96044921875,0.0240352691711848,,,
5,0,4,resize,hard,0.8134535913012312,False,0.9510451555252076,0.96435546875,0.0260607200062783,0.9615253210067748,0.96435546875,0.006677153090305,,,
5,0,5,resize,hard,0.7730928173975378,False,0.940985918045044,0.96435546875,0.0273802083870135,0.952258825302124,0.9638671875,0.0077603096478233,,,
5,0,6,resize,hard,0.5730928173975377,True,0.8897419571876526,0.96142578125,0.031920860932672,0.8899016380310059,0.96337890625,0.0323431289201668,0.8898439407348633,0.9638671875,0.0323402117628873
6,0,0,rotate,hard,1.0,False,0.9734212160110474,0.9912109375,0.10039160941096,0.9734212160110474,0.9912109375,0.10039160941096,,,
6,0,1,rotate,hard,1.0,False,0.9636825323104858,0.9853515625,0.0996349964083254,0.9636825323104858,0.9853515625,0.0996349964083254,,,
6,0,2,rotate,hard,1.0,False,0.926411509513855,0.9912109375,0.1032402524309863,0.926411509513855,0.9912109375,0.1032402524309863,,,
6,0,3,resize,hard,0.8901271572714509,False,0.9675692915916444,0.97607421875,0.1059823095517713,0.9752151966094972,0.97607421875,0.0130596244301942,,,
6,0,4,resize,hard,0.6197456854570983,False,0.9205094575881958,0.9755859375,0.124342766705074,0.92096745967865,0.9755859375,0.0216755034493204,,,
6,0,5,resize,hard,0.41974568545709834,True,0.8206026554107666,0.97802734375,0.1393573947926,0.8208011388778687,0.9775390625,0.1393815209623686,0.8207815289497375,0.97802734375,0.139371047586345
7,0,0,move,easy,1.0,False,0.8074604272842407,0.96337890625,0.0084184812765527,0.8148461580276489,0.96240234375,0.0032111029669509,,,
7,0,1,move,medium,1.0,False,0.805111825466156,0.9453125,0.0086277412672889,0.8092023730278015,0.94482421875,0.004068509089954,,,
7,0,2,move,hard,1.0,False,0.8739393949508667,0.96435546875,0.007211348558881,0.8764016628265381,0.96435546875,0.0028238233848442,,,
7,0,3,rotate,easy,1.0,False,0.8018909692764282,0.95263671875,0.0080401969489993,0.8018909692764282,0.95263671875,0.0080401969489993,,,
7,0,4,rotate,medium,1.0,False,0.7298299074172974,0.9443359375,0.0090908545214859,0.7298299074172974,0.9443359375,0.0090908545214859,,,
7,0,5,rotate,hard,1.0,False,0.7721927165985107,0.96142578125,0.0086483530934435,0.7721927165985107,0.96142578125,0.0086483530934435,,,
7,0,6,resize,easy,0.8901271572714509,False,0.9329731464385986,0.94677734375,0.0080310784459033,0.9348161220550536,0.94677734375,0.0033600409186944,,,
7,0,7,resize,hard,0.6197456854570983,False,0.8885321617126465,0.93701171875,0.0110245653204655,0.8912374973297119,0.93701171875,0.0049599980794276,,,
7,0,8,resize,hard,0.41974568545709834,True,0.7957593202590942,0.93798828125,0.0145812155648394,0.8080676794052124,0.93994140625,0.0142512517276747,0.8103290796279907,0.93994140625,0.0142567358911733
8,0,6,resize,easy,1.3197456854570984,False,0.9250973463058472,0.96875,0.013571515782229,0.9275908470153807,0.96875,0.0109581656998989,,,
9,0,0,move,easy,1.0,False,0.94387024641037,0.9755859375,0.0097539863143379,0.9468973875045776,0.97509765625,0.0059726833811337,,,
9,0,1,move,medium,1.0,False,0.9515736699104308,0.982421875,0.0096599199034518,0.9535864591598512,0.98193359375,0.0057026260539941,,,
9,0,2,rotate,easy,1.0,False,0.9385166168212892,0.98291015625,0.0087261741518114,0.9385166168212892,0.98291015625,0.0087261741518114,,,
9,0,3,rotate,medium,1.0,False,0.9273216724395752,0.96435546875,0.010065102648784,0.9273216724395752,0.96435546875,0.010065102648784,,,
9,0,4,rotate,hard,1.0,False,0.90572851896286,0.97265625,0.0117770831811192,0.90572851896286,0.97265625,0.0117770831811192,,,
9,0,5,resize,easy,1.1025641025641026,False,0.9105595946311952,0.9775390625,0.0107813322231702,0.913711428642273,0.97802734375,0.0064362253905836,,,
9,0,6,resize,easy,0.8450303737358219,False,0.9299780130386353,0.9755859375,0.0088544827705428,0.9280192852020264,0.9755859375,0.0071811325144826,,,
9,0,7,resize,medium,0.7099392525283563,False,0.8991867303848267,0.9697265625,0.0096256322905449,0.8976606130599976,0.96923828125,0.0080453243893699,,,
9,0,8,resize,hard,0.5099392525283564,True,0.8464277982711792,0.97314453125,0.010767847066142,0.8651777505874634,0.97216796875,0.0103890818023833,0.8643440008163452,0.97216796875,0.0104278570937919
10,0,0,rotate,hard,1.0,False,0.9220446348190308,0.99609375,0.0079292608539349,0.9220446348190308,0.99609375,0.0079292608539349,,,
10,0,1,resize,easy,0.8450303737358219,False,0.9732652902603148,0.9970703125,0.0080955285455328,0.9749001860618592,0.99755859375,0.0054816687842088,,,
10,0,2,resize,medium,0.7099392525283563,False,0.9378793835639954,0.9970703125,0.0081576866349616,0.9394009709358216,0.9970703125,0.0058888999231281,,,
10,0,3,resize,hard,0.5099392525283564,True,0.8781911134719849,0.9951171875,0.0103217451015971,0.8787618279457092,0.9951171875,0.0102588406075549,0.8786845207214355,0.99560546875,0.0102672373612845
10,1,0,resize,medium,0.7099392525283563,False,0.9556981325149536,0.9931640625,0.0070590509106619,0.955130696296692,0.99267578125,0.0046371879508149,,,
10,1,1,resize,hard,0.5099392525283564,True,0.8869047164916992,0.982421875,0.0093137561869258,0.890964686870575,0.9892578125,0.0091471343374847,0.8915514945983887,0.98974609375,0.0091085792448358
11,0,0,move,medium,1.0,False,0.942509651184082,0.97119140625,0.0667315284079685,0.9534520506858826,0.97119140625,0.0091816650772071,,,
11,0,1,move,hard,1.0,False,0.956087589263916,0.9794921875,0.066399328767691,0.9773828387260436,0.97900390625,0.0088704501179391,,,
11,0,2,rotate,medium,1.0,False,0.930023729801178,0.951171875,0.053962669763299,0.930023729801178,0.951171875,0.053962669763299,,,
11,0,3,rotate,hard,1.0,False,0.9292154312133788,0.96923828125,0.0548592024910478,0.9292154312133788,0.96923828125,0.0548592024910478,,,
11,0,4,rotate,hard,1.0,False,0.8490942716598511,0.9697265625,0.0544859343484406,0.8490942716598511,0.9697265625,0.0544859343484406,,,
11,0,5,resize,medium,1.1407766990291262,False,0.9486689567565918,0.9931640625,0.0495805683936674,0.9557443857192992,0.99365234375,0.0115141112663007,,,
11,0,6,resize,medium,0.8450303737358219,False,0.9293655157089232,0.94873046875,0.0588501100582113,0.941865086555481,0.94873046875,0.0152872489553307,,,
11,0,7,resize,hard,0.7099392525283563,False,0.8866853713989258,0.94140625,0.0633008919445851,0.8965465426445007,0.94140625,0.0188086054436343,,,
11,0,8,resize,hard,0.5099392525283564,True,0.7940956950187683,0.95263671875,0.0688175530589016,0.7961376905441284,0.951171875,0.0690995861934569,0.7962684631347656,0.9521484375,0.0690913774675813
12,0,0,move,medium,1.0,False,0.9899473786354064,0.96923828125,0.0225443152339894,0.995047688484192,0.96875,0.0029341990156138,,,
12,0,1,move,hard,1.0,False,0.9878976345062256,0.9609375,0.0225831125958463,0.9912965893745422,0.9609375,0.0027050569403591,,,
13,0,0,move,easy,1.0,False,0.9784343242645264,0.96533203125,0.0459763646403798,0.9881190061569214,0.96533203125,0.0089296134469344,,,
13,0,1,move,medium,1.0,False,0.958057165145874,0.9619140625,0.0454394759258011,0.9651132822036744,0.9609375,0.0084468561880424,,,
13,0,2,rotate,easy,1.0,False,0.9444379806518556,0.96826171875,0.0408520220588235,0.9444379806518556,0.96826171875,0.0408520220588235,,,
13,0,3,rotate,medium,1.0,False,0.937646746635437,0.974609375,0.0409060715845783,0.937646746635437,0.974609375,0.0409060715845783,,,
13,0,4,rotate,hard,1.0,False,0.8232802152633667,0.966796875,0.043243918351685,0.8232802152633667,0.966796875,0.043243918351685,,,
13,0,5,resize,easy,1.2462036825081564,False,0.9368720054626464,0.96826171875,0.0355604112003686,0.9490784406661988,0.96875,0.0100491469699165,,,
13,0,6,resize,medium,1.3161094224924013,False,0.9358659982681274,0.96875,0.033934046265419,0.9431434273719788,0.96923828125,0.0088214021508621,,,
13,0,7,resize,easy,0.8268981587459219,False,0.9407203197479248,0.97412109375,0.0455591658885776,0.9462543725967408,0.9736328125,0.016957559912854,,,
13,0,8,resize,medium,0.7462036825081564,False,0.9314943552017212,0.974609375,0.0493757114665733,0.9364606142044068,0.974609375,0.0197476089988934,,,
13,0,9,resize,hard,0.5462036825081563,True,0.776533842086792,0.97412109375,0.0609297910876753,0.7785898447036743,0.9736328125,0.0606786931748626,0.7786246538162231,0.97412109375,0.0606838176220629
13,1,0,move,easy,1.0,False,0.9820879697799684,0.9775390625,0.0573356215650985,0.9812554121017456,0.97802734375,0.0221548011077121,,,
13,1,1,move,medium,1.0,False,0.93874990940094,0.9814453125,0.0613708588484176,0.9474782943725586,0.9814453125,0.0248178422643093,,,
13,1,2,rotate,easy,1.0,False,0.940542221069336,0.9775390625,0.0504409259444834,0.940542221069336,0.9775390625,0.0504409259444834,,,
13,1,3,rotate,medium,1.0,False,0.9085160493850708,0.97021484375,0.0522957551169773,0.9085160493850708,0.97021484375,0.0522957551169773,,,
13,1,4,rotate,hard,1.0,False,0.7622292041778564,0.9755859375,0.0512337205798654,0.7622292041778564,0.9755859375,0.0512337205798654,,,
13,1,5,resize,easy,1.2462036825081564,False,0.9480232000350952,0.96484375,0.0451697453744751,0.9525516033172609,0.96044921875,0.0245507319580796,,,
13,1,6,resize,easy,1.4462036825081563,False,0.9267565608024596,0.97021484375,0.0437543414575216,0.931319534778595,0.96923828125,0.0221222021471449,,,
13,1,7,resize,hard,2.5965276188111726,True,0.7974310517311096,0.9765625,0.0343699607772178,0.7986273765563965,0.97509765625,0.0343132228614477,0.7986288070678711,0.97509765625,0.0342814685511105
13,1,8,resize,easy,0.8268981587459219,False,0.9386208057403564,0.98046875,0.0598204278593582,0.9349964261054992,0.98046875,0.043319299589856,,,
13,1,9,resize,easy,0.7462036825081564,False,0.8993853330612183,0.978515625,0.0616273995423675,0.9014954566955566,0.978515625,0.0460844877851284,,,
13,1,10,resize,medium,0.5338414685717624,True,0.7660329341888428,0.97802734375,0.0812728343369868,0.758875846862793,0.97900390625,0.0805265195509098,0.7585994005203247,0.978515625,0.0805226155502851
14,0,0,rotate,hard,1.0,False,0.9683228135108948,0.99609375,0.0296789443886553,0.9683228135108948,0.99609375,0.0296789443886553,,,
14,0,1,rotate,hard,1.0,False,0.9477899670600892,0.998046875,0.0292974891233417,0.9477899670600892,0.998046875,0.0292974891233417,,,
14,0,2,rotate,hard,1.0,False,0.8738071918487549,0.998046875,0.0296843580106672,0.8738071918487549,0.998046875,0.0296843580106672,,,
14,0,3,resize,hard,0.8330792657141188,False,0.973623514175415,0.99072265625,0.0345251774803412,0.9748997688293456,0.9912109375,0.0096711642280328,,,
14,0,4,resize,hard,0.7338414685717625,False,0.9587637782096864,0.99462890625,0.0381798338026649,0.9618516564369202,0.99365234375,0.0116574011274997,,,
14,0,5,resize,hard,0.5338414685717624,True,0.9314334392547609,0.99658203125,0.0454509910456983,0.9305970072746276,0.99609375,0.0458954567972258,0.930680215358734,0.99658203125,0.0458998460563252
15,0,0,move,easy,1.0,False,0.9775660037994384,0.966796875,0.0318863069144327,0.983144462108612,0.966796875,0.0106619342723576,,,
15,0,1,move,medium,1.0,False,0.9376236200332642,0.9638671875,0.0312357294756104,0.941270351409912,0.96337890625,0.0094366944641585,,,
15,0,2,move,hard,1.0,False,0.966255784034729,0.95849609375,0.0328890755070956,0.9675953388214112,0.95849609375,0.0123876455704419,,,
15,0,3,rotate,easy,1.0,False,0.9516366720199584,0.96923828125,0.0277894418682018,0.9516366720199584,0.96923828125,0.0277894418682018,,,
15,0,4,rotate,medium,1.0,False,0.912810444831848,0.9599609375,0.0282266234655227,0.912810444831848,0.9599609375,0.0282266234655227,,,
15,0,5,rotate,hard,1.0,False,0.9176267385482788,0.9638671875,0.0282258704643279,0.9176267385482788,0.9638671875,0.0282258704643279,,,
15,0,6,resize,easy,1.119627955526294,False,0.9602346420288086,0.97265625,0.0269917063367669,0.9621586799621582,0.97216796875,0.011383921520027,,,
15,0,7,resize,easy,1.319627955526294,False,0.931458294391632,0.9765625,0.0260451245796548,0.9367988109588624,0.97705078125,0.0097794518670178,,,
15,0,8,resize,medium,1.6472096664472042,True,0.8923882246017456,0.9794921875,0.0246445423238912,0.8922455906867981,0.97998046875,0.0246633969176009,0.8922226428985596,0.97998046875,0.0246309759858999
15,0,9,resize,easy,0.8901860222368531,False,0.9470723867416382,0.9697265625,0.031083861463251,0.9537794589996338,0.9697265625,0.0150043933497547,,,
15,0,10,resize,medium,0.6196279555262939,False,0.8750486373901367,0.9716796875,0.0398848932285464,0.8760936856269836,0.9716796875,0.0221772379667116,,,
15,0,11,resize,hard,0.41962795552629395,True,0.682081937789917,0.9697265625,0.064233331611837,0.6912763118743896,0.970703125,0.0631252618108993,0.6916798949241638,0.970703125,0.0630208243672066
16,0,0,move,easy,1.0,False,0.912294328212738,0.9267578125,0.0470306096950945,0.9390370845794678,0.927734375,0.0123923247875357,,,
16,0,1,move,medium,1.0,False,0.9066280722618104,0.939453125,0.0462408692824348,0.9350885152816772,0.9453125,0.0112804712883335,,,
16,0,2,move,hard,1.0,False,0.9196540117263794,0.9228515625,0.0473023762129595,0.9399428367614746,0.92529296875,0.011700221527989,,,
16,0,3,rotate,easy,1.0,False,0.9310518503189088,0.94873046875,0.0402963275727114,0.9310518503189088,0.94873046875,0.0402963275727114,,,
16,0,4,rotate,medium,1.0,False,0.9152727127075196,0.931640625,0.0403365049111064,0.9152727127075196,0.931640625,0.0403365049111064,,,
16,0,5,rotate,hard,1.0,False,0.8899117112159729,0.9384765625,0.0416160341832365,0.8899117112159729,0.9384765625,0.0416160341832365,,,
16,0,6,resize,easy,1.119627955526294,False,0.9243825674057008,0.93408203125,0.0382367592455108,0.9424169659614564,0.93505859375,0.0135059426324875,,,
16,0,7,resize,medium,1.319627955526294,False,0.8880176544189453,0.93701171875,0.0345762312336861,0.9041297435760498,0.93798828125,0.0115898467944789,,,
16,0,8,resize,easy,0.8901860222368531,False,0.9062772989273072,0.951171875,0.0437872649159023,0.9170410633087158,0.951171875,0.0170969544369554,,,
16,0,9,resize,medium,0.6196279555262939,False,0.8001110553741455,0.95068359375,0.0553938861622259,0.8304206132888794,0.95068359375,0.0270544479995624,,,
16,0,10,resize,hard,0.41962795552629395,True,0.6843180656433105,0.94921875,0.0706551628380432,0.6907627582550049,0.94384765625,0.069121435823581,0.6912769079208374,0.94384765625,0.0690995354492599
17,0,0,rotate,medium,1.0,False,0.9502941370010376,0.93994140625,0.033107667013057,0.9502941370010376,0.93994140625,0.033107667013057,,,
17,0,1,rotate,hard,1.0,False,0.9469277858734132,0.9580078125,0.0330266421570371,0.9469277858734132,0.9580078125,0.0330266421570371,,,
17,0,2,rotate,hard,1.0,False,0.9383561611175536,0.96630859375,0.0334023950673664,0.9383561611175536,0.96630859375,0.0334023950673664,,,
17,0,3,resize,medium,0.8901860222368531,False,0.94960355758667,0.9384765625,0.0358328773277731,0.9637349843978882,0.9384765625,0.0122755552951066,,,
17,0,4,resize,hard,0.6196279555262939,False,0.8578152656555176,0.93408203125,0.0450638822472561,0.8679676651954651,0.93408203125,0.0183725630019925,,,
17,0,5,resize,hard,0.41962795552629395,True,0.7038148045539856,0.9306640625,0.056482164412598,0.7139842510223389,0.93310546875,0.0561445391046357,0.7157107591629028,0.93359375,0.0560302817595631
18,0,0,rotate,medium,1.0,False,0.9610940217971802,0.94921875,0.032882077356644,0.9610940217971802,0.94921875,0.032882077356644,,,
18,0,3,resize,medium,1.2453703703703705,False,0.9606369733810424,0.970703125,0.0285610559774514,0.966018557548523,0.97119140625,0.0060313210154301,,,
19,0,0,move,hard,1.0,False,0.9582901000976562,0.96923828125,0.0622354682351051,0.9709104299545288,0.97119140625,0.0090886889749055,,,
19,0,1,rotate,hard,1.0,False,0.946175217628479,0.951171875,0.0548438431944356,0.946175217628479,0.951171875,0.0548438431944356,,,
19,0,2,rotate,hard,1.0,False,0.915619134902954,0.9462890625,0.0543656386372907,0.915619134902954,0.9462890625,0.0543656386372907,,,
19,0,3,rotate,hard,1.0,False,0.8859460353851318,0.96142578125,0.0558447292650012,0.8859460353851318,0.96142578125,0.0558447292650012,,,
19,0,4,resize,hard,0.8685606700988195,False,0.9366009831428528,0.95068359375,0.0611170712836637,0.949579119682312,0.951171875,0.0159108011178777,,,
19,0,5,resize,hard,0.6628786598023609,False,0.8823338747024536,0.94287109375,0.0767172904523333,0.8988267183303833,0.94287109375,0.0239029181217989,,,
19,0,6,resize,hard,0.4628786598023609,True,0.6876055598258972,0.9453125,0.0981763148964282,0.6749536991119385,0.94140625,0.0970724006461633,0.6751962900161743,0.94140625,0.0970296207194995
20,0,0,rotate,hard,1.0,False,0.9631771445274352,0.953125,0.0432937350387458,0.9631771445274352,0.953125,0.0432937350387458,,,
20,0,1,rotate,hard,1.0,False,0.909984052181244,0.9580078125,0.0434241429851472,0.909984052181244,0.9580078125,0.0434241429851472,,,
20,0,2,rotate,hard,1.0,False,0.8179217576980591,0.95947265625,0.0457432551430772,0.8179217576980591,0.95947265625,0.0457432551430772,,,
20,0,3,resize,hard,0.8685606700988195,False,0.9660214185714722,0.93115234375,0.0468175444925759,0.970508635044098,0.9306640625,0.0074923380311637,,,
20,0,4,resize,hard,0.6628786598023609,False,0.9034388065338136,0.92724609375,0.0612195778221704,0.9178308248519896,0.92724609375,0.0116399312392112,,,
20,0,5,resize,hard,0.4628786598023609,True,0.7671129703521729,0.9208984375,0.085315129411601,0.7700627446174622,0.91845703125,0.0859660644658122,0.7699432373046875,0.9189453125,0.0859613588126041
21,0,0,rotate,hard,1.0,False,0.9614187479019164,0.95654296875,0.0382815538778204,0.9614187479019164,0.95654296875,0.0382815538778204,,,
21,0,1,rotate,hard,1.0,False,0.9296765327453612,0.96484375,0.0403649946808029,0.9296765327453612,0.96484375,0.0403649946808029,,,
21,0,2,rotate,hard,1.0,False,0.8293061852455139,0.96923828125,0.0412224862792056,0.8293061852455139,0.96923828125,0.0412224862792056,,,
21,0,3,resize,hard,0.8685606700988195,False,0.9639857411384584,0.9619140625,0.0451549149251004,0.97001051902771,0.9619140625,0.0113939610513872,,,
21,0,4,resize,hard,0.6628786598023609,False,0.9267210960388184,0.96484375,0.0585029903347744,0.9290307760238647,0.96484375,0.0172866963927059,,,
21,0,5,resize,hard,0.4628786598023609,True,0.8005322217941284,0.95263671875,0.0762318217047167,0.8007388114929199,0.9521484375,0.0759937671510143,0.8010245561599731,0.95166015625,0.0759758151626664
22,0,0,move,medium,1.0,False,0.9821344017982484,0.95068359375,0.0722036570126156,0.9934684038162231,0.94677734375,0.0026862260911693,,,
22,0,1,move,hard,1.0,False,0.963892936706543,0.94677734375,0.0729454986501708,0.9785417318344116,0.951171875,0.003021422193029,,,
22,0,2,rotate,medium,1.0,False,0.9728972315788268,0.95556640625,0.0635987963122688,0.9728972315788268,0.95556640625,0.0635987963122688,,,
22,0,3,rotate,hard,1.0,False,0.9717738628387452,0.943359375,0.0631315883835947,0.9717738628387452,0.943359375,0.0631315883835947,,,
22,0,4,rotate,hard,1.0,False,0.970102310180664,0.939453125,0.0623988116613609,0.970102310180664,0.939453125,0.0623988116613609,,,
22,0,5,resize,medium,1.2209712100495413,False,0.9529534578323364,0.96337890625,0.0527753580443371,0.95791494846344,0.96533203125,0.003769068261633,,,
22,0,6,resize,hard,1.4209712100495413,False,0.9210398197174072,0.97021484375,0.0501030435873495,0.9179163575172424,0.9697265625,0.0034680784218116,,,
22,0,7,resize,medium,0.8395143949752294,False,0.9534088969230652,0.943359375,0.0710439453554918,0.951903998851776,0.943359375,0.0041335267955319,,,
22,0,8,resize,hard,0.7209712100495412,False,0.9187466502189636,0.93994140625,0.0837454261616586,0.9220905900001526,0.93994140625,0.0050277319471867,,,
22,0,9,resize,hard,0.5209712100495412,True,0.7872931957244873,0.92431640625,0.1050553320116676,0.7861468195915222,0.92236328125,0.1056993369983556,0.786293625831604,0.92236328125,0.1057098413400195
23,0,0,rotate,easy,1.0,False,0.968148708343506,0.9384765625,0.0550428371154239,0.968148708343506,0.9384765625,0.0550428371154239,,,
23,0,1,rotate,medium,1.0,False,0.9354669451713562,0.93359375,0.0556560765696519,0.9354669451713562,0.93359375,0.0556560765696519,,,
23,0,2,rotate,hard,1.0,False,0.9614781737327576,0.94140625,0.0566334798620423,0.9614781737327576,0.94140625,0.0566334798620423,,,
23,0,3,resize,easy,0.8395143949752294,False,0.9527806639671326,0.91162109375,0.0615188325669174,0.9525973796844482,0.91162109375,0.0152773505847586,,,
23,0,4,resize,medium,0.7209712100495412,False,0.915912389755249,0.89501953125,0.0710507440738022,0.9143104553222656,0.89501953125,0.0201110352946898,,,
23,0,5,resize,hard,0.5209712100495412,True,0.7847091555595398,0.91650390625,0.0865529384360312,0.7853318452835083,0.9150390625,0.0866052260177306,0.7852951884269714,0.91552734375,0.0866157493046135
23,1,0,resize,easy,0.8479225198418334,False,0.9509027600288392,0.951171875,0.0635454181672669,0.9603374004364014,0.951171875,0.0149105702887215,,,
23,1,1,resize,medium,0.7041549603163332,False,0.8740360736846924,0.9453125,0.07055937268016,0.8897053003311157,0.9453125,0.0188974598557923,,,
23,1,2,resize,hard,0.5041549603163332,True,0.7219042778015137,0.93603515625,0.0807435482195904,0.7267112135887146,0.9384765625,0.0810367357466239,0.7268238663673401,0.93896484375,0.081052941518846
24,0,0,move,easy,1.0,False,0.9625439643859864,0.9541015625,0.0351562638872798,0.9750747084617616,0.9541015625,0.0086529131643904,,,
24,0,1,move,medium,1.0,False,0.9770150184631348,0.9580078125,0.0357038786004257,0.9881210923194884,0.95849609375,0.0084129716158556,,,
24,0,2,rotate,easy,1.0,False,0.9332797527313232,0.95703125,0.0305240482873885,0.9332797527313232,0.95703125,0.0305240482873885,,,
24,0,3,rotate,medium,1.0,False,0.9061630964279176,0.9111328125,0.031923517259631,0.9061630964279176,0.9111328125,0.031923517259631,,,
24,0,4,rotate,hard,1.0,False,0.848376452922821,0.94921875,0.0323432091340811,0.848376452922821,0.94921875,0.0323432091340811,,,
24,0,5,resize,easy,0.8479225198418334,False,0.9610000848770142,0.9326171875,0.0333731262734167,0.97067129611969,0.9326171875,0.0139102797289981,,,
24,0,6,resize,medium,0.7041549603163332,False,0.9410167932510376,0.9404296875,0.0398400110047951,0.945021152496338,0.9404296875,0.0186666987434238,,,
24,0,7,resize,hard,0.5041549603163332,True,0.8312425017356873,0.93896484375,0.0504762984191749,0.8396108150482178,0.9384765625,0.0505002857490673,0.8397711515426636,0.9384765625,0.0504971673961813
25,0,0,move,medium,1.0,False,0.9863057136535645,0.9462890625,0.0261562613029164,0.9865163564682008,0.94677734375,0.0068238721610429,,,
25,0,1,rotate,medium,1.0,False,0.9827046394348145,0.96533203125,0.0251923798798798,0.9827046394348145,0.96533203125,0.0251923798798798,,,
25,0,2,rotate,medium,1.0,False,0.9490320086479188,0.94140625,0.0248096828260341,0.9490320086479188,0.94140625,0.0248096828260341,,,
25,0,3,rotate,hard,1.0,False,0.9412485957145692,0.97265625,0.0235185199858482,0.9412485957145692,0.97265625,0.0235185199858482,,,
25,0,4,resize,easy,1.121475054229935,False,0.9855215549468994,0.96142578125,0.0235345240584343,0.9862879514694214,0.96142578125,0.0086240001821254,,,
25,0,5,resize,easy,0.8479225198418334,False,0.9779820442199708,0.95361328125,0.0265288579536638,0.9793868064880372,0.95361328125,0.0112641989349304,,,
25,0,6,resize,medium,0.7041549603163332,False,0.9458072781562804,0.9560546875,0.0303788380700424,0.9479290843009948,0.9560546875,0.0140163281062447,,,
25,0,7,resize,hard,0.5041549603163332,True,0.8555176854133606,0.953125,0.0435637306587042,0.8609155416488647,0.95458984375,0.0432046916271152,0.8607630729675293,0.955078125,0.0432048885226631
26,0,0,move,medium,1.0,False,0.9683279991149902,0.9609375,0.0999547894858466,0.9793170094490052,0.96044921875,0.0119690721089322,,,
26,0,1,move,hard,1.0,False,0.9678124189376832,0.96630859375,0.10188679184977,0.9787700176239014,0.9677734375,0.012670706047917,,,
26,0,2,rotate,medium,1.0,False,0.9700597524642944,0.97412109375,0.086061064228357,0.9700597524642944,0.97412109375,0.086061064228357,,,
26,0,3,rotate,hard,1.0,False,0.9490090608596802,0.96337890625,0.087056918489879,0.9490090608596802,0.96337890625,0.087056918489879,,,
26,0,4,rotate,hard,1.0,False,0.9276792407035828,0.97021484375,0.0867252620144615,0.9276792407035828,0.97021484375,0.0867252620144615,,,
27,0,0,resize,easy,0.7381275387372213,False,0.9219613075256348,0.96337890625,0.0403558897243107,0.9204563498497008,0.96337890625,0.0262936753648827,,,
27,0,1,resize,hard,0.5381275387372212,True,0.8474311232566833,0.9599609375,0.049073381119482,0.8508497476577759,0.96044921875,0.0491700251865895,0.8511634469032288,0.9609375,0.0491812972479539
27,1,0,move,easy,1.0,False,0.9695301055908204,0.96728515625,0.0496149604081203,0.9677679538726808,0.96728515625,0.0192525290487582,,,
27,1,1,move,easy,1.0,False,0.9232842922210692,0.96337890625,0.0493123939781221,0.9299187660217284,0.96337890625,0.0199728276298096,,,
27,1,2,resize,easy,0.7381275387372213,False,0.8852196931838989,0.97705078125,0.054274047272341,0.8948631882667542,0.97705078125,0.038358792738792,,,
27,1,3,resize,hard,0.5381275387372212,True,0.7928794622421265,0.9755859375,0.0722441434850891,0.8043991327285767,0.9736328125,0.0712924953472593,0.804101824760437,0.9736328125,0.071258381566429
28,0,0,move,medium,1.0,False,0.9845126867294312,0.9853515625,0.0346747537543902,0.9890509843826294,0.98583984375,0.0030744141076269,,,
28,0,1,move,hard,1.0,False,0.978249967098236,0.98681640625,0.0350159704283433,0.9854843616485596,0.986328125,0.0034340772320973,,,
28,0,2,rotate,medium,1.0,False,0.9775656461715698,0.97900390625,0.0282156775719712,0.9775656461715698,0.97900390625,0.0282156775719712,,,
28,0,3,rotate,hard,1.0,False,0.9488523602485656,0.9775390625,0.0283257732162824,0.9488523602485656,0.9775390625,0.0283257732162824,,,
28,0,4,rotate,hard,1.0,False,0.8740976452827454,0.98974609375,0.029456659566419,0.8740976452827454,0.98974609375,0.029456659566419,,,
28,0,5,resize,medium,1.15099224797522,False,0.9793669581413268,0.9873046875,0.0268971311112813,0.9819911122322084,0.98828125,0.003802774250445,,,
28,0,6,resize,medium,1.3509922479752199,False,0.9527618288993835,0.9853515625,0.0247737902575482,0.9565677046775818,0.98583984375,0.0030710957990483,,,
28,0,7,resize,medium,0.8745038760123901,False,0.9734054803848268,0.982421875,0.0302717730792432,0.9749714136123656,0.982421875,0.0047924338346203,,,
28,0,8,resize,hard,0.6509922479752198,False,0.8716725707054138,0.9814453125,0.0338400298063853,0.8928773403167725,0.9814453125,0.0067601397164246,,,
28,0,9,resize,hard,0.4509922479752198,True,0.7333698272705078,0.982421875,0.042042531909841,0.7332630157470703,0.98193359375,0.0416944626954218,0.7332158088684082,0.98193359375,0.0416801136511436
29,0,1,move,medium,1.0,False,0.9780320525169371,0.984375,0.0260924927803157,0.981752336025238,0.984375,0.0032219371272986,,,
30,0,0,move,hard,1.0,False,0.993259072303772,0.9892578125,0.0185636613882926,0.995085597038269,0.98974609375,0.0023400343896431,,,
30,0,1,rotate,hard,1.0,False,0.9894088506698608,0.97021484375,0.0169127923788088,0.9894088506698608,0.97021484375,0.0169127923788088,,,
30,0,2,rotate,hard,1.0,False,0.9802221059799194,0.97998046875,0.017198191322461,0.9802221059799194,0.97998046875,0.017198191322461,,,
30,0,3,rotate,hard,1.0,False,0.9427720308303832,0.96630859375,0.019108838628447,0.9427720308303832,0.96630859375,0.019108838628447,,,
30,0,4,resize,hard,1.1691973969631237,False,0.9861167669296264,0.98046875,0.0157722454786194,0.989371418952942,0.97998046875,0.0026292114811978,,,
30,0,5,resize,hard,0.8101098672058945,False,0.9837663173675536,0.97265625,0.0182656657869754,0.9855923652648926,0.97216796875,0.0034523735603512,,,
30,0,6,resize,hard,0.7797802655882111,False,0.9820011854171752,0.97509765625,0.0183089080865762,0.9831465482711792,0.974609375,0.0035519317994021,,,
30,0,7,resize,hard,0.5797802655882112,True,0.9598374366760254,0.97314453125,0.0220924815086204,0.9597687125205994,0.974609375,0.0221576459567549,0.9598353505134584,0.97509765625,0.0221545193015237
31,0,0,move,medium,1.0,False,0.9780914187431335,0.96044921875,0.0277026028431951,0.9831085801124572,0.9609375,0.0043300791804314,,,
31,0,1,move,hard,1.0,False,0.9769093990325928,0.96728515625,0.0280477212858249,0.9834330081939696,0.96484375,0.004039654860918,,,
31,0,2,rotate,medium,1.0,False,0.9704086184501648,0.97265625,0.0251126044944499,0.9704086184501648,0.97265625,0.0251126044944499,,,
31,0,3,rotate,hard,1.0,False,0.9607529640197754,0.96044921875,0.0253171640195916,0.9607529640197754,0.96044921875,0.0253171640195916,,,
31,0,4,rotate,hard,1.0,False,0.9135184288024902,0.927734375,0.0260450724567502,0.9135184288024902,0.927734375,0.0260450724567502,,,
31,0,5,resize,medium,1.2356481942218422,False,0.969022572040558,0.98876953125,0.0200204688818184,0.9743936061859132,0.9892578125,0.0047473034660117,,,
31,0,6,resize,hard,1.3517587939698492,False,0.9630650281906128,0.986328125,0.0191267375033413,0.9674216508865356,0.986328125,0.0039094889827088,,,
31,0,7,resize,medium,0.8321759028890789,False,0.9656520485877992,0.92138671875,0.0290194885779048,0.9666886925697328,0.92138671875,0.0071876257209956,,,
31,0,8,resize,hard,0.7356481942218422,False,0.9500268697738647,0.931640625,0.0332015950323472,0.9506486654281616,0.931640625,0.008667200052112,,,
31,0,9,resize,hard,0.5356481942218422,True,0.8460042476654053,0.92333984375,0.0411139568475404,0.8470237255096436,0.92431640625,0.0411351714530515,0.8467817306518555,0.92529296875,0.0411345550480487
32,0,0,move,easy,1.0,False,0.9847398996353148,0.98193359375,0.0286809165747134,0.9890280365943908,0.982421875,0.0116957441134127,,,
32,0,1,move,easy,1.0,False,0.9692837595939636,0.98486328125,0.0272089063821235,0.9745891690254213,0.98486328125,0.0107989883247826,,,
32,0,2,rotate,easy,1.0,False,0.9464361667633056,0.97900390625,0.0282104357222625,0.9464361667633056,0.97900390625,0.0282104357222625,,,
32,0,3,rotate,medium,1.0,False,0.922655463218689,0.98291015625,0.0264958353614433,0.922655463218689,0.98291015625,0.0264958353614433,,,
32,0,4,rotate,hard,1.0,False,0.8064587116241455,0.98681640625,0.0332432049901682,0.8064587116241455,0.98681640625,0.0332432049901682,,,
32,0,5,resize,easy,1.2356481942218422,False,0.9615308046340942,0.9833984375,0.0238522486729086,0.9642423391342164,0.98388671875,0.0123195704257397,,,
32,0,6,resize,medium,1.4356481942218422,False,0.948117733001709,0.98681640625,0.0247655125837577,0.9513306021690368,0.98681640625,0.0125143598731234,,,
32,0,7,resize,easy,0.8321759028890789,False,0.949089288711548,0.9833984375,0.0306935236825797,0.9463642835617064,0.9833984375,0.0196048470073777,,,
32,0,8,resize,medium,0.607363197819758,False,0.8837426900863647,0.98583984375,0.0404861346741108,0.8824043273925781,0.98583984375,0.0290313979113756,,,
32,0,9,resize,hard,0.40736319781975805,True,0.7449703216552734,0.98681640625,0.0580728509727477,0.743065595626831,0.98681640625,0.0552190498031571,0.7432820796966553,0.986328125,0.0552153804991782
32,1,0,move,easy,1.0,False,0.9788581132888794,0.99072265625,0.0312147309897667,0.9875991940498352,0.9912109375,0.0092388153934512,,,
32,1,1,move,easy,1.0,False,0.9685993194580078,0.99072265625,0.0317957882814543,0.9707517623901368,0.99072265625,0.0096543018779989,,,
32,1,2,move,hard,1.0,False,0.963422417640686,0.9873046875,0.0351125957234076,0.9643535614013672,0.98681640625,0.0124951600837121,,,
32,1,3,rotate,easy,1.0,False,0.974246859550476,0.9892578125,0.0308520530710664,0.974246859550476,0.9892578125,0.0308520530710664,,,
32,1,4,rotate,easy,1.0,False,0.9630955457687378,0.98974609375,0.0292634644777847,0.9630955457687378,0.98974609375,0.0292634644777847,,,
32,1,5,rotate,medium,1.0,False,0.9278318881988524,0.98779296875,0.029803476037086,0.9278318881988524,0.98779296875,0.029803476037086,,,
32,1,6,resize,easy,1.107363197819758,False,0.969492256641388,0.98095703125,0.0278867466141273,0.971233069896698,0.98095703125,0.0121650069902649,,,
32,1,7,resize,easy,1.307363197819758,False,0.9529314041137696,0.9853515625,0.0229859522621658,0.9543056488037108,0.986328125,0.0085562186681895,,,
32,1,8,resize,medium,1.5522388059701493,True,0.9222663640975952,0.98974609375,0.0223618711475129,0.9224175214767456,0.98974609375,0.0221631437317127,0.9222946763038636,0.9892578125,0.0221591493087066
32,1,9,resize,easy,0.8963184010901211,False,0.9614507555961608,0.98828125,0.0311428956282708,0.9641717672348022,0.98828125,0.0143653933458719,,,
32,1,10,resize,medium,0.607363197819758,False,0.890214204788208,0.98779296875,0.0455136448322786,0.8951756954193115,0.98779296875,0.0275100248856239,,,
32,1,11,resize,hard,0.40736319781975805,True,0.7756059765815735,0.9873046875,0.0620312789862962,0.7602483034133911,0.98779296875,0.0625907733174169,0.7617955207824707,0.9873046875,0.0623963886939665
33,0,0,move,easy,1.0,False,0.9812821745872498,0.974609375,0.0458858761675813,0.985809564590454,0.97412109375,0.013436014723112,,,
33,0,1,rotate,easy,1.0,False,0.9610605239868164,0.96923828125,0.0394857651946987,0.9610605239868164,0.96923828125,0.0394857651946987,,,
33,0,2,rotate,medium,1.0,False,0.9567580223083496,0.966796875,0.0402174854065929,0.9567580223083496,0.966796875,0.0402174854065929,,,
33,0,3,rotate,hard,1.0,False,0.9152405261993408,0.974609375,0.0418460547705133,0.9152405261993408,0.974609375,0.0418460547705133,,,
33,0,4,resize,easy,1.1537233128826982,False,0.9571312665939332,0.97412109375,0.0372604463209971,0.9601658582687378,0.974609375,0.0158299066107018,,,
33,0,5,resize,medium,1.3537233128826982,False,0.9402461051940918,0.9814453125,0.0311002718248186,0.9436676502227784,0.9814453125,0.0105837204031824,,,
33,0,6,resize,easy,0.8731383435586509,False,0.9584575295448304,0.9658203125,0.0433286013974004,0.9613584280014038,0.9658203125,0.0195533027650685,,,
33,0,7,resize,medium,0.6537233128826981,False,0.9243457317352296,0.970703125,0.0526276293708896,0.9254540205001832,0.970703125,0.0274094050861194,,,
33,0,8,resize,hard,0.4537233128826981,True,0.8364200592041016,0.97314453125,0.0631211661793271,0.8402774333953857,0.97802734375,0.0619972561749483,0.8401210904121399,0.97802734375,0.0619928083869943
34,0,0,move,easy,1.0,False,0.9688351154327391,0.97314453125,0.0265212361333038,0.9716840982437134,0.9736328125,0.0063614874662231,,,
34,0,1,move,medium,1.0,False,0.9774503707885742,0.96728515625,0.025559983455621,0.9792508482933044,0.96728515625,0.0058233525252718,,,
34,0,2,resize,easy,0.8594980318836467,False,0.9458436965942384,0.8935546875,0.0281774136739442,0.9391143321990968,0.8935546875,0.0094346720182122,,,
34,0,3,resize,medium,0.6810039362327067,False,0.8841969966888428,0.94287109375,0.0400439687173388,0.8601378202438354,0.9423828125,0.0150422903871607,,,
34,0,4,resize,hard,0.48100393623270676,True,0.7325546741485596,0.9345703125,0.0615273836609828,0.7370303273200989,0.935546875,0.0608597285067873,0.7372438907623291,0.935546875,0.0608195356949095
34,1,0,move,easy,1.0,False,0.9813295006752014,0.9873046875,0.0306860071648449,0.9832775592803956,0.9873046875,0.0147602934174578,,,
34,1,1,resize,easy,0.8531561911995197,False,0.9750595092773438,0.98095703125,0.0376501914913106,0.975327968597412,0.98095703125,0.0299455069642421,,,
34,1,2,resize,easy,0.6936876176009608,False,0.9286091327667236,0.9794921875,0.0381424148606811,0.9284658432006836,0.9794921875,0.0379645947447805,,,
34,1,3,resize,hard,0.4936876176009607,True,0.8742052316665649,0.9814453125,0.0466820625473298,0.8740724921226501,0.984375,0.0468289284008102,0.8740727305412292,0.98388671875,0.0468230871452741
35,0,0,move,easy,1.0,False,0.9655758142471312,0.92626953125,0.0382270252806932,0.9745938777923584,0.9248046875,0.0051816801201247,,,
35,0,1,move,medium,1.0,False,0.9491548538208008,0.8837890625,0.0376344124961166,0.954224705696106,0.88330078125,0.0048244356367887,,,
35,0,2,rotate,medium,1.0,False,0.9513577818870544,0.9287109375,0.0336191774690946,0.9513577818870544,0.9287109375,0.0336191774690946,,,
35,0,3,rotate,medium,1.0,False,0.9317519664764404,0.95166015625,0.0340297446850161,0.9317519664764404,0.95166015625,0.0340297446850161,,,
35,0,4,rotate,hard,1.0,False,0.95231831073761,0.9658203125,0.0346515940582532,0.95231831073761,0.9658203125,0.0346515940582532,,,
35,0,5,resize,medium,1.1936876176009608,False,0.9196491241455078,0.9453125,0.0296086680933554,0.9260431528091432,0.94287109375,0.006155312505464,,,
35,0,6,resize,medium,0.8531561911995197,False,0.9205715656280518,0.95361328125,0.0368845572198077,0.92100191116333,0.95361328125,0.0079250005540471,,,
35,0,7,resize,medium,0.6936876176009608,False,0.8438408970832825,0.9345703125,0.0433050984591669,0.8447822332382202,0.93505859375,0.0099456779371081,,,
35,0,8,resize,hard,0.4936876176009607,True,0.6231556534767151,0.90673828125,0.0589074508721064,0.6199913024902344,0.90771484375,0.0589193623051871,0.6201095581054688,0.908203125,0.0588952687246374
35,1,0,move,easy,1.0,False,0.9823927879333496,0.9921875,0.0175854224334046,0.982126772403717,0.99169921875,0.0052205399845846,,,
35,1,1,move,easy,1.0,False,0.97528076171875,0.99267578125,0.0182412585279237,0.9744354486465454,0.99267578125,0.004401336326745,,,
35,1,2,move,hard,1.0,False,0.9739615321159364,0.994140625,0.0179218699609138,0.9742597937583924,0.994140625,0.0050423547840422,,,
35,1,3,rotate,easy,1.0,False,0.9754674434661864,0.994140625,0.0177971509269167,0.9754674434661864,0.994140625,0.0177971509269167,,,
35,1,4,rotate,easy,1.0,False,0.9746161103248596,0.99462890625,0.0178206621567134,0.9746161103248596,0.99462890625,0.0178206621567134,,,
35,1,5,rotate,hard,1.0,False,0.9670690894126892,0.9931640625,0.0228344959928601,0.9670690894126892,0.9931640625,0.0228344959928601,,,
35,1,6,resize,easy,1.2541780973446148,False,0.9507569670677184,0.99462890625,0.0176018649100641,0.9516843557357788,0.99462890625,0.0064591377948606,,,
35,1,7,resize,easy,1.4541780973446148,False,0.9329044818878174,0.99560546875,0.0175730819711251,0.9317216873168944,0.99560546875,0.0063763863294547,,,
35,1,8,resize,easy,0.8229109513276927,False,0.9613868594169616,0.994140625,0.0185891368041469,0.9599148035049438,0.994140625,0.0090167561277384,,,
35,1,9,resize,easy,0.7541780973446148,False,0.954124927520752,0.99462890625,0.0199579247684389,0.9537767767906188,0.99462890625,0.0105757370527052,,,
35,1,10,resize,medium,0.5541780973446149,True,0.824406087398529,0.99462890625,0.0264613612535716,0.8258877992630005,0.9951171875,0.0273901431500307,0.8258817791938782,0.99462890625,0.0272311551572744
36,0,0,move,easy,1.0,False,0.9733282923698424,0.984375,0.0234323357753002,0.971198320388794,0.98486328125,0.0097099666476173,,,
36,0,1,move,easy,1.0,False,0.9656680226325988,0.98583984375,0.0255313618943378,0.9653522968292236,0.98583984375,0.0112659806773579,,,
36,0,2,move,hard,1.0,False,0.9704196453094482,0.98388671875,0.0253197211702069,0.9737629294395448,0.98388671875,0.0098581635848806,,,
36,0,3,resize,easy,0.8229109513276927,False,0.8970176577568054,0.97265625,0.032007399455265,0.8912409543991089,0.97265625,0.0214034157489669,,,
36,0,4,resize,easy,0.7541780973446148,False,0.9133172035217284,0.96728515625,0.0285532003442959,0.9111759662628174,0.96728515625,0.0178923223896408,,,
36,0,5,resize,hard,0.5541780973446149,True,0.8522149324417114,0.97705078125,0.0438805828618389,0.8521569967269897,0.97802734375,0.0438363308784018,0.852196216583252,0.9775390625,0.0438293067540467
36,2,0,move,easy,1.0,False,0.9279460310935974,0.95849609375,0.0953678081368181,0.9371869564056396,0.9541015625,0.0162741847103396,,,
36,2,1,move,easy,1.0,False,0.8871170282363892,0.89892578125,0.0954025892332922,0.907011091709137,0.896484375,0.0163246329673876,,,
36,2,2,rotate,easy,1.0,False,0.8869133591651917,0.984375,0.0824607191538372,0.8869133591651917,0.984375,0.0824607191538372,,,
36,2,3,rotate,medium,1.0,False,0.8756308555603027,0.95556640625,0.0819034503396052,0.8756308555603027,0.95556640625,0.0819034503396052,,,
36,2,4,rotate,hard,1.0,False,0.7871687412261963,0.94287109375,0.0842155628364422,0.7871687412261963,0.94287109375,0.0842155628364422,,,
36,2,5,resize,easy,1.2453898871652243,False,0.914676308631897,0.982421875,0.0697062608827314,0.9185984134674072,0.982421875,0.0203300779771368,,,
36,2,6,resize,medium,1.4453898871652244,False,0.9107744693756104,0.98291015625,0.0617565924602765,0.913779616355896,0.98291015625,0.0152093741259311,,,
36,2,7,resize,easy,0.8273050564173878,False,0.8735137581825256,0.92724609375,0.093656568988205,0.864143431186676,0.92724609375,0.0378812397571609,,,
36,2,8,resize,easy,0.7453898871652244,False,0.8491696715354919,0.931640625,0.0973786610481559,0.8759646415710449,0.931640625,0.0429667030126381,,,
36,2,9,resize,medium,0.5453898871652243,True,0.784698486328125,0.93603515625,0.1178658463452598,0.7861331701278687,0.92626953125,0.117834478013831,0.7864063382148743,0.92578125,0.117831051221322
36,3,0,move,easy,1.0,False,0.8926098346710205,0.9951171875,0.0746001052477525,0.9070337414741516,0.9951171875,0.0582007616449787,,,
36,3,1,move,medium,1.0,False,0.8599917888641357,0.99365234375,0.0865036883420987,0.8734105825424194,0.99365234375,0.0690761551563614,,,
36,3,2,rotate,easy,1.0,False,0.8623935580253601,0.994140625,0.0891134940411195,0.8623935580253601,0.994140625,0.0891134940411195,,,
36,3,3,resize,easy,1.265054685254529,False,0.8788673877716064,0.9951171875,0.072710087904703,0.8790493011474609,0.99560546875,0.0707217724016085,,,
36,3,4,resize,easy,1.465054685254529,False,0.8672105073928833,0.9951171875,0.0653030693202859,0.8733288645744324,0.9951171875,0.0616877144854189,,,
36,3,5,resize,easy,0.8174726573727356,False,0.924926459789276,0.9951171875,0.0970105466428995,0.924926459789276,0.9951171875,0.0970105466428995,,,
36,3,6,resize,easy,0.765054685254529,False,0.8923503160476685,0.99462890625,0.1060724700726633,0.8923503160476685,0.99462890625,0.1060724700726633,,,
36,3,7,resize,medium,0.5650546852545291,True,0.8029913902282715,0.994140625,0.12743046396436,0.8022811412811279,0.99365234375,0.1271022011196107,0.8026454448699951,0.99365234375,0.1271139247926375
36,4,0,move,easy,1.0,False,0.966604709625244,0.99462890625,0.0820334179288643,0.9694750905036926,0.9951171875,0.0576305707773628,,,
36,4,1,move,easy,1.0,False,0.9666678309440612,0.99365234375,0.0750987396882358,0.9671919345855712,0.99365234375,0.0507977304689394,,,
36,4,2,rotate,easy,1.0,False,0.9157834053039552,0.9951171875,0.0774686341890708,0.9157834053039552,0.9951171875,0.0774686341890708,,,
36,4,3,rotate,easy,1.0,False,0.8989040851593018,0.99462890625,0.0790316675819147,0.8989040851593018,0.99462890625,0.0790316675819147,,,
36,4,4,resize,easy,1.265054685254529,False,0.8343967795372009,0.99560546875,0.0624596361066949,0.8502795696258545,0.99560546875,0.0567224871930754,,,
36,4,5,resize,easy,1.465054685254529,False,0.7660144567489624,0.99560546875,0.056915981679672,0.7631497979164124,0.9951171875,0.0510044064844471,,,
36,4,6,resize,easy,0.8174726573727356,False,0.9164279699325562,0.99462890625,0.0827495223730517,0.9164279699325562,0.99462890625,0.0827495223730517,,,
36,4,7,resize,easy,0.765054685254529,False,0.9125292897224426,0.99462890625,0.0903470154990007,0.9125292897224426,0.99462890625,0.0903470154990007,,,
36,4,8,resize,medium,0.5650546852545291,True,0.6857919096946716,0.994140625,0.1129990878126751,0.6875337958335876,0.994140625,0.1128049341802448,0.6874939203262329,0.994140625,0.1128367352062463
37,0,0,move,medium,1.0,False,0.9905394911766052,0.96826171875,0.0458206143051834,0.9963186383247375,0.9677734375,0.004768867138819,,,
37,0,1,move,medium,1.0,False,0.9841113090515136,0.98583984375,0.0463330538254173,0.98933207988739,0.9853515625,0.0049507349573485,,,
37,0,2,rotate,medium,1.0,False,0.9826083779335022,0.97216796875,0.0399986786919117,0.9826083779335022,0.97216796875,0.0399986786919117,,,
37,0,3,rotate,hard,1.0,False,0.977402687072754,0.9833984375,0.0403838012836289,0.977402687072754,0.9833984375,0.0403838012836289,,,
37,0,5,resize,medium,1.1605403821028297,False,0.9801862239837646,0.97900390625,0.0347931593232511,0.9814965724945068,0.97802734375,0.0058212530406701,,,
37,0,6,resize,medium,1.3014492753623188,False,0.9721423387527466,0.97998046875,0.0322077257120064,0.971064031124115,0.98046875,0.0051159779412696,,,
38,0,0,move,easy,1.0,False,0.9503139853477478,0.98291015625,0.0671454414385005,0.9691271781921388,0.98486328125,0.0104021500059606,,,
38,0,1,move,easy,1.0,False,0.9308195114135742,0.99365234375,0.0666151407721043,0.9552037715911864,0.9931640625,0.0107066115030226,,,
38,0,2,move,hard,1.0,False,0.9157253503799438,0.98974609375,0.065193058085845,0.9303966760635376,0.98974609375,0.0103991096581448,,,
38,0,3,rotate,easy,1.0,False,0.9278157949447632,0.9873046875,0.0547630625644503,0.9278157949447632,0.9873046875,0.0547630625644503,,,
38,0,4,rotate,medium,1.0,False,0.919201135635376,0.98828125,0.0554424990187545,0.919201135635376,0.98828125,0.0554424990187545,,,
38,0,5,rotate,hard,1.0,False,0.8831028342247009,0.98486328125,0.0552196893557727,0.8831028342247009,0.98486328125,0.0552196893557727,,,
38,0,6,resize,easy,1.1605403821028297,False,0.9294352531433104,0.98974609375,0.0484608534047253,0.9337968826293944,0.98974609375,0.0121514125710719,,,
38,0,7,resize,easy,1.3605403821028297,False,0.8727900981903076,0.986328125,0.0431338471648317,0.8998801708221436,0.9873046875,0.009685802031656,,,
38,0,8,resize,hard,1.9540528657712217,True,0.8278802633285522,0.98583984375,0.0295835923445959,0.8288202285766602,0.984375,0.0295663263013373,0.8286840915679932,0.984375,0.0295601751703578
38,0,9,resize,easy,0.8697298089485852,False,0.9116193056106568,0.98388671875,0.0618591875212451,0.9170032739639282,0.98388671875,0.0207680143232053,,,
38,0,10,resize,medium,0.6605403821028295,False,0.8312293291091919,0.986328125,0.0689873777836511,0.8488459587097168,0.986328125,0.0265562719830357,,,
38,0,11,resize,hard,0.46054038210282955,True,0.7600326538085938,0.986328125,0.0838397062585586,0.7561594843864441,0.986328125,0.0838760728133668,0.7560857534408569,0.986328125,0.0838718091483203
38,1,0,move,easy,1.0,False,0.980669379234314,0.99072265625,0.0571256102401076,0.992806911468506,0.99169921875,0.0130600669822221,,,
38,1,1,move,medium,1.0,False,0.95139741897583,0.99267578125,0.0560075780237311,0.9606965184211732,0.99267578125,0.0117334729285073,,,
38,1,2,rotate,easy,1.0,False,0.9568992257118224,0.99462890625,0.0466867957306407,0.9568992257118224,0.99462890625,0.0466867957306407,,,
38,1,3,rotate,medium,1.0,False,0.9172811508178712,0.99365234375,0.0481416925888792,0.9172811508178712,0.99365234375,0.0481416925888792,,,
38,1,4,rotate,hard,1.0,False,0.8762858510017395,0.9921875,0.0465370535926182,0.8762858510017395,0.9921875,0.0465370535926182,,,
38,1,5,resize,easy,1.16704899053063,False,0.9422931671142578,0.982421875,0.0439928645136724,0.9628204107284546,0.9814453125,0.014142292095287,,,
38,1,6,resize,easy,1.36704899053063,False,0.9487032890319824,0.98779296875,0.0400876311920462,0.9598672389984132,0.98681640625,0.0114710249355867,,,
38,1,7,resize,hard,2.002867428979724,True,0.9029749631881714,0.986328125,0.0317629846635895,0.902671992778778,0.986328125,0.0317848072586254,0.9027827978134156,0.98681640625,0.0317785722314723
38,1,8,resize,easy,0.866475504734685,False,0.9555168151855468,0.99560546875,0.0512991013844908,0.965885043144226,0.99560546875,0.019233476967302,,,
38,1,9,resize,medium,0.6670489905306299,False,0.8957773447036743,0.99267578125,0.0633077039940196,0.9031609296798706,0.99267578125,0.0310892167557633,,,
38,1,10,resize,hard,0.46704899053062987,True,0.6871829032897949,0.994140625,0.0713635539803048,0.6855282783508301,0.99462890625,0.0722113699981875,0.6861475706100464,0.994140625,0.07215475942745
39,0,0,move,easy,1.0,False,0.9674127101898192,0.9658203125,0.0877977412422042,0.9791244864463806,0.96484375,0.0114844218772774,,,
39,0,1,move,medium,1.0,False,0.9314172863960266,0.97216796875,0.0878626637159781,0.94747793674469,0.96630859375,0.0125030845371205,,,
39,0,2,rotate,easy,1.0,False,0.9483168125152588,0.97705078125,0.0746447985338208,0.9483168125152588,0.97705078125,0.0746447985338208,,,
39,0,3,rotate,medium,1.0,False,0.8664680123329163,0.9755859375,0.0763501093336221,0.8664680123329163,0.9755859375,0.0763501093336221,,,
39,0,4,rotate,hard,1.0,False,0.757684588432312,0.98095703125,0.0803161653819553,0.757684588432312,0.98095703125,0.0803161653819553,,,
39,0,5,resize,easy,1.1373077706900088,False,0.9502387046813964,0.9765625,0.0712285859662936,0.9471356868743896,0.97998046875,0.0150062016581531,,,
39,0,6,resize,medium,1.3373077706900087,False,0.926708459854126,0.97216796875,0.0605759379212836,0.9309113621711732,0.97216796875,0.0117557477248398,,,
39,0,7,resize,easy,0.8813461146549957,False,0.9352271556854248,0.97802734375,0.0836448130120385,0.9456660151481628,0.97802734375,0.0197489680326189,,,
39,0,8,resize,hard,0.6373077706900088,False,0.8170006275177002,0.96533203125,0.1031582945087142,0.8153336048126221,0.96533203125,0.0303990400316722,,,
39,0,9,resize,hard,0.4373077706900088,True,0.7188209891319275,0.96533203125,0.1353043204360493,0.7179971933364868,0.9677734375,0.1346249105544086,0.718308687210083,0.9677734375,0.1346586003006056
40,0,1,move,hard,1.0,False,0.986114501953125,0.9892578125,0.0303794721566712,0.9884209632873536,0.98876953125,0.0029073133579794,,,
41,0,4,rotate,hard,1.0,False,0.8995066285133362,0.9755859375,0.0537978137344535,0.8995066285133362,0.9755859375,0.0537978137344535,,,
41,0,5,resize,medium,1.1419354838709677,False,0.980506420135498,0.986328125,0.0475064754168916,0.9854791164398192,0.98681640625,0.0082856336656314,,,
42,0,2,rotate,hard,1.0,False,0.9591268301010132,0.97265625,0.0229184820146784,0.9591268301010132,0.97265625,0.0229184820146784,,,
42,0,3,rotate,hard,1.0,False,0.9551893472671508,0.96240234375,0.0230163297265171,0.9551893472671508,0.96240234375,0.0230163297265171,,,
42,0,5,resize,hard,1.2299845753634755,False,0.9589560031890868,0.98486328125,0.0200048393722016,0.9588955640792848,0.9853515625,0.0040354070363317,,,
42,0,6,resize,hard,1.359447004608295,False,0.9465630650520324,0.98583984375,0.019133080927016,0.9412086009979248,0.98583984375,0.0036066075654079,,,
43,0,0,move,easy,1.0,False,0.9467988014221193,0.98193359375,0.0605745932848736,0.9546903371810912,0.982421875,0.0109772119301164,,,
43,0,1,move,medium,1.0,False,0.9124241471290588,0.984375,0.0600672598565213,0.9296168684959412,0.984375,0.0094183190756399,,,
43,0,2,move,medium,1.0,False,0.9497551918029784,0.97119140625,0.0626835296250726,0.9538874626159668,0.97509765625,0.0110324780656464,,,
43,0,3,rotate,easy,1.0,False,0.937207281589508,0.97509765625,0.0539456793140491,0.937207281589508,0.97509765625,0.0539456793140491,,,
43,0,4,rotate,medium,1.0,False,0.936054229736328,0.9794921875,0.0516395147717073,0.936054229736328,0.9794921875,0.0516395147717073,,,
43,0,5,rotate,hard,1.0,False,0.8495477437973022,0.9716796875,0.0514419842203305,0.8495477437973022,0.9716796875,0.0514419842203305,,,
43,0,6,resize,easy,1.2299845753634755,False,0.9430944919586182,0.990234375,0.0458277762894982,0.9483888149261476,0.990234375,0.0124428172587938,,,
43,0,7,resize,medium,1.4299845753634755,False,0.9280534982681274,0.974609375,0.0417100522050103,0.9247182011604308,0.97509765625,0.0102132902823512,,,
43,0,8,resize,hard,2.474884315226066,True,0.8258980512619019,0.99072265625,0.0289332120819526,0.8256386518478394,0.99072265625,0.0289206135652058,0.8255933523178101,0.990234375,0.0289090697693732
43,0,9,resize,easy,0.8350077123182623,False,0.9322078227996826,0.97509765625,0.059906347489575,0.940419375896454,0.97509765625,0.0198545822835457,,,
43,0,10,resize,medium,0.7299845753634755,False,0.8812333345413208,0.97412109375,0.065060698734214,0.8708804249763489,0.97412109375,0.0231700050856863,,,
43,0,11,resize,hard,0.5299845753634755,True,0.7423067092895508,0.9755859375,0.0797418473562264,0.7237802147865295,0.97607421875,0.0811735311408514,0.7238453030586243,0.9755859375,0.081160217173289
44,0,1,rotate,medium,1.0,False,0.9472754001617432,0.9189453125,0.0240876917543207,0.9472754001617432,0.9189453125,0.0240876917543207,,,
44,0,2,rotate,hard,1.0,False,0.9323883056640624,0.9580078125,0.0252083905834936,0.9323883056640624,0.9580078125,0.0252083905834936,,,
44,0,3,rotate,hard,1.0,False,0.9224909543991088,0.93603515625,0.0270124471660899,0.9224909543991088,0.93603515625,0.0270124471660899,,,
45,0,0,move,easy,1.0,False,0.9097641706466676,0.95361328125,0.0919089474870407,0.9147355556488036,0.95458984375,0.0398420390206727,,,
45,0,1,move,easy,1.0,False,0.9534000158309937,0.943359375,0.088682756140254,0.9619523286819458,0.943359375,0.0386728130149309,,,
45,0,2,rotate,easy,1.0,False,0.91522479057312,0.94287109375,0.0832735345447079,0.91522479057312,0.94287109375,0.0832735345447079,,,
45,0,3,rotate,medium,1.0,False,0.8881007432937622,0.953125,0.0823994737710989,0.8881007432937622,0.953125,0.0823994737710989,,,
45,0,4,resize,easy,0.6904168637058714,False,0.883624792098999,0.95166015625,0.1171292678145083,0.887945830821991,0.9521484375,0.0947426845458541,,,
45,0,5,resize,hard,0.49041686370587134,True,0.7512874007225037,0.94580078125,0.1452377550210367,0.7535666227340698,0.94482421875,0.1445568168787983,0.7535766959190369,0.9453125,0.1445243576512926
46,0,0,move,easy,1.0,False,0.951832115650177,0.97607421875,0.0494790118474449,0.9555654525756836,0.97607421875,0.0151850670554821,,,
46,0,1,move,easy,1.0,False,0.9599301218986512,0.9716796875,0.0502146223839393,0.9626500606536864,0.97216796875,0.0154816690425201,,,
46,0,2,resize,easy,1.253724471256745,False,0.9229695796966552,0.96826171875,0.0400632872581794,0.9260171055793762,0.96728515625,0.0168044269363088,,,
46,0,3,resize,medium,1.453724471256745,False,0.8929718136787415,0.9765625,0.0385574933920865,0.8900954723358154,0.97607421875,0.0150842855166127,,,
46,0,4,resize,hard,1.8783783783783783,True,0.835347056388855,0.9765625,0.0312639404558368,0.8335630297660828,0.97607421875,0.0317607527455104,0.8335702419281006,0.97607421875,0.0317609107445848
47,0,0,move,medium,1.0,False,0.9648873209953308,0.97998046875,0.0549354379748194,0.9792916774749756,0.97998046875,0.0057608054738364,,,
48,0,0,move,hard,1.0,False,0.9808667302131652,0.97265625,0.0309290669785766,0.9843820929527284,0.97265625,0.0026053152513231,,,
49,0,0,move,medium,1.0,False,0.9790529012680054,0.98486328125,0.0696720437715727,0.9873231649398804,0.986328125,0.0115533284973931,,,
49,0,1,move,medium,1.0,False,0.9815323948860168,0.982421875,0.069264814523866,0.9923539161682128,0.984375,0.011193177238693,,,
49,0,2,rotate,medium,1.0,False,0.979788899421692,0.9873046875,0.0539712091480056,0.979788899421692,0.9873046875,0.0539712091480056,,,
49,0,3,rotate,medium,1.0,False,0.9746336936950684,0.98974609375,0.0550485410031887,0.9746336936950684,0.98974609375,0.0550485410031887,,,
49,0,4,rotate,hard,1.0,False,0.9649525284767152,0.97802734375,0.0552977034908309,0.9649525284767152,0.97802734375,0.0552977034908309,,,
49,0,5,resize,medium,1.1458312474723888,False,0.9761390686035156,0.98046875,0.0503742452433823,0.9831665754318236,0.98193359375,0.0131568870102168,,,
49,0,6,resize,medium,0.8770843762638056,False,0.9741169810295104,0.984375,0.0578587708662854,0.9813082814216614,0.984375,0.018629761931052,,,
49,0,7,resize,hard,0.6458312474723886,False,0.95275616645813,0.98388671875,0.0651154428640363,0.9598581790924072,0.98388671875,0.0266163983715603,,,
49,0,8,resize,hard,0.44583124747238867,True,0.8806314468383789,0.98828125,0.0726386938940218,0.880895733833313,0.98974609375,0.0722378685169461,0.8811264038085938,0.98974609375,0.0722317034097713
50,0,0,move,hard,1.0,False,0.9632971286773682,0.9580078125,0.0438908729351951,0.9785008430480956,0.94970703125,0.0036140056368733,,,
50,0,1,move,hard,1.0,False,0.9606646299362184,0.9775390625,0.0438713906032349,0.9811777472496032,0.978515625,0.0033676224579716,,,
51,0,0,move,easy,1.0,False,0.9215089082717896,0.9697265625,0.0548053005440684,0.93976092338562,0.97119140625,0.0110513994951234,,,
51,0,1,move,medium,1.0,False,0.9380362629890442,0.939453125,0.0568435120195194,0.952428698539734,0.93994140625,0.0124648163323475,,,
51,0,2,move,hard,1.0,False,0.912029266357422,0.94775390625,0.0535460782334334,0.9359691739082336,0.947265625,0.0111583195765687,,,
51,0,4,rotate,medium,1.0,False,0.7905648946762085,0.9658203125,0.0488596614714261,0.7905648946762085,0.9658203125,0.0488596614714261,,,
51,0,5,rotate,hard,1.0,False,0.6814889907836914,0.955078125,0.0493441752737898,0.6814889907836914,0.955078125,0.0493441752737898,,,
51,0,6,resize,easy,1.1458312474723888,False,0.8904447555541992,0.978515625,0.0418918869236645,0.8942904472351074,0.978515625,0.0133954546727176,,,
51,0,7,resize,medium,1.3458312474723888,False,0.8411659598350525,0.97998046875,0.039682036998264,0.8533629179000854,0.98095703125,0.0125122558518002,,,
51,0,9,resize,medium,0.6458312474723886,False,0.8209642171859741,0.92919921875,0.0624709238947158,0.8187989592552185,0.92822265625,0.0308997241005033,,,
51,0,10,resize,hard,0.44583124747238867,True,0.7222108244895935,0.93212890625,0.0706088716534016,0.7199069261550903,0.94580078125,0.0692726261170461,0.7199385166168213,0.9462890625,0.0692744421166631
52,0,0,move,hard,1.0,False,0.9837232232093812,0.93798828125,0.0832246513178011,0.9928291440010072,0.935546875,0.004437796332549,,,
53,0,0,move,medium,1.0,False,0.9790557026863098,0.96728515625,0.1112236783653244,0.9916771650314332,0.966796875,0.0177790551366908,,,
53,0,1,move,hard,1.0,False,0.9660589694976808,0.9638671875,0.110881226000715,0.9706929326057434,0.96435546875,0.0177018748651757,,,
53,0,2,move,hard,1.0,False,0.9709458351135254,0.96142578125,0.1120694671117947,0.9790256023406982,0.9599609375,0.0190107987525302,,,
53,0,3,rotate,medium,1.0,False,0.964226484298706,0.96533203125,0.0939421630214934,0.964226484298706,0.96533203125,0.0939421630214934,,,
53,0,4,rotate,hard,1.0,False,0.9486786723136902,0.95849609375,0.0927369935192998,0.9486786723136902,0.95849609375,0.0927369935192998,,,
53,0,5,rotate,hard,1.0,False,0.9020317792892456,0.9453125,0.0955142132784149,0.9020317792892456,0.9453125,0.0955142132784149,,,
53,0,6,resize,medium,1.1603563474387528,False,0.942057490348816,0.970703125,0.0784175773760988,0.952884316444397,0.96923828125,0.0208253070509066,,,
53,0,7,resize,medium,0.8141501395569302,False,0.9519561529159546,0.9501953125,0.1122097516742928,0.9519317150115968,0.94970703125,0.0332886144835563,,,
53,0,8,resize,hard,0.7716997208861397,False,0.9311286211013794,0.951171875,0.116756417566205,0.9251796007156372,0.951171875,0.0363178873652303,,,
53,0,9,resize,hard,0.5716997208861396,True,0.7905385494232178,0.94091796875,0.1433652356250308,0.8048374652862549,0.94091796875,0.1442853199504591,0.8050802946090698,0.9404296875,0.1442836782828719
54,0,0,move,medium,1.0,False,0.9924026727676392,0.97607421875,0.0296862284044446,0.9966952800750732,0.9755859375,0.0078848509760552,,,
54,0,1,move,hard,1.0,False,0.9720724821090698,0.98193359375,0.030344659450015,0.9714120626449584,0.98193359375,0.0078724148420675,,,
54,0,2,rotate,medium,1.0,False,0.9783564805984496,0.986328125,0.0266656680288496,0.9783564805984496,0.986328125,0.0266656680288496,,,
54,0,3,rotate,hard,1.0,False,0.9661943316459656,0.99267578125,0.0265342648119187,0.9661943316459656,0.99267578125,0.0265342648119187,,,
54,0,4,rotate,hard,1.0,False,0.936587691307068,0.9921875,0.0274804429936178,0.936587691307068,0.9921875,0.0274804429936178,,,
54,0,5,resize,medium,0.8859661329178835,False,0.9663224816322328,0.98388671875,0.0297956692281492,0.963429629802704,0.9833984375,0.0130686557977176,,,
54,0,6,resize,hard,0.628067734164233,False,0.8898166418075562,0.97998046875,0.0409321897375684,0.8849721550941467,0.98046875,0.020981864396816,,,
54,0,7,resize,hard,0.42806773416423305,True,0.7076890468597412,0.9775390625,0.0575395130126544,0.7107791304588318,0.9794921875,0.0582338850410257,0.7108122110366821,0.97900390625,0.0582465928938434
55,0,0,move,hard,1.0,False,0.9900095462799072,0.98095703125,0.013585881615678,0.9967626333236694,0.98095703125,0.0012498987643496,,,
55,0,1,rotate,hard,1.0,False,0.990298867225647,0.95361328125,0.0145712587668413,0.990298867225647,0.95361328125,0.0145712587668413,,,
55,0,2,rotate,hard,1.0,False,0.9845112562179564,0.9541015625,0.014477651200219,0.9845112562179564,0.9541015625,0.014477651200219,,,
55,0,3,rotate,hard,1.0,False,0.9749069213867188,0.96728515625,0.0142327846562027,0.9749069213867188,0.96728515625,0.0142327846562027,,,
55,0,4,resize,hard,1.1088435374149659,False,0.9889307022094728,0.994140625,0.0128409731355959,0.9893538355827332,0.9931640625,0.0018039474047337,,,
55,0,5,resize,hard,0.8859661329178835,False,0.9824048280715942,0.96533203125,0.0156430488451633,0.9881498217582704,0.96533203125,0.0027338636943855,,,
55,0,6,resize,hard,0.628067734164233,False,0.9500448703765868,0.96435546875,0.0188305760931213,0.9515210390090942,0.96435546875,0.0043405360452719,,,
55,0,7,resize,hard,0.42806773416423305,True,0.8365397453308105,0.9638671875,0.0225988873619934,0.8327442407608032,0.96484375,0.0226545795955722,0.8330425024032593,0.96484375,0.0226495672945501
56,0,0,move,medium,1.0,False,0.9888607859611512,0.9462890625,0.0498357342654723,0.9921605587005616,0.9482421875,0.0057749700280367,,,
56,0,1,move,hard,1.0,False,0.978975772857666,0.958984375,0.0525026568926234,0.981188952922821,0.9580078125,0.0062841229763124,,,
56,0,2,rotate,medium,1.0,False,0.9716012477874756,0.97607421875,0.0430922916533437,0.9716012477874756,0.97607421875,0.0430922916533437,,,
56,0,3,rotate,hard,1.0,False,0.9525409936904908,0.978515625,0.0434034183938341,0.9525409936904908,0.978515625,0.0434034183938341,,,
56,0,4,rotate,hard,1.0,False,0.8727290034294128,0.97119140625,0.0446827901512933,0.8727290034294128,0.97119140625,0.0446827901512933,,,
57,0,0,move,easy,1.0,False,0.9475830793380736,0.90966796875,0.0514343476285869,0.9656342267990112,0.91455078125,0.0123803851381977,,,
57,0,1,move,medium,1.0,False,0.9117334485054016,0.96630859375,0.0531836639836224,0.9245039224624634,0.9658203125,0.0129650448396983,,,
57,0,2,move,medium,1.0,False,0.9066855907440186,0.95556640625,0.052714640468886,0.9132757186889648,0.955078125,0.0132710684494075,,,
57,0,3,rotate,easy,1.0,False,0.9126238822937012,0.94140625,0.0455597394454934,0.9126238822937012,0.94140625,0.0455597394454934,,,
57,0,4,rotate,medium,1.0,False,0.8232920169830322,0.95556640625,0.0455047018682338,0.8232920169830322,0.95556640625,0.0455047018682338,,,
57,0,5,rotate,hard,1.0,False,0.7208537459373474,0.9453125,0.050348128134718,0.7208537459373474,0.9453125,0.050348128134718,,,
57,0,6,resize,easy,1.1513838936397929,False,0.924652099609375,0.962890625,0.04124635318695,0.9320131540298462,0.9638671875,0.0146377394163766,,,
57,0,7,resize,easy,1.3513838936397928,False,0.8921514749526978,0.9580078125,0.0384186917189847,0.8931310176849365,0.95849609375,0.0123638092840459,,,
57,0,8,resize,medium,1.7377521613832854,True,0.8323026895523071,0.96044921875,0.0314194219181269,0.8329306840896606,0.9609375,0.0313517205762856,0.8328560590744019,0.9609375,0.0313382443954352
57,0,9,resize,easy,0.8743080531801036,False,0.918449878692627,0.92724609375,0.0498021319524423,0.9259595274925232,0.927734375,0.0213047713155956,,,
57,0,10,resize,medium,0.6513838936397928,False,0.8516770601272583,0.93408203125,0.0658013358681524,0.8528814911842346,0.93408203125,0.0354802973324267,,,
57,0,11,resize,hard,0.4513838936397928,True,0.6675065755844116,0.93798828125,0.086023024992662,0.6727827787399292,0.9365234375,0.0828392417769177,0.6726374626159668,0.93603515625,0.0827831952099511
58,0,0,move,easy,1.0,False,0.9713344573974608,0.95458984375,0.0490017315884997,0.9819095134735109,0.9580078125,0.0077849699600192,,,
58,0,1,move,medium,1.0,False,0.9597991108894348,0.96142578125,0.0504388713136592,0.9663418531417848,0.96142578125,0.0081569905649498,,,
58,0,2,move,hard,1.0,False,0.9663732051849364,0.96435546875,0.0501348823617403,0.9735229015350342,0.9638671875,0.0081668549230788,,,
58,0,3,rotate,easy,1.0,False,0.9594939947128296,0.94384765625,0.0455288065371979,0.9594939947128296,0.94384765625,0.0455288065371979,,,
58,0,4,rotate,easy,1.0,False,0.9080158472061156,0.91650390625,0.0465447820764274,0.9080158472061156,0.91650390625,0.0465447820764274,,,
58,0,5,rotate,medium,1.0,False,0.8037796020507812,0.94677734375,0.0477860644299492,0.8037796020507812,0.94677734375,0.0477860644299492,,,
58,0,6,resize,easy,1.1060484305234208,False,0.9659797549247742,0.9619140625,0.0424955650415705,0.9760974645614624,0.9609375,0.0110482880624454,,,
58,0,7,resize,easy,1.3060484305234208,False,0.9214546084403992,0.97216796875,0.0394906014353793,0.926129937171936,0.97216796875,0.0078328012301601,,,
58,0,8,resize,medium,1.5453632289256551,True,0.8896262049674988,0.9716796875,0.036293425816601,0.8899989128112793,0.9716796875,0.0362737361199412,0.8899043798446655,0.97216796875,0.0362648779990065
58,0,9,resize,easy,0.8969757847382896,False,0.961503565311432,0.96337890625,0.0472173858972764,0.9764277935028076,0.96337890625,0.0144536449769007,,,
58,0,10,resize,medium,0.6060484305234206,False,0.8912295699119568,0.96533203125,0.0639364542783011,0.8969799280166626,0.96533203125,0.0263236538789976,,,
58,0,11,resize,hard,0.4060484305234207,True,0.6660878658294678,0.96630859375,0.0801994932567738,0.6662170886993408,0.96728515625,0.0800946595222335,0.6663179397583008,0.96728515625,0.0801340073046347
59,0,0,move,easy,1.0,False,0.9364063739776612,0.9697265625,0.0398555999174749,0.9374252557754515,0.97021484375,0.0167661757427021,,,
59,0,1,move,medium,1.0,False,0.949255347251892,0.98193359375,0.0396778391706669,0.9529218673706056,0.982421875,0.015894402978416,,,
59,0,2,rotate,easy,1.0,False,0.9322540760040284,0.98046875,0.0370638097679568,0.9322540760040284,0.98046875,0.0370638097679568,,,
59,0,3,rotate,medium,1.0,False,0.9314124584197998,0.9755859375,0.0381443518429819,0.9314124584197998,0.9755859375,0.0381443518429819,,,
59,0,4,rotate,hard,1.0,False,0.8401455283164978,0.98291015625,0.0357684237209367,0.8401455283164978,0.98291015625,0.0357684237209367,,,
59,0,5,resize,easy,1.1691450792470817,False,0.940457820892334,0.970703125,0.0334654633852232,0.9371080994606018,0.970703125,0.0183956277964244,,,
59,0,6,resize,easy,1.3691450792470816,False,0.8637120723724365,0.962890625,0.0299213326437401,0.8655902147293091,0.962890625,0.015397386388613,,,
59,0,7,resize,medium,1.6312056737588652,True,0.8311577439308167,0.982421875,0.0302208427641421,0.8314571380615234,0.98193359375,0.0302696652224729,0.8315912485122681,0.982421875,0.0302612378164543
59,0,8,resize,easy,0.8654274603764592,False,0.91141939163208,0.9794921875,0.0405067345769615,0.9123309850692748,0.9794921875,0.0245619493265423,,,
59,0,9,resize,medium,0.6691450792470816,False,0.8170298337936401,0.978515625,0.0468384130727361,0.8082165718078613,0.978515625,0.0309734841876865,,,
59,0,10,resize,hard,0.4691450792470816,True,0.7354612946510315,0.978515625,0.0684005892438841,0.7354361414909363,0.9775390625,0.0649264936721627,0.735771656036377,0.97802734375,0.0649381421771055
60,0,0,move,easy,1.0,False,0.9688621163368224,0.97607421875,0.0309098534330984,0.9700474739074708,0.9765625,0.0122732939126668,,,
60,0,1,move,medium,1.0,False,0.9843149185180664,0.9541015625,0.0307816952103069,0.9897233843803406,0.9541015625,0.0121824822246613,,,
60,0,3,rotate,easy,1.0,False,0.9607563018798828,0.98828125,0.0285654726161349,0.9607563018798828,0.98828125,0.0285654726161349,,,
60,0,5,rotate,hard,1.0,False,0.9363766312599182,0.98681640625,0.0301007931830402,0.9363766312599182,0.98681640625,0.0301007931830402,,,
60,0,6,resize,easy,1.239978022748403,False,0.9593398571014404,0.98681640625,0.0264112537546218,0.9573562741279602,0.98681640625,0.0125113967623028,,,
60,0,7,resize,medium,1.439978022748403,False,0.9503718614578248,0.98974609375,0.0266328721739465,0.9432326555252076,0.990234375,0.0121111896747374,,,
60,0,8,resize,hard,1.9705882352941178,True,0.8643057346343994,0.98681640625,0.024777841693465,0.8642246723175049,0.98583984375,0.024857395091855,0.864239513874054,0.98681640625,0.0248522568593508
61,0,5,resize,medium,1.1884816753926701,False,0.93942391872406,0.974609375,0.0286623142953713,0.945057451725006,0.974609375,0.0069825217542677,,,
62,0,0,move,hard,1.0,False,0.9824740886688232,0.951171875,0.0386216472313156,0.9896692037582396,0.95068359375,0.0033678330428907,,,
62,0,1,move,hard,1.0,False,0.9808231592178344,0.962890625,0.0397639357915763,0.98832368850708,0.9638671875,0.0042638354475744,,,
62,0,2,move,hard,1.0,False,0.9783560037612916,0.955078125,0.0390659804234146,0.9825103282928468,0.955078125,0.0037441007231785,,,
62,0,3,rotate,medium,1.0,False,0.9818333387374878,0.95703125,0.0360551966562279,0.9818333387374878,0.95703125,0.0360551966562279,,,
62,0,4,rotate,hard,1.0,False,0.9764453172683716,0.9384765625,0.0360456475156666,0.9764453172683716,0.9384765625,0.0360456475156666,,,
62,0,5,rotate,hard,1.0,False,0.9633941650390624,0.9541015625,0.0364974367465561,0.9633941650390624,0.9541015625,0.0364974367465561,,,
62,0,6,resize,medium,0.898077761962572,False,0.979029655456543,0.89697265625,0.0381719106007813,0.985438585281372,0.89697265625,0.0056869022888443,,,
62,0,7,resize,hard,0.6038444760748559,False,0.9271289110183716,0.8935546875,0.0488435586186196,0.9241613745689392,0.8935546875,0.0087130460608789,,,
62,0,8,resize,hard,0.403844476074856,True,0.7087010145187378,0.89111328125,0.0611115815488063,0.7092149257659912,0.8896484375,0.0606147993426417,0.7095396518707275,0.8896484375,0.0606141720923814
63,0,0,move,medium,1.0,False,0.9847807884216307,0.966796875,0.0908427076904408,0.994365930557251,0.96630859375,0.0128018603366212,,,
63,0,1,rotate,medium,1.0,False,0.9518344402313232,0.96826171875,0.0755533937433206,0.9518344402313232,0.96826171875,0.0755533937433206,,,
63,0,2,rotate,hard,1.0,False,0.9052253365516664,0.96044921875,0.0760830502503266,0.9052253365516664,0.96044921875,0.0760830502503266,,,
63,0,3,rotate,hard,1.0,False,0.8520693182945251,0.9609375,0.0773140966442037,0.8520693182945251,0.9609375,0.0773140966442037,,,
63,0,4,resize,medium,1.1069042316258353,False,0.968863606452942,0.97705078125,0.0707621491421189,0.9775676131248474,0.97705078125,0.0153915918289809,,,
63,0,5,resize,medium,0.8208472597417462,False,0.9389793872833252,0.9423828125,0.0852960039313444,0.9367905855178832,0.94287109375,0.0221015875077898,,,
63,0,6,resize,hard,0.7583054805165076,False,0.9311826825141908,0.94677734375,0.0887690388626892,0.9342299699783324,0.947265625,0.0237151767455111,,,
63,0,7,resize,hard,0.5583054805165075,True,0.8666786551475525,0.94873046875,0.102177759735851,0.8652890920639038,0.947265625,0.1023705060784053,0.8651584386825562,0.94775390625,0.1023594542175482
64,0,0,move,easy,1.0,False,0.9759102463722228,0.95947265625,0.0453977459089418,0.9884141683578492,0.95947265625,0.0066500316482316,,,
64,0,1,move,medium,1.0,False,0.9065554141998292,0.95849609375,0.046899188442856,0.9139028787612916,0.95556640625,0.0083218485767265,,,
64,0,2,rotate,medium,1.0,False,0.8889649510383606,0.96533203125,0.0416304248626592,0.8889649510383606,0.96533203125,0.0416304248626592,,,
64,0,3,rotate,hard,1.0,False,0.8181369304656982,0.9658203125,0.0429454920445705,0.8181369304656982,0.9658203125,0.0429454920445705,,,
64,0,4,rotate,hard,1.0,False,0.7157539129257202,0.958984375,0.044046614689397,0.7157539129257202,0.958984375,0.044046614689397,,,
64,0,5,resize,medium,1.2276220936202193,False,0.9146718978881836,0.96044921875,0.0342239001504854,0.9223089218139648,0.9609375,0.0072490335849721,,,
64,0,6,resize,medium,1.4276220936202193,False,0.8617075681686401,0.98095703125,0.0335883750672269,0.8817441463470459,0.97998046875,0.0067968095069282,,,
64,0,7,resize,medium,1.522167487684729,True,0.8353375792503357,0.96435546875,0.0331325304039563,0.8361485600471497,0.96484375,0.0330892970121079,0.8360277414321899,0.96484375,0.0330802621155257
64,0,8,resize,medium,0.8361889531898904,False,0.9230800867080688,0.9462890625,0.0467832039621223,0.9299140572547911,0.9462890625,0.0130595454480014,,,
64,0,9,resize,medium,0.7276220936202193,False,0.8552674651145935,0.94873046875,0.0581580818856039,0.861440896987915,0.94873046875,0.0181771835840717,,,
64,0,10,resize,hard,0.5276220936202193,True,0.747226893901825,0.94775390625,0.0770314646585229,0.7464732527732849,0.94970703125,0.0768710775724666,0.7465460300445557,0.94921875,0.0768469847184332
65,0,0,move,medium,1.0,False,0.9752688407897948,0.96826171875,0.0401416728078007,0.9852185249328612,0.970703125,0.006666117489727,,,
65,0,1,move,hard,1.0,False,0.9550544023513794,0.96923828125,0.0394527229157436,0.9636760354042052,0.97021484375,0.0062541754145358,,,
65,0,2,move,hard,1.0,False,0.9628950357437134,0.97412109375,0.0404962629993521,0.9762330055236816,0.97314453125,0.0070882712874711,,,
66,0,0,move,easy,1.0,False,0.9772855639457704,0.8154296875,0.0355517267573724,0.9839152097702026,0.818359375,0.0120295774659644,,,
66,0,1,rotate,easy,1.0,False,0.9675507545471193,0.95361328125,0.0317540735064203,0.9675507545471193,0.95361328125,0.0317540735064203,,,
66,0,2,rotate,medium,1.0,False,0.9520338773727416,0.9365234375,0.032034101564565,0.9520338773727416,0.9365234375,0.032034101564565,,,
66,0,3,rotate,hard,1.0,False,0.9449588060379028,0.9404296875,0.0319902695934113,0.9449588060379028,0.9404296875,0.0319902695934113,,,
66,0,4,resize,easy,1.1195792781722784,False,0.955909550189972,0.95263671875,0.0302751144950728,0.9615241289138794,0.95263671875,0.0140681263165185,,,
66,0,5,resize,medium,1.3195792781722784,False,0.9361923933029176,0.95703125,0.0276184376299986,0.9378188252449036,0.9580078125,0.0116445094137473,,,
66,0,6,resize,hard,1.6468445862920869,True,0.8830565214157104,0.951171875,0.0261204274599134,0.8831044435501099,0.95068359375,0.0261148963970532,0.8831241726875305,0.9501953125,0.0261100975522906
66,0,7,resize,easy,0.8902103609138609,False,0.9598718881607056,0.91357421875,0.0325238159130551,0.9673497676849364,0.91357421875,0.0158101356737515,,,
66,0,8,resize,hard,0.6195792781722782,False,0.8761179447174072,0.87255859375,0.0426885203580304,0.8828623294830322,0.87109375,0.0250735865188192,,,
66,0,9,resize,hard,0.41957927817227825,True,0.761101484298706,0.88427734375,0.0549127026439981,0.761064887046814,0.88330078125,0.054766265821535,0.761225163936615,0.88330078125,0.054755208024801
67,0,0,move,medium,1.0,False,0.9837960600852966,0.9765625,0.057421336950838,0.9896215796470642,0.9775390625,0.0092632435594211,,,
67,0,1,move,hard,1.0,False,0.9873296618461608,0.97802734375,0.057360226428998,0.986448049545288,0.97900390625,0.0091643948712318,,,
67,0,2,move,hard,1.0,False,0.9875258207321168,0.974609375,0.0557267915549377,0.9889703989028932,0.97509765625,0.0085419508349352,,,
67,0,3,rotate,easy,1.0,False,0.9903480410575868,0.97265625,0.051220512499879,0.9903480410575868,0.97265625,0.051220512499879,,,
67,0,4,rotate,medium,1.0,False,0.9705546498298644,0.97607421875,0.0511528942297039,0.9705546498298644,0.97607421875,0.0511528942297039,,,
67,0,5,rotate,hard,1.0,False,0.9379264116287231,0.9794921875,0.0522335383284246,0.9379264116287231,0.9794921875,0.0522335383284246,,,
67,0,6,resize,easy,1.1195792781722784,False,0.9850252270698548,0.9697265625,0.0477831783563348,0.9885237216949464,0.970703125,0.0129415448268814,,,
67,0,7,resize,easy,0.8902103609138609,False,0.98298442363739,0.97216796875,0.0577363717978782,0.985906720161438,0.97216796875,0.0175183074052508,,,
67,0,8,resize,hard,0.6195792781722782,False,0.936375379562378,0.9775390625,0.0795223683244433,0.9392165541648864,0.97705078125,0.028392477724829,,,
67,0,9,resize,hard,0.41957927817227825,True,0.8487558364868164,0.9658203125,0.1071017009255793,0.8455222845077515,0.96630859375,0.1066961915820151,0.8455681800842285,0.96630859375,0.1066882957116259
68,0,0,move,medium,1.0,False,0.9734407067298888,0.9345703125,0.0352360941018448,0.975419819355011,0.9326171875,0.0055705072492395,,,
68,0,1,move,medium,1.0,False,0.9714453220367432,0.91552734375,0.0350405698433391,0.9732242226600648,0.9150390625,0.0053156425991036,,,
68,0,2,rotate,medium,1.0,False,0.9612616300582886,0.9697265625,0.0313452273235065,0.9612616300582886,0.9697265625,0.0313452273235065,,,
68,0,3,rotate,hard,1.0,False,0.9297031164169312,0.9755859375,0.030945946767422,0.9297031164169312,0.9755859375,0.030945946767422,,,
68,0,4,rotate,hard,1.0,False,0.8493238687515259,0.97265625,0.0331536870189951,0.8493238687515259,0.97265625,0.0331536870189951,,,
68,0,5,resize,medium,1.2911701733566814,False,0.9401917457580566,0.9736328125,0.0249883903818737,0.93928062915802,0.97314453125,0.0054246070197101,,,
68,0,6,resize,medium,1.3523035230352303,False,0.9380178451538086,0.97314453125,0.0244091299413607,0.9383834600448608,0.974609375,0.0051579863745685,,,
68,0,7,resize,medium,0.8044149133216594,False,0.9402788281440736,0.93408203125,0.0375689014344476,0.9432041645050048,0.93408203125,0.0113333303644722,,,
68,0,8,resize,medium,0.7911701733566813,False,0.9363123178482056,0.935546875,0.037906831634057,0.9367075562477112,0.935546875,0.0119800731591465,,,
68,0,9,resize,hard,0.5911701733566812,True,0.8520943522453308,0.9453125,0.0500142733679344,0.8526089787483215,0.93701171875,0.0500130969914563,0.8527429103851318,0.93701171875,0.0500102736879088
69,1,3,rotate,easy,1.0,False,0.9649445414543152,0.990234375,0.022604546442622,0.9649445414543152,0.990234375,0.022604546442622,,,
69,1,4,rotate,medium,1.0,False,0.9519562125205994,0.99072265625,0.0238276122555531,0.9519562125205994,0.99072265625,0.0238276122555531,,,
69,1,5,rotate,hard,1.0,False,0.9136800765991212,0.9912109375,0.023616778385806,0.9136800765991212,0.9912109375,0.023616778385806,,,
69,1,6,resize,easy,1.2247312115022277,False,0.9446829557418824,0.98779296875,0.0195751024033351,0.9455799460411072,0.98828125,0.0070015587265271,,,
69,1,7,resize,medium,1.4247312115022277,False,0.9225568771362304,0.98876953125,0.0180686189365256,0.9249851107597352,0.98876953125,0.005489205878884,,,
69,1,8,resize,hard,1.9083969465648856,True,0.8757559657096863,0.98486328125,0.0174263253253887,0.8775624632835388,0.98486328125,0.0176676157172639,0.8775408864021301,0.98486328125,0.0176635439556569
70,0,6,resize,medium,1.1667217711221631,False,0.9557448625564576,0.9931640625,0.0471437924768463,0.9636667966842652,0.9921875,0.0046567966411892,,,
70,0,7,resize,hard,1.366721771122163,False,0.9290115237236024,0.98486328125,0.0393117713031378,0.9219517707824708,0.98486328125,0.0031485402072737,,,
70,0,8,resize,hard,1.5025125628140703,True,0.9168269038200378,0.98388671875,0.0364611678830765,0.9169052839279176,0.984375,0.0364668682140844,0.916798174381256,0.98486328125,0.0364550085643771
71,0,0,move,medium,1.0,False,0.9921361207962036,0.9580078125,0.0411090929112201,0.9960927963256836,0.95849609375,0.0078736496382892,,,
71,0,1,move,medium,1.0,False,0.9836863279342652,0.94873046875,0.0415686200852873,0.9864097833633424,0.94921875,0.0078224580717131,,,
71,0,3,rotate,hard,1.0,False,0.9799780249595642,0.9765625,0.0370202236123509,0.9799780249595642,0.9765625,0.0370202236123509,,,
71,0,4,rotate,hard,1.0,False,0.9675590991973876,0.9580078125,0.0379878888155012,0.9675590991973876,0.9580078125,0.0379878888155012,,,
71,0,5,resize,medium,1.1667217711221631,False,0.9835057258605956,0.9453125,0.0343633209697209,0.9857962131500244,0.94580078125,0.0095346909120737,,,
72,0,0,move,easy,1.0,False,0.9547063112258912,0.95263671875,0.0757861727525341,0.962938904762268,0.95458984375,0.0245024656569214,,,
72,0,1,move,medium,1.0,False,0.9167035222053528,0.97412109375,0.0780000456603133,0.926702320575714,0.97412109375,0.0263107771385333,,,
72,0,2,move,hard,1.0,False,0.9362783432006836,0.984375,0.077727877578177,0.9532479047775269,0.984375,0.0256144573597902,,,
72,0,3,rotate,easy,1.0,False,0.942639410495758,0.974609375,0.0666655251588326,0.942639410495758,0.974609375,0.0666655251588326,,,
72,0,4,rotate,easy,1.0,False,0.9272280335426332,0.97705078125,0.0642716475236382,0.9272280335426332,0.97705078125,0.0642716475236382,,,
72,0,5,rotate,hard,1.0,False,0.8705722093582153,0.97998046875,0.0654007293325213,0.8705722093582153,0.97998046875,0.0654007293325213,,,
72,0,6,resize,easy,1.2103008834346614,False,0.937268614768982,0.984375,0.0583535549118005,0.9449942111968994,0.984375,0.0290710415322035,,,
72,0,7,resize,easy,1.4103008834346613,False,0.9138644933700562,0.9873046875,0.0516131493390628,0.9210430383682252,0.98779296875,0.0233676333175,,,
72,0,8,resize,hard,2.3272566257599596,True,0.8287726044654846,0.99169921875,0.0361447608787861,0.8294885158538818,0.99169921875,0.0361449717546802,0.8295904397964478,0.9912109375,0.0361409952378198
72,0,9,resize,easy,0.8448495582826694,False,0.9265357255935668,0.9775390625,0.0715729161305817,0.9395548105239868,0.9775390625,0.0432145654995739,,,
72,0,10,resize,easy,0.7103008834346614,False,0.8361480236053467,0.97802734375,0.0764983184525249,0.8656716346740723,0.97802734375,0.0500823845407263,,,
72,0,11,resize,hard,0.5103008834346613,True,0.5665953159332275,0.9677734375,0.1012025012025012,0.5552732944488525,0.958984375,0.099022594447431,0.5553077459335327,0.958984375,0.0990521461109696
73,0,0,move,medium,1.0,False,0.9792937636375428,0.95068359375,0.0180173748881177,0.9844159483909608,0.951171875,0.0020219382664564,,,
73,0,1,move,hard,1.0,False,0.9550854563713074,0.96044921875,0.0186614837792508,0.9645770788192748,0.9599609375,0.0019190252831499,,,
73,0,2,rotate,medium,1.0,False,0.9260993003845216,0.94970703125,0.0172374788582128,0.9260993003845216,0.94970703125,0.0172374788582128,,,
74,0,0,move,hard,1.0,False,0.989588737487793,0.96728515625,0.0494058591240069,0.9963440895080566,0.9677734375,0.0029449816135492,,,
74,0,1,rotate,hard,1.0,False,0.9889074563980104,0.96484375,0.0425496939962571,0.9889074563980104,0.96484375,0.0425496939962571,,,
74,0,2,rotate,hard,1.0,False,0.9877027869224548,0.9580078125,0.0434527014567582,0.9877027869224548,0.9580078125,0.0434527014567582,,,
74,0,3,rotate,hard,1.0,False,0.9827272891998292,0.958984375,0.045479667748771,0.9827272891998292,0.958984375,0.045479667748771,,,
74,0,4,resize,hard,1.1840725556138423,False,0.98060405254364,0.96826171875,0.038288879195861,0.9845418930053712,0.96728515625,0.0044759580558224,,,
74,0,5,resize,hard,1.3264248704663213,False,0.9552832841873168,0.96044921875,0.0383774715310704,0.96098393201828,0.958984375,0.0037871222627245,,,
74,0,6,resize,hard,0.8579637221930789,False,0.9749664664268494,0.9453125,0.0504980996453731,0.9802237749099731,0.9453125,0.005607413768427,,,
74,0,7,resize,hard,0.6840725556138422,False,0.9272127151489258,0.94384765625,0.0676838171966139,0.9114658832550048,0.94384765625,0.0087568114322355,,,
74,0,8,resize,hard,0.48407255561384216,True,0.8127842545509338,0.94384765625,0.0902165095121917,0.8137127161026001,0.94921875,0.0902633661229701,0.8133779764175415,0.94921875,0.0902273494743867
75,0,0,move,easy,1.0,False,0.9728901386260986,0.96240234375,0.0373798415167,0.9798757433891296,0.962890625,0.0093995960229607,,,
75,0,1,move,medium,1.0,False,0.95121169090271,0.97119140625,0.0379574038013339,0.9560784697532654,0.97119140625,0.0096778203246046,,,
75,0,2,move,hard,1.0,False,0.9703539609909058,0.98876953125,0.037706217790382,0.9765413403511048,0.98779296875,0.0094200126914425,,,
75,0,3,rotate,easy,1.0,False,0.9552003145217896,0.97412109375,0.035980571480512,0.9552003145217896,0.97412109375,0.035980571480512,,,
75,0,4,rotate,medium,1.0,False,0.9202280044555664,0.9775390625,0.0342642520979361,0.9202280044555664,0.9775390625,0.0342642520979361,,,
75,0,5,rotate,hard,1.0,False,0.883430004119873,0.9736328125,0.036764716772453,0.883430004119873,0.9736328125,0.036764716772453,,,
75,0,6,resize,easy,1.1071893362140734,False,0.9462936520576476,0.97412109375,0.0325509705662484,0.949737548828125,0.974609375,0.0125604740805219,,,
75,0,7,resize,medium,1.3071893362140734,False,0.9128047227859496,0.96826171875,0.0303900589042201,0.9189291000366212,0.96923828125,0.0108603243766642,,,
75,0,8,resize,easy,0.8964053318929633,False,0.9455289244651794,0.970703125,0.0382294183174415,0.9495458006858826,0.970703125,0.0159669409970375,,,
75,0,9,resize,hard,0.6071893362140733,False,0.8493205904960632,0.9736328125,0.056491894432752,0.8543230891227722,0.9736328125,0.0261701677016628,,,
75,0,10,resize,hard,0.40718933621407344,True,0.6488537788391113,0.974609375,0.0796143930955733,0.6459271907806396,0.97412109375,0.0795429390048266,0.6456916332244873,0.97412109375,0.0795312051222775
76,0,0,move,easy,1.0,False,0.9706509113311768,0.9501953125,0.0402420253987049,0.9769483208656312,0.951171875,0.0087237483059363,,,
76,0,1,move,medium,1.0,False,0.9566810131072998,0.9482421875,0.0403915460265102,0.9754855632781982,0.9482421875,0.0093071640350364,,,
76,0,2,rotate,easy,1.0,False,0.9528236389160156,0.96630859375,0.036043692501799,0.9528236389160156,0.96630859375,0.036043692501799,,,
76,0,3,rotate,medium,1.0,False,0.929112195968628,0.94775390625,0.0365078733638455,0.929112195968628,0.94775390625,0.0365078733638455,,,
76,0,4,rotate,hard,1.0,False,0.8996598124504089,0.9560546875,0.0374316229606294,0.8996598124504089,0.9560546875,0.0374316229606294,,,
76,0,5,resize,easy,1.1071893362140734,False,0.964794933795929,0.966796875,0.0331217591641664,0.967256486415863,0.966796875,0.0123069104085362,,,
76,0,6,resize,medium,1.3071893362140734,False,0.934296727180481,0.9443359375,0.029730008408883,0.9360796213150024,0.943359375,0.0110081983398732,,,
76,0,7,resize,medium,1.5539200216055504,True,0.9069550037384032,0.95849609375,0.027602211535661,0.9055706858634948,0.958984375,0.0276013689202781,0.9056048393249512,0.958984375,0.0275864949269974
77,0,0,move,medium,1.0,False,0.9542499780654908,0.95458984375,0.0554020281946257,0.9799752235412598,0.953125,0.0035259746895547,,,
77,0,1,move,medium,1.0,False,0.9419556856155396,0.96923828125,0.0555655144657925,0.9609818458557128,0.97021484375,0.0039518357074074,,,
77,0,2,rotate,medium,1.0,False,0.9665967226028442,0.9677734375,0.0447527108174173,0.9665967226028442,0.9677734375,0.0447527108174173,,,
77,0,3,rotate,medium,1.0,False,0.9482311010360718,0.97705078125,0.0445275426065757,0.9482311010360718,0.97705078125,0.0445275426065757,,,
77,0,4,rotate,hard,1.0,False,0.8971427083015442,0.9814453125,0.045181326281208,0.8971427083015442,0.9814453125,0.045181326281208,,,
77,0,5,resize,medium,1.156722329446482,False,0.9622021317481996,0.9912109375,0.0409443066896766,0.9716328382492064,0.99169921875,0.0050194935709954,,,
77,0,6,resize,medium,1.3567223294464819,False,0.9435107707977296,0.9921875,0.0385994094721065,0.954780638217926,0.9921875,0.0051927836697308,,,
77,0,7,resize,hard,1.7414965986394557,True,0.9143623113632202,0.98046875,0.0331089416112821,0.9145631790161132,0.97998046875,0.0331160101074209,0.9145724773406982,0.98095703125,0.033111617070101
77,0,8,resize,medium,0.8716388352767591,False,0.9588632583618164,0.962890625,0.049322167799852,0.9642319679260254,0.962890625,0.0077131077910307,,,
77,0,9,resize,hard,0.6567223294464818,False,0.8799257874488831,0.9609375,0.057077811430452,0.866835355758667,0.9609375,0.0105553897274226,,,
77,0,10,resize,hard,0.4567223294464818,True,0.6196767687797546,0.95947265625,0.0682473601870625,0.6241746544837952,0.958984375,0.0692422345092467,0.625142514705658,0.95947265625,0.0691994845021617
78,0,0,move,easy,1.0,False,0.967932939529419,0.93115234375,0.0311811859872322,0.9726321697235109,0.931640625,0.0090117468008562,,,
78,0,1,move,medium,1.0,False,0.9621437788009644,0.9189453125,0.0309357890199266,0.9647696614265442,0.92041015625,0.0092345540023558,,,
78,0,2,rotate,easy,1.0,False,0.9579195380210876,0.9384765625,0.028971827930006,0.9579195380210876,0.9384765625,0.028971827930006,,,
78,0,3,rotate,medium,1.0,False,0.9517883062362672,0.92626953125,0.0293194942341992,0.9517883062362672,0.92626953125,0.0293194942341992,,,
78,0,4,rotate,hard,1.0,False,0.8907866477966309,0.9599609375,0.0294985702614378,0.8907866477966309,0.9599609375,0.0294985702614378,,,
78,0,5,resize,easy,1.156722329446482,False,0.9632282257080078,0.97216796875,0.0278260641481449,0.9660732746124268,0.97265625,0.0113946112594094,,,
78,0,6,resize,easy,0.8716388352767591,False,0.9595065712928772,0.96484375,0.0304411275887383,0.9575016498565674,0.96484375,0.0143400118059767,,,
78,0,7,resize,medium,0.6567223294464818,False,0.9019365310668944,0.958984375,0.0375809308132276,0.9075585603713988,0.958984375,0.0211710965488306,,,
78,0,8,resize,hard,0.4567223294464818,True,0.8520164489746094,0.9560546875,0.0474016138781289,0.8535058498382568,0.95751953125,0.0470893983118016,0.853743314743042,0.95751953125,0.0470790499239158
79,0,0,move,easy,1.0,False,0.9650304317474364,0.93017578125,0.0615695166955671,0.9696004986763,0.9287109375,0.0183754727944817,,,
80,0,0,move,medium,1.0,False,0.971366047859192,0.9716796875,0.1248548730920683,0.9754440784454346,0.97119140625,0.0172016473944516,,,
80,0,1,move,hard,1.0,False,0.962585747241974,0.9755859375,0.1261018138589787,0.967302680015564,0.97607421875,0.0177686242824627,,,
80,0,2,rotate,medium,1.0,False,0.9604611992836,0.96533203125,0.1034198514669356,0.9604611992836,0.96533203125,0.1034198514669356,,,
80,0,3,rotate,medium,1.0,False,0.929349422454834,0.9599609375,0.1048576055197662,0.929349422454834,0.9599609375,0.1048576055197662,,,
80,0,4,rotate,hard,1.0,False,0.91853004693985,0.9677734375,0.1036077419597725,0.91853004693985,0.9677734375,0.1036077419597725,,,
80,0,5,resize,medium,1.182571154381374,False,0.9624036550521852,0.9873046875,0.0904007252513966,0.9625730514526368,0.98681640625,0.0206503122241532,,,
80,0,6,resize,medium,1.382571154381374,False,0.9545946717262268,0.9853515625,0.0794555478228567,0.9554580450057985,0.98681640625,0.0145716254070163,,,
80,0,7,resize,easy,0.8587144228093131,False,0.9559375643730164,0.93896484375,0.116033141963128,0.9629706144332886,0.9384765625,0.0329670088211171,,,
80,0,8,resize,medium,0.6825711543813738,False,0.937494158744812,0.9404296875,0.1297173833443885,0.9479947686195374,0.94140625,0.0439774543297065,,,
80,0,9,resize,hard,0.48257115438137377,True,0.8512241840362549,0.95068359375,0.1474047672311806,0.8539112210273743,0.9443359375,0.147430161292598,0.8538586497306824,0.9443359375,0.1473896517184323
81,0,0,rotate,medium,1.0,False,0.9677618145942688,0.9873046875,0.05733239453815,0.9677618145942688,0.9873046875,0.05733239453815,,,
81,0,1,rotate,hard,1.0,False,0.9586461782455444,0.9833984375,0.0591005598763627,0.9586461782455444,0.9833984375,0.0591005598763627,,,
81,0,2,rotate,hard,1.0,False,0.921302080154419,0.9814453125,0.0608387669656738,0.921302080154419,0.9814453125,0.0608387669656738,,,
81,0,3,resize,medium,0.8321759028890789,False,0.952292025089264,0.9873046875,0.0718710900578929,0.950664520263672,0.9873046875,0.0231116358838639,,,
81,0,4,resize,medium,0.7356481942218422,False,0.9242942333221436,0.9892578125,0.0821457621279887,0.935993790626526,0.9892578125,0.0281233935210829,,,
81,0,5,resize,hard,0.5356481942218422,True,0.8217821717262268,0.98876953125,0.108976076634979,0.8202023506164551,0.98876953125,0.1095848451237318,0.8209590315818787,0.98876953125,0.1095321230654827
81,2,0,move,easy,1.0,False,0.9753025770187378,0.994140625,0.0546460986281325,0.9788838028907776,0.9951171875,0.0123025117405311,,,
81,2,1,rotate,easy,1.0,False,0.948631465435028,0.9912109375,0.0606974804318257,0.948631465435028,0.9912109375,0.0606974804318257,,,
81,2,2,rotate,medium,1.0,False,0.947367548942566,0.98486328125,0.0608992493037261,0.947367548942566,0.98486328125,0.0608992493037261,,,
81,2,3,rotate,hard,1.0,False,0.8805606365203857,0.98583984375,0.0649055509000712,0.8805606365203857,0.98583984375,0.0649055509000712,,,
81,2,4,resize,easy,0.8321759028890789,False,0.9179073572158812,0.984375,0.0773415944624618,0.9369043111801147,0.984375,0.0275941074914887,,,
81,2,5,resize,medium,0.7356481942218422,False,0.900233268737793,0.978515625,0.0894693847780898,0.9031397700309752,0.9794921875,0.031456102176353,,,
81,2,6,resize,hard,0.5356481942218422,True,0.7527397871017456,0.990234375,0.1236163491049422,0.7497251033782959,0.990234375,0.1233420270673569,0.7491482496261597,0.98974609375,0.1233708789678041
82,0,0,move,medium,1.0,False,0.9834209680557252,0.958984375,0.0302166561033508,0.991226613521576,0.95947265625,0.0072795386076717,,,
82,0,1,move,hard,1.0,False,0.969468593597412,0.95361328125,0.0293081693524105,0.9782467484474182,0.9541015625,0.0068343405912462,,,
82,0,2,rotate,medium,1.0,False,0.9744017720222472,0.93701171875,0.0267207563124224,0.9744017720222472,0.93701171875,0.0267207563124224,,,
82,0,3,rotate,hard,1.0,False,0.9594086408615112,0.9697265625,0.0264787981103355,0.9594086408615112,0.9697265625,0.0264787981103355,,,
82,0,4,rotate,hard,1.0,False,0.9264529943466188,0.9658203125,0.02624293314819,0.9264529943466188,0.9658203125,0.02624293314819,,,
82,0,5,resize,medium,1.107363197819758,False,0.9637696146965028,0.93505859375,0.0251402015168144,0.9689763188362122,0.935546875,0.0075059066490943,,,
82,0,6,resize,medium,0.8963184010901211,False,0.9638612866401672,0.9580078125,0.0274079158087394,0.968217134475708,0.9580078125,0.0088651274528782,,,
82,0,7,resize,hard,0.607363197819758,False,0.867995023727417,0.94287109375,0.0363419889259826,0.8570312261581421,0.94287109375,0.0134148344328051,,,
82,0,8,resize,hard,0.40736319781975805,True,0.7354580163955688,0.94482421875,0.0472380174987459,0.7357068061828613,0.9453125,0.047371974797666,0.7355568408966064,0.94580078125,0.0473617923736982
83,0,0,move,medium,1.0,False,0.9806223511695862,0.98291015625,0.0352902352149082,0.9879087805747986,0.9833984375,0.0083134773266937,,,
83,0,1,move,hard,1.0,False,0.9745469093322754,0.97265625,0.0349963214443115,0.9818819165229796,0.97314453125,0.0079834901036024,,,
83,0,2,rotate,medium,1.0,False,0.9696073532104492,0.962890625,0.0297561993951809,0.9696073532104492,0.962890625,0.0297561993951809,,,
83,0,3,rotate,medium,1.0,False,0.9562978744506836,0.9716796875,0.028853023309895,0.9562978744506836,0.9716796875,0.028853023309895,,,
83,0,4,rotate,hard,1.0,False,0.9195022583007812,0.96923828125,0.0320932404260982,0.9195022583007812,0.96923828125,0.0320932404260982,,,
83,0,5,resize,medium,1.1506849315068493,False,0.9642614126205444,0.984375,0.0282041727309119,0.9577151536941528,0.984375,0.0095135961687149,,,
83,0,6,resize,medium,0.8731383435586509,False,0.9605889916419984,0.9580078125,0.033191528998238,0.9641772508621216,0.9580078125,0.0115771090979834,,,
83,0,7,resize,hard,0.6537233128826981,False,0.8825066685676575,0.96240234375,0.0445470227979021,0.8955211639404297,0.96240234375,0.0196889293179018,,,
83,0,8,resize,hard,0.4537233128826981,True,0.7762720584869385,0.9638671875,0.0547389534798216,0.7771682739257812,0.96630859375,0.0547640972142165,0.7772072553634644,0.96533203125,0.0547509086139113
84,0,0,move,medium,1.0,False,0.9791921973228456,0.95654296875,0.0657122004045126,0.9852531552314758,0.95654296875,0.0115699573042189,,,
84,0,1,move,hard,1.0,False,0.9711726307868958,0.966796875,0.0663438494755976,0.9732303619384766,0.96630859375,0.0111782749430988,,,
84,0,2,rotate,medium,1.0,False,0.9663820266723632,0.9599609375,0.0589972490488732,0.9663820266723632,0.9599609375,0.0589972490488732,,,
84,0,3,rotate,hard,1.0,False,0.9432551264762878,0.95849609375,0.0574076181386871,0.9432551264762878,0.95849609375,0.0574076181386871,,,
84,0,4,rotate,hard,1.0,False,0.928665578365326,0.962890625,0.0593868060623414,0.928665578365326,0.962890625,0.0593868060623414,,,
84,0,5,resize,medium,1.1537233128826982,False,0.9597690105438232,0.9755859375,0.0516911353803061,0.9601462483406068,0.9755859375,0.0133306894922963,,,
84,0,6,resize,medium,0.8731383435586509,False,0.9587808847427368,0.94921875,0.0644690987753431,0.9588394165039062,0.94970703125,0.0182543435157133,,,
84,0,7,resize,hard,0.6537233128826981,False,0.874108076095581,0.93359375,0.0844594355188376,0.8720816969871521,0.93359375,0.0275637787296963,,,
84,0,8,resize,hard,0.4537233128826981,True,0.7131913900375366,0.93310546875,0.1053398359652789,0.715638279914856,0.92822265625,0.1062233852453554,0.7156753540039062,0.927734375,0.106217403550855
85,0,0,move,easy,1.0,False,0.9729012250900269,0.98828125,0.0572694166945343,0.9765967130661012,0.98828125,0.023118618894431,,,
85,0,1,rotate,easy,1.0,False,0.9427471160888672,0.98046875,0.0491682814683183,0.9427471160888672,0.98046875,0.0491682814683183,,,
85,0,2,rotate,medium,1.0,False,0.9363616108894348,0.98681640625,0.0500126604789311,0.9363616108894348,0.98681640625,0.0500126604789311,,,
85,0,3,resize,easy,0.8594980318836467,False,0.937119483947754,0.9794921875,0.0574163742606323,0.9454494714736938,0.97900390625,0.0356919648598346,,,
85,0,4,resize,medium,0.6810039362327067,False,0.8865218162536621,0.97900390625,0.0651463548190845,0.8888562321662903,0.97900390625,0.0430484257953983,,,
85,0,5,resize,hard,0.48100393623270676,True,0.7643904685974121,0.98779296875,0.0851351833994071,0.7638974189758301,0.9873046875,0.08485915313302,0.7641569375991821,0.9873046875,0.0848372135739541
85,1,0,move,easy,1.0,False,0.922588586807251,0.9873046875,0.0602703253425695,0.9262299537658693,0.98779296875,0.0302748156883261,,,
85,1,1,move,easy,1.0,False,0.9539417028427124,0.98583984375,0.0595559733488886,0.956369161605835,0.986328125,0.0301224330306663,,,
85,1,2,move,hard,1.0,False,0.928326427936554,0.9873046875,0.0634781947784226,0.9325597286224364,0.9873046875,0.0325561724535239,,,
85,1,3,rotate,easy,1.0,False,0.9382373690605164,0.98779296875,0.055830431861218,0.9382373690605164,0.98779296875,0.055830431861218,,,
85,1,4,rotate,easy,1.0,False,0.920019030570984,0.98779296875,0.0541610024894408,0.920019030570984,0.98779296875,0.0541610024894408,,,
85,1,5,rotate,hard,1.0,False,0.8574919700622559,0.98486328125,0.0550952591522859,0.8574919700622559,0.98486328125,0.0550952591522859,,,
85,1,6,resize,easy,1.1810039362327067,False,0.8993456363677979,0.98779296875,0.0471925361495175,0.905519723892212,0.98779296875,0.0306651618149901,,,
85,1,7,resize,easy,0.8594980318836467,False,0.9088503122329712,0.9873046875,0.0602310390320816,0.916461706161499,0.9873046875,0.0437649178794985,,,
85,1,8,resize,medium,0.6810039362327067,False,0.8846065998077393,0.986328125,0.0674933931296596,0.8894330859184265,0.986328125,0.0528797101930403,,,
85,1,9,resize,hard,0.48100393623270676,True,0.7401588559150696,0.98486328125,0.0812210915818686,0.7424864172935486,0.98583984375,0.082713295000393,0.7425186038017273,0.98583984375,0.082722565848212
86,0,0,move,medium,1.0,False,0.958727240562439,0.94384765625,0.0912384418768771,0.9688023328781128,0.94775390625,0.0245379877038959,,,
86,0,1,move,medium,1.0,False,0.9477816820144652,0.97119140625,0.0937899019556721,0.9619024991989136,0.97265625,0.0259981962693905,,,
86,0,2,rotate,medium,1.0,False,0.9579840898513794,0.9833984375,0.0746216554929133,0.9579840898513794,0.9833984375,0.0746216554929133,,,
86,0,3,rotate,hard,1.0,False,0.9320605993270874,0.97705078125,0.0763610659290308,0.9320605993270874,0.97705078125,0.0763610659290308,,,
86,0,4,rotate,hard,1.0,False,0.9233478903770448,0.96435546875,0.0748609487880177,0.9233478903770448,0.96435546875,0.0748609487880177,,,
86,0,5,resize,medium,1.1494505494505494,False,0.9498648643493652,0.96435546875,0.0679390559213167,0.946720004081726,0.9658203125,0.0272104465330586,,,
86,0,6,resize,medium,0.8229109513276927,False,0.93660169839859,0.98486328125,0.0892913029085669,0.9422671794891356,0.98486328125,0.0433804588968877,,,
86,0,7,resize,hard,0.7541780973446148,False,0.9123870134353638,0.970703125,0.0975629213200418,0.9170830249786376,0.970703125,0.0484963614981607,,,
86,0,8,resize,hard,0.5541780973446149,True,0.834701418876648,0.97314453125,0.1185975742673537,0.8333669900894165,0.97265625,0.1189319882914058,0.833274245262146,0.97314453125,0.1188853652319176
87,0,5,resize,hard,1.1512605042016806,False,0.9614558219909668,0.9384765625,0.0383781884560291,0.9676734209060668,0.9404296875,0.0067067252311982,,,
88,0,0,move,medium,1.0,False,0.9646063446998596,0.9794921875,0.052567829888052,0.9656841158866882,0.98095703125,0.0089918873458981,,,
88,0,1,move,hard,1.0,False,0.9337440133094788,0.9755859375,0.0534933680708467,0.9442836046218872,0.974609375,0.0089259456534422,,,
88,0,2,rotate,medium,1.0,False,0.9464080333709716,0.9658203125,0.0487606668513327,0.9464080333709716,0.9658203125,0.0487606668513327,,,
88,0,3,rotate,hard,1.0,False,0.9265652298927308,0.978515625,0.0507796039478203,0.9265652298927308,0.978515625,0.0507796039478203,,,
88,0,4,rotate,hard,1.0,False,0.840152382850647,0.96923828125,0.0538481181914208,0.840152382850647,0.96923828125,0.0538481181914208,,,
88,0,5,resize,medium,1.2453898871652243,False,0.9386939406394958,0.9384765625,0.0440793464155565,0.93482506275177,0.94287109375,0.0118897238914527,,,
88,0,6,resize,hard,1.3557951482479784,False,0.929225206375122,0.943359375,0.04190582274714,0.9280074834823608,0.9462890625,0.0109073476084958,,,
88,0,7,resize,medium,0.8273050564173878,False,0.9337884783744812,0.98046875,0.0615654271928996,0.936020851135254,0.98046875,0.0173142390063702,,,
88,0,8,resize,hard,0.7453898871652244,False,0.8787474036216736,0.9794921875,0.069438713559864,0.8932160139083862,0.9794921875,0.0203415405367452,,,
88,0,9,resize,hard,0.5453898871652243,True,0.7909567952156067,0.9736328125,0.1003215844682541,0.7883979082107544,0.9755859375,0.1010675569844606,0.7882856130599976,0.97607421875,0.101108021076889
89,0,0,move,easy,1.0,False,0.9801197052001952,0.9677734375,0.0916440554797492,0.9890717267990112,0.96826171875,0.0131349391965886,,,
89,0,1,rotate,easy,1.0,False,0.9661469459533693,0.97607421875,0.0785373010380623,0.9661469459533693,0.97607421875,0.0785373010380623,,,
89,0,2,rotate,medium,1.0,False,0.947376012802124,0.97021484375,0.0798650772014328,0.947376012802124,0.97021484375,0.0798650772014328,,,
89,0,3,rotate,hard,1.0,False,0.93737131357193,0.97509765625,0.0805086368155072,0.93737131357193,0.97509765625,0.0805086368155072,,,
89,0,4,resize,easy,1.1605403821028297,False,0.9586684703826904,0.9716796875,0.070783355044635,0.96470308303833,0.97119140625,0.0157267834753496,,,
89,0,5,resize,medium,1.3605403821028297,False,0.9325994253158568,0.97509765625,0.0635931898551567,0.9317803978919984,0.97412109375,0.0121810205665869,,,
89,0,6,resize,easy,0.8697298089485852,False,0.960444450378418,0.96630859375,0.0884810808843606,0.9685469269752502,0.96630859375,0.0265823399900497,,,
89,0,7,resize,medium,0.6605403821028295,False,0.9134141206741332,0.97216796875,0.1069196238325772,0.917724311351776,0.97216796875,0.0407392615414524,,,
89,0,8,resize,hard,0.46054038210282955,True,0.8444227576255798,0.966796875,0.1297032022589674,0.8445005416870117,0.966796875,0.1295746738010115,0.8446304798126221,0.96728515625,0.1295675655680094
89,1,0,move,easy,1.0,False,0.9900246858596802,0.9833984375,0.0813589666718743,0.9934539794921876,0.9833984375,0.0166365540465621,,,
89,1,5,resize,easy,1.1605403821028297,False,0.9661949276924132,0.98095703125,0.0631912207818801,0.9656702876091005,0.98193359375,0.0195536405874455,,,
89,1,6,resize,medium,1.3605403821028297,False,0.95266854763031,0.98583984375,0.0595642742643281,0.95128732919693,0.98583984375,0.0181653540700773,,,
90,0,0,move,easy,1.0,False,0.96321040391922,0.9599609375,0.0893495257644597,0.9746456146240234,0.96044921875,0.0463691565106112,,,
90,0,1,move,easy,1.0,False,0.8915911912918091,0.95703125,0.0960561009335841,0.8973246812820435,0.95703125,0.0504991425684012,,,
90,0,2,move,hard,1.0,False,0.8773313164710999,0.9541015625,0.0879186599446319,0.8741570711135864,0.9541015625,0.04414842298432,,,
90,0,3,rotate,easy,1.0,False,0.8732762932777405,0.95361328125,0.078318624589357,0.8732762932777405,0.95361328125,0.078318624589357,,,
90,0,4,rotate,easy,1.0,False,0.8302208185195923,0.94970703125,0.0833656334913248,0.8302208185195923,0.94970703125,0.0833656334913248,,,
90,0,5,rotate,hard,1.0,False,0.7090862393379211,0.95068359375,0.088966557901389,0.7090862393379211,0.95068359375,0.088966557901389,,,
90,0,6,resize,easy,1.16704899053063,False,0.9142663478851318,0.95556640625,0.0731860835684788,0.9175431132316588,0.955078125,0.0548594828785791,,,
90,0,7,resize,easy,1.36704899053063,False,0.92097008228302,0.9580078125,0.0643392391250052,0.920892596244812,0.9580078125,0.0447833454369401,,,
90,0,8,resize,hard,2.002867428979724,True,0.7697156667709351,0.95361328125,0.0548301471724526,0.768916130065918,0.95263671875,0.0546186920972161,0.7689570188522339,0.95263671875,0.0545826804028554
90,0,9,resize,easy,0.866475504734685,False,0.9435651302337646,0.958984375,0.0908582156843761,0.9446698427200316,0.958984375,0.0783687276827664,,,
90,0,10,resize,easy,0.6670489905306299,False,0.885323166847229,0.958984375,0.1164545239782659,0.8909555673599243,0.958984375,0.1089030632333254,,,
90,0,11,resize,hard,0.46704899053062987,True,0.6852220296859741,0.9560546875,0.163226898137384,0.6856686472892761,0.95556640625,0.1627657650675553,0.6856142282485962,0.95556640625,0.1628019323671497
91,0,0,rotate,medium,1.0,False,0.9690001606941224,0.9775390625,0.045656960458602,0.9690001606941224,0.9775390625,0.045656960458602,,,
91,0,1,rotate,hard,1.0,False,0.9522359371185304,0.96728515625,0.0466192563000178,0.9522359371185304,0.96728515625,0.0466192563000178,,,
91,0,2,rotate,hard,1.0,False,0.917664647102356,0.9716796875,0.0482713277731601,0.917664647102356,0.9716796875,0.0482713277731601,,,
91,0,3,resize,medium,0.866475504734685,False,0.9638283252716064,0.95751953125,0.0505683978990862,0.9683342576026917,0.95751953125,0.0201685893065362,,,
91,0,4,resize,hard,0.6670489905306299,False,0.9001318216323853,0.951171875,0.0629253945128457,0.8963860273361206,0.95068359375,0.0302894546135955,,,
91,0,5,resize,hard,0.46704899053062987,True,0.7935802936553955,0.95458984375,0.0793435509887715,0.7943826913833618,0.9580078125,0.0795519236006368,0.7943170070648193,0.9580078125,0.0795489777107424
92,0,0,move,medium,1.0,False,0.9870500564575196,0.9423828125,0.0199602480028231,0.9884523153305054,0.94189453125,0.0053417350238962,,,
92,0,1,move,hard,1.0,False,0.9862068891525269,0.92724609375,0.018941621458767,0.987497866153717,0.92919921875,0.0044679362346086,,,
92,0,2,move,hard,1.0,False,0.9901777505874634,0.8486328125,0.0202238373178123,0.9892038106918336,0.845703125,0.0050050455104411,,,
92,0,3,rotate,medium,1.0,False,0.9816035628318788,0.89453125,0.0191425632574356,0.9816035628318788,0.89453125,0.0191425632574356,,,
92,0,4,rotate,hard,1.0,False,0.977826714515686,0.93896484375,0.0195977286415859,0.977826714515686,0.93896484375,0.0195977286415859,,,
92,0,5,rotate,hard,1.0,False,0.9587413668632508,0.90576171875,0.0205163204806567,0.9587413668632508,0.90576171875,0.0205163204806567,,,
92,0,6,resize,medium,0.8568408904301068,False,0.9818198084831238,0.890625,0.020741011605506,0.9831045866012572,0.89111328125,0.0087235240421568,,,
92,0,7,resize,hard,0.6863182191397863,False,0.9643243551254272,0.88037109375,0.0242367777696013,0.964890718460083,0.88037109375,0.0114245363030158,,,
92,0,8,resize,hard,0.48631821913978635,True,0.9069101810455322,0.87548828125,0.0310925510424069,0.9068459868431092,0.87353515625,0.031213386671351,0.9071033000946044,0.87353515625,0.0312120854555719
93,0,0,move,easy,1.0,False,0.9676190614700316,0.9697265625,0.0623736143412931,0.9840547442436218,0.97021484375,0.0099356312822571,,,
93,0,1,move,medium,1.0,False,0.9515795111656188,0.96875,0.063223777816591,0.9689205884933472,0.97119140625,0.0101369495029349,,,
93,0,2,move,hard,1.0,False,0.9610120058059692,0.97509765625,0.064179707409348,0.9771709442138672,0.974609375,0.0098606604177327,,,
93,0,3,rotate,easy,1.0,False,0.9425957202911376,0.97705078125,0.0534748029575833,0.9425957202911376,0.97705078125,0.0534748029575833,,,
93,0,4,rotate,easy,1.0,False,0.9238452911376952,0.96923828125,0.0526471801196873,0.9238452911376952,0.96923828125,0.0526471801196873,,,
93,0,5,rotate,hard,1.0,False,0.8235630989074707,0.96826171875,0.0531684227301423,0.8235630989074707,0.96826171875,0.0531684227301423,,,
93,0,6,resize,easy,1.1373077706900088,False,0.9521710872650146,0.9716796875,0.0475131472599935,0.9628558158874512,0.970703125,0.0128980623986979,,,
93,0,7,resize,easy,1.3373077706900087,False,0.9284796714782716,0.97607421875,0.0415177597006903,0.9315129518508912,0.97509765625,0.0095570684202729,,,
93,0,8,resize,medium,1.7609561752988048,True,0.8623076677322388,0.978515625,0.0386195993962672,0.8626595735549927,0.9794921875,0.0387043229587929,0.8625597953796387,0.97900390625,0.0386857544083468
93,0,9,resize,easy,0.8813461146549957,False,0.9411340951919556,0.9755859375,0.0567293664712729,0.9569400548934937,0.9755859375,0.0176044645631553,,,
93,0,10,resize,medium,0.6373077706900088,False,0.91093510389328,0.97607421875,0.0688878548396656,0.8936597108840942,0.97607421875,0.0279663656574598,,,
93,0,11,resize,hard,0.4373077706900088,True,0.7078394889831543,0.97607421875,0.0836322839937559,0.7320022583007812,0.97509765625,0.0830314373462071,0.7314637899398804,0.9755859375,0.0830070714616585
94,0,0,move,medium,1.0,False,0.9712424874305724,0.97119140625,0.0545393146598484,0.9810020327568054,0.970703125,0.0097210183061479,,,
94,0,1,move,medium,1.0,False,0.9710685014724731,0.97265625,0.0539301412699824,0.9765879511833192,0.97216796875,0.0097108766365793,,,
94,0,2,rotate,medium,1.0,False,0.9370903968811036,0.9638671875,0.04818207042447,0.9370903968811036,0.9638671875,0.04818207042447,,,
94,0,3,rotate,hard,1.0,False,0.8866321444511414,0.9677734375,0.0478556239064,0.8866321444511414,0.9677734375,0.0478556239064,,,
94,0,4,rotate,hard,1.0,False,0.737052857875824,0.96923828125,0.0517859591958533,0.737052857875824,0.96923828125,0.0517859591958533,,,
94,0,5,resize,medium,1.2344139650872819,False,0.9371894001960754,0.96728515625,0.0407395884939438,0.9418858885765076,0.96923828125,0.0108605793967296,,,
94,0,6,resize,medium,0.814612747422771,False,0.9257081151008606,0.94970703125,0.0579889965294029,0.930212378501892,0.9501953125,0.018981461039269,,,
94,0,7,resize,medium,0.7707745051544581,False,0.923721730709076,0.94775390625,0.0599840451038549,0.9244767427444458,0.94775390625,0.0195599638180117,,,
94,0,8,resize,hard,0.5707745051544582,True,0.8101909160614014,0.9443359375,0.0772295110854799,0.8084172010421753,0.9453125,0.0765426758938869,0.8084295988082886,0.9453125,0.0765455460506642
95,1,0,resize,medium,0.8350077123182623,False,0.9266254901885986,0.96875,0.0395119371446402,0.93867027759552,0.96875,0.0127935156213099,,,
95,1,1,resize,medium,0.7299845753634755,False,0.9030206203460692,0.96728515625,0.0437467500043046,0.8928724527359009,0.96728515625,0.0160030547680614,,,
95,1,2,resize,hard,0.5299845753634755,True,0.792992115020752,0.96484375,0.0547040298733472,0.7927538156509399,0.96337890625,0.0545818123399738,0.7929075956344604,0.96337890625,0.054581889206347
96,0,0,move,easy,1.0,False,0.9812836647033693,0.994140625,0.020910199554376,0.9835805892944336,0.994140625,0.0067066205029965,,,
96,0,1,rotate,easy,1.0,False,0.950432300567627,0.99072265625,0.0210477529323902,0.950432300567627,0.99072265625,0.0210477529323902,,,
96,0,2,rotate,medium,1.0,False,0.8634166717529297,0.9873046875,0.0209916218127217,0.8634166717529297,0.9873046875,0.0209916218127217,,,
96,0,3,resize,easy,1.1904168637058714,False,0.963210105895996,0.9892578125,0.0199075587224137,0.956108331680298,0.98876953125,0.0080053010451492,,,
96,0,4,resize,easy,0.8547915681470644,False,0.9633060693740844,0.9931640625,0.0214670327544503,0.9687424898147584,0.9931640625,0.0113081634640656,,,
96,0,5,resize,medium,0.6904168637058714,False,0.8747981190681458,0.99169921875,0.0232946988020839,0.8822993040084839,0.99169921875,0.0138703696882635,,,
96,0,6,resize,hard,0.49041686370587134,True,0.7565658688545227,0.9892578125,0.0269411643031398,0.7563181519508362,0.9892578125,0.027283880767117,0.7563840746879578,0.9892578125,0.0272644128496367
96,1,0,move,easy,1.0,False,0.9885575771331788,0.98876953125,0.027170377741425,0.988721489906311,0.98876953125,0.0176561888799263,,,
96,1,1,move,easy,1.0,False,0.9889123439788818,0.9931640625,0.0271345276117196,0.9888038039207458,0.9931640625,0.0177417936288958,,,
96,1,2,resize,easy,1.1904168637058714,False,0.9754841327667236,0.990234375,0.0242356758820347,0.974525511264801,0.990234375,0.0188821373149945,,,
96,1,3,resize,easy,0.8547915681470644,False,0.962458312511444,0.9921875,0.0249194951305635,0.962819755077362,0.9921875,0.0216956161831769,,,
96,1,4,resize,easy,0.6904168637058714,False,0.9605630040168762,0.99365234375,0.0328636973553218,0.9585365056991576,0.99365234375,0.0296664213882756,,,
96,1,5,resize,hard,0.49041686370587134,True,0.9212692975997924,0.99560546875,0.0432731748756089,0.9216841459274292,0.99560546875,0.0429416965725282,0.9217089414596558,0.99560546875,0.0429396161647683
97,0,0,move,hard,1.0,False,0.9806959629058838,0.95703125,0.0368927931780105,0.9853125810623168,0.95654296875,0.0066127981172665,,,
97,0,1,rotate,hard,1.0,False,0.978190302848816,0.94970703125,0.0329996272531443,0.978190302848816,0.94970703125,0.0329996272531443,,,
97,0,2,rotate,hard,1.0,False,0.958861231803894,0.9462890625,0.0327801667355145,0.958861231803894,0.9462890625,0.0327801667355145,,,
97,0,3,rotate,hard,1.0,False,0.8309233784675598,0.9541015625,0.0352739912000249,0.8309233784675598,0.9541015625,0.0352739912000249,,,
97,0,4,resize,hard,0.8231377643716276,False,0.9644612073898317,0.93017578125,0.038018766094817,0.9689732789993286,0.93115234375,0.0130348338687039,,,
97,0,5,resize,hard,0.753724471256745,False,0.9556961059570312,0.939453125,0.0410889138710774,0.961186707019806,0.9423828125,0.014242506409995,,,
97,0,6,resize,hard,0.5537244712567451,True,0.910457968711853,0.92919921875,0.0546209946832766,0.9101461172103882,0.9306640625,0.0546999462680384,0.9102205634117126,0.9306640625,0.054686922567663
97,1,0,move,easy,1.0,False,0.9469062685966492,0.982421875,0.0760586817924114,0.9527754187583924,0.98291015625,0.0289407566081533,,,
97,1,1,rotate,easy,1.0,False,0.9105075597763062,0.98046875,0.0600620295951275,0.9105075597763062,0.98046875,0.0600620295951275,,,
97,1,2,rotate,easy,1.0,False,0.8902101516723633,0.9833984375,0.062963959227424,0.8902101516723633,0.9833984375,0.062963959227424,,,
97,1,3,rotate,hard,1.0,False,0.8343745470046997,0.984375,0.064422144642783,0.8343745470046997,0.984375,0.064422144642783,,,
97,1,4,resize,easy,1.134087229559002,False,0.913752257823944,0.984375,0.0595323050801942,0.9125958681106568,0.984375,0.0359864920859736,,,
98,0,0,move,easy,1.0,False,0.9724849462509156,0.9462890625,0.0453475241730577,0.9848832488059998,0.94775390625,0.0060177454906385,,,
98,0,2,move,hard,1.0,False,0.9505258202552797,0.9130859375,0.0453355798981613,0.9616196751594543,0.91455078125,0.0060121637834835,,,
98,0,6,resize,easy,1.1620177042070203,False,0.9455400705337524,0.9619140625,0.0359605284536134,0.951332151889801,0.9619140625,0.0070904801729715,,,
98,0,7,resize,medium,1.3620177042070203,False,0.9229883551597596,0.9755859375,0.0334859953007637,0.9281734228134156,0.97412109375,0.005786815048392,,,
98,1,0,move,easy,1.0,False,0.9756942391395568,0.97314453125,0.0828106867286898,0.9730623364448548,0.97314453125,0.0368099753214703,,,
98,1,1,move,medium,1.0,False,0.8857929706573486,0.9833984375,0.0923639836452084,0.8914491534233093,0.9833984375,0.0365671991779969,,,
98,1,2,move,medium,1.0,False,0.9499476552009584,0.97607421875,0.0889627462016542,0.9476730227470398,0.9765625,0.0374534677706212,,,
98,1,3,rotate,easy,1.0,False,0.9098280668258668,0.97705078125,0.076045276045276,0.9098280668258668,0.97705078125,0.076045276045276,,,
98,1,4,rotate,easy,1.0,False,0.8209388256072998,0.9814453125,0.0771554156874627,0.8209388256072998,0.9814453125,0.0771554156874627,,,
98,1,5,rotate,hard,1.0,False,0.7327675819396973,0.9765625,0.0813110546600519,0.7327675819396973,0.9765625,0.0813110546600519,,,
98,1,6,resize,easy,1.1620177042070203,False,0.9508439302444458,0.97900390625,0.0653701199509178,0.9494717717170716,0.97900390625,0.0449659429544487,,,
98,1,7,resize,easy,1.3620177042070203,False,0.9200096130371094,0.9794921875,0.0605869322195474,0.93110454082489,0.9794921875,0.0370520338250725,,,
98,1,8,resize,medium,1.7540983606557377,True,0.8621346950531006,0.9736328125,0.0533394084305431,0.8622668981552124,0.97509765625,0.0539512025781262,0.8624983429908752,0.97607421875,0.0539512025781262
98,1,9,resize,easy,0.8689911478964899,False,0.9431984424591064,0.97607421875,0.0833725891106144,0.9482223391532898,0.97607421875,0.0703369983195186,,,
98,1,10,resize,easy,0.6620177042070202,False,0.8767257332801819,0.97607421875,0.0935825018712719,0.8775637745857239,0.97607421875,0.0880034107306834,,,
98,1,11,resize,hard,0.4620177042070202,True,0.6960705518722534,0.9775390625,0.1109362389023406,0.698052167892456,0.97802734375,0.1117433414043583,0.6983112096786499,0.97802734375,0.1118303818702622
99,0,0,move,medium,1.0,False,0.9747999906539916,0.99072265625,0.0278746876184885,0.98953115940094,0.99072265625,0.0038397171197466,,,
99,0,1,move,medium,1.0,False,0.951189398765564,0.98193359375,0.0282338559115904,0.9751805067062378,0.98486328125,0.003906262327883,,,
99,0,2,rotate,easy,1.0,False,0.9376829266548156,0.984375,0.0256440427524691,0.9376829266548156,0.984375,0.0256440427524691,,,
99,0,3,rotate,medium,1.0,False,0.8352028131484985,0.9892578125,0.0255881975362242,0.8352028131484985,0.9892578125,0.0255881975362242,,,
99,0,4,rotate,hard,1.0,False,0.7136788368225098,0.98583984375,0.0276957529359685,0.7136788368225098,0.98583984375,0.0276957529359685,,,
99,0,5,resize,easy,0.8876718769097962,False,0.9767023324966432,0.98681640625,0.0268314013866073,0.975583016872406,0.98681640625,0.006161173506725,,,
99,0,6,resize,hard,0.6246562461804076,False,0.9188979268074036,0.9873046875,0.0326609221655414,0.9271310567855836,0.9873046875,0.0101462641926289,,,
99,0,7,resize,hard,0.4246562461804076,True,0.8362286686897278,0.98583984375,0.0374540069886865,0.8359466791152954,0.986328125,0.037655738402007,0.8358292579650879,0.9853515625,0.0376567389297854
100,0,0,rotate,hard,1.0,False,0.962047517299652,0.97705078125,0.0224086941383944,0.962047517299652,0.97705078125,0.0224086941383944,,,
100,1,0,move,easy,1.0,False,0.944161057472229,0.9658203125,0.0686561093084098,0.9484866857528688,0.9658203125,0.0508287803570272,,,
100,1,1,move,easy,1.0,False,0.8682283163070679,0.97607421875,0.0613395457192778,0.8781427145004272,0.97607421875,0.0457568109752151,,,
100,1,2,move,medium,1.0,False,0.9107486009597778,0.97314453125,0.0638000942951437,0.9170360565185548,0.97314453125,0.0470229543962799,,,
100,1,3,rotate,easy,1.0,False,0.8998068571090698,0.97021484375,0.0588546265291729,0.8998068571090698,0.97021484375,0.0588546265291729,,,
100,1,4,rotate,medium,1.0,False,0.8138999938964844,0.96728515625,0.0629284661460783,0.8138999938964844,0.96728515625,0.0629284661460783,,,
100,1,5,rotate,hard,1.0,False,0.723868727684021,0.9658203125,0.0610048858101086,0.723868727684021,0.9658203125,0.0610048858101086,,,
100,1,6,resize,easy,1.2716997208861396,False,0.8923311233520508,0.9677734375,0.0534033303406414,0.8935800790786743,0.96826171875,0.0480146573367783,,,
100,1,7,resize,easy,1.4716997208861398,False,0.8583093881607056,0.97216796875,0.0532294193478025,0.8610205054283142,0.97265625,0.0460759178742109,,,
100,1,8,resize,easy,0.8141501395569302,False,0.8804315328598022,0.97119140625,0.067988355751857,0.8839268684387207,0.97119140625,0.0670587119944678,,,
100,1,9,resize,easy,0.7716997208861397,False,0.7640870809555054,0.970703125,0.0736928104575163,0.7652958631515503,0.970703125,0.0727650485912217,,,
100,1,10,resize,medium,0.5716997208861396,True,0.721876859664917,0.97216796875,0.0949279711884754,0.7256777882575989,0.9716796875,0.0943555199857721,0.7258245348930359,0.9716796875,0.0943599662087057
101,0,3,rotate,easy,1.0,False,0.9347856640815736,0.96435546875,0.0227639091496419,0.9347856640815736,0.96435546875,0.0227639091496419,,,
101,0,4,rotate,easy,1.0,False,0.882201075553894,0.97119140625,0.0250985325637104,0.882201075553894,0.97119140625,0.0250985325637104,,,
101,0,5,rotate,medium,1.0,False,0.8268858194351196,0.96630859375,0.0311363308478835,0.8268858194351196,0.96630859375,0.0311363308478835,,,
101,0,6,resize,easy,1.1280677341642331,False,0.9452489614486694,0.97607421875,0.0201863211438984,0.9471700191497804,0.97607421875,0.0098166203912959,,,
101,0,7,resize,easy,1.328067734164233,False,0.8821687698364258,0.9736328125,0.0216902788355315,0.891496479511261,0.9736328125,0.0107594063743669,,,
101,0,8,resize,medium,1.7105080062317477,True,0.8066060543060303,0.98193359375,0.021458959503321,0.8058182001113892,0.982421875,0.0214278663869221,0.8055529594421387,0.982421875,0.0214191653041987
101,0,9,resize,easy,0.8859661329178835,False,0.899543046951294,0.9716796875,0.0244814399353277,0.9017760753631592,0.9716796875,0.0142995260243941,,,
102,0,0,move,easy,1.0,False,0.9725317358970642,0.98291015625,0.0291626519642594,0.980542540550232,0.9833984375,0.0097250297703748,,,
102,0,1,rotate,easy,1.0,False,0.945708990097046,0.94873046875,0.0259325416853801,0.945708990097046,0.94873046875,0.0259325416853801,,,
102,0,2,rotate,easy,1.0,False,0.9442474842071532,0.95947265625,0.0263924821119057,0.9442474842071532,0.95947265625,0.0263924821119057,,,
102,0,3,rotate,hard,1.0,False,0.8732302784919739,0.97021484375,0.027792656595902,0.8732302784919739,0.97021484375,0.027792656595902,,,
102,0,4,resize,easy,0.8859661329178835,False,0.9573976993560792,0.96240234375,0.0293279609470756,0.9433884024620056,0.962890625,0.0161772937163332,,,
102,0,5,resize,medium,0.628067734164233,False,0.8784506320953369,0.95849609375,0.0406392192832473,0.8730958700180054,0.95849609375,0.0258890259459573,,,
102,0,6,resize,hard,0.42806773416423305,True,0.6833202838897705,0.97509765625,0.0538358621383967,0.6882439851760864,0.97509765625,0.0540276751154454,0.6881694197654724,0.97509765625,0.0540017114804305
102,1,0,move,easy,1.0,False,0.9883217215538024,0.98681640625,0.0275309971907145,0.9925779104232788,0.986328125,0.0092585068583756,,,
103,0,0,move,hard,1.0,False,0.9818445444107056,0.9609375,0.0289122923646693,0.9884401559829712,0.962890625,0.0036308870278529,,,
103,0,1,move,hard,1.0,False,0.98542457818985,0.98291015625,0.0289174974210619,0.9916818141937256,0.98291015625,0.0034638483467756,,,
103,0,2,rotate,hard,1.0,False,0.9671264290809632,0.96337890625,0.0260736414296679,0.9671264290809632,0.96337890625,0.0260736414296679,,,
103,0,3,rotate,hard,1.0,False,0.9526774883270264,0.9814453125,0.0265311207701471,0.9526774883270264,0.9814453125,0.0265311207701471,,,
103,0,4,rotate,hard,1.0,False,0.8815121650695801,0.98291015625,0.0260525392956338,0.8815121650695801,0.98291015625,0.0260525392956338,,,
103,0,5,resize,hard,0.8168682091760134,False,0.970241129398346,0.9560546875,0.0279972710557414,0.972175359725952,0.9560546875,0.006784405420207,,,
103,0,6,resize,hard,0.7662635816479734,False,0.9611316919326782,0.958984375,0.0300386176640637,0.9646145105361938,0.958984375,0.00800919890747,,,
103,0,7,resize,hard,0.5662635816479733,True,0.8685858249664307,0.95458984375,0.0373022561071665,0.8746249079704285,0.9541015625,0.0374114521748427,0.8743503093719482,0.95361328125,0.0374025633871785
104,0,0,move,medium,1.0,False,0.9765470027923584,0.97900390625,0.0451168824541634,0.9846322536468506,0.97802734375,0.0117109786019446,,,
104,0,1,rotate,medium,1.0,False,0.9609920382499696,0.97314453125,0.0404241324115191,0.9609920382499696,0.97314453125,0.0404241324115191,,,
104,0,2,rotate,hard,1.0,False,0.9484987258911132,0.96875,0.0392004620794159,0.9484987258911132,0.96875,0.0392004620794159,,,
104,0,3,rotate,hard,1.0,False,0.8914058804512024,0.98583984375,0.0407907725482452,0.8914058804512024,0.98583984375,0.0407907725482452,,,
104,0,4,resize,medium,1.190023752969121,False,0.9644914269447328,0.9794921875,0.0355736728216645,0.969864010810852,0.97998046875,0.0140282862646169,,,
104,0,5,resize,medium,0.8168682091760134,False,0.9520628452301024,0.962890625,0.0469773534058915,0.955656886100769,0.96240234375,0.0228332951687025,,,
104,0,6,resize,medium,0.7662635816479734,False,0.9386388659477234,0.97021484375,0.049145630137306,0.938663899898529,0.9697265625,0.024617269419558,,,
104,0,7,resize,hard,0.5662635816479733,True,0.8666514158248901,0.966796875,0.0594399632762804,0.868759036064148,0.96728515625,0.0592648274138521,0.8687270879745483,0.96728515625,0.059256083671093
105,0,0,move,medium,1.0,False,0.9839571714401244,0.9658203125,0.0337433427700584,0.9892361760139464,0.9658203125,0.0075082260296653,,,
105,0,1,move,medium,1.0,False,0.9886925220489502,0.97607421875,0.033065013017236,0.9932641983032228,0.9765625,0.0071224411363799,,,
105,0,2,rotate,medium,1.0,False,0.980311393737793,0.908203125,0.0304747575101503,0.980311393737793,0.908203125,0.0304747575101503,,,
105,0,3,rotate,hard,1.0,False,0.9746251106262208,0.94140625,0.0307314062043917,0.9746251106262208,0.94140625,0.0307314062043917,,,
105,0,4,rotate,hard,1.0,False,0.9259548783302308,0.9365234375,0.0320235384718943,0.9259548783302308,0.9365234375,0.0320235384718943,,,
105,0,5,resize,medium,1.2235866925924657,False,0.9808303117752076,0.9677734375,0.026286239899203,0.9832552671432496,0.9677734375,0.008827706553253,,,
105,0,6,resize,medium,1.4235866925924656,False,0.9743261337280272,0.96337890625,0.0239103876866934,0.9738041162490844,0.96337890625,0.0071543833170989,,,
105,0,7,resize,hard,1.5161290322580645,True,0.968496561050415,0.9423828125,0.0222684154590354,0.9685219526290894,0.94677734375,0.0223973292252599,0.9685572385787964,0.9482421875,0.0223926609600889
105,0,8,resize,medium,0.8382066537037672,False,0.962255597114563,0.96630859375,0.0336815954049683,0.965952694416046,0.966796875,0.0131996696995655,,,
105,0,9,resize,medium,0.7235866925924656,False,0.9304823875427246,0.95751953125,0.0384671365464465,0.9392916560173036,0.95751953125,0.0155460864644603,,,
105,0,10,resize,hard,0.5235866925924655,True,0.7633649110794067,0.9521484375,0.046825845243825,0.7625750303268433,0.947265625,0.0478906009615198,0.7623038291931152,0.947265625,0.047906024341038
106,0,0,move,medium,1.0,False,0.9796151518821716,0.943359375,0.0511469292334201,0.98866868019104,0.94140625,0.009162566764316,,,
106,0,1,rotate,medium,1.0,False,0.9634536504745485,0.97998046875,0.0459961819122553,0.9634536504745485,0.97998046875,0.0459961819122553,,,
106,0,2,rotate,medium,1.0,False,0.9653167128562928,0.9794921875,0.0462778228126384,0.9653167128562928,0.9794921875,0.0462778228126384,,,
106,0,3,rotate,hard,1.0,False,0.927809476852417,0.9892578125,0.0477214907492923,0.927809476852417,0.9892578125,0.0477214907492923,,,
106,0,4,resize,medium,1.1513838936397929,False,0.9627376198768616,0.9892578125,0.0415928348459285,0.9680991172790528,0.9892578125,0.0120458371687393,,,
106,0,5,resize,easy,0.8743080531801036,False,0.9605269432067872,0.953125,0.0514751880252606,0.9701400995254515,0.953125,0.0160834982181121,,,
106,0,6,resize,hard,0.6513838936397928,False,0.9310649633407592,0.9658203125,0.0634808380444542,0.9468384981155396,0.96630859375,0.0241269520958755,,,
106,0,7,resize,hard,0.4513838936397928,True,0.8544882535934448,0.96826171875,0.0785120894853445,0.8562058210372925,0.96923828125,0.0773269312058048,0.856412410736084,0.96875,0.0773268249993096
107,0,0,move,easy,1.0,False,0.9766425490379332,0.97314453125,0.0703393001721334,0.9874200820922852,0.97314453125,0.0144898650987756,,,
107,0,1,move,hard,1.0,False,0.9720035791397096,0.9716796875,0.0721328070209843,0.9792227745056152,0.97119140625,0.0143259894804233,,,
107,0,2,move,hard,1.0,False,0.980509638786316,0.98095703125,0.0706810856933143,0.9879478812217712,0.98095703125,0.0144315401066365,,,
107,0,3,rotate,easy,1.0,False,0.9734030365943908,0.96435546875,0.058718885944624,0.9734030365943908,0.96435546875,0.058718885944624,,,
107,0,4,rotate,medium,1.0,False,0.966747224330902,0.9619140625,0.0582124365157429,0.966747224330902,0.9619140625,0.0582124365157429,,,
107,0,5,rotate,hard,1.0,False,0.9293426275253296,0.95556640625,0.0575529797954876,0.9293426275253296,0.95556640625,0.0575529797954876,,,
107,0,6,resize,easy,0.8969757847382896,False,0.9713664650917052,0.9638671875,0.0642780296702859,0.9758262038230896,0.9638671875,0.0222584483421495,,,
107,0,7,resize,hard,0.6060484305234206,False,0.9183186292648317,0.96923828125,0.0822506773073422,0.932458519935608,0.96923828125,0.0353830806718016,,,
107,0,8,resize,hard,0.4060484305234207,True,0.764629602432251,0.9677734375,0.1040497578512859,0.7536025047302246,0.96826171875,0.1039774335074144,0.7534517645835876,0.96826171875,0.1039664064774071
108,0,0,move,easy,1.0,False,0.9496182203292848,0.95654296875,0.0348408299163057,0.9496229887008668,0.9580078125,0.0124566849929212,,,
108,0,1,move,medium,1.0,False,0.9538273811340332,0.9697265625,0.0319988486409496,0.9599733352661132,0.97216796875,0.012148138564898,,,
108,0,2,move,hard,1.0,False,0.939156711101532,0.9580078125,0.0315287559965904,0.9471985697746276,0.958984375,0.0121910920609789,,,
108,0,3,rotate,easy,1.0,False,0.949431836605072,0.96484375,0.0329428009045424,0.949431836605072,0.96484375,0.0329428009045424,,,
108,0,4,rotate,medium,1.0,False,0.923523247241974,0.955078125,0.0334938272555607,0.923523247241974,0.955078125,0.0334938272555607,,,
108,0,5,rotate,hard,1.0,False,0.896065354347229,0.93701171875,0.0336581881007459,0.896065354347229,0.93701171875,0.0336581881007459,,,
108,0,6,resize,easy,1.1691450792470817,False,0.9436627626419068,0.97802734375,0.0294128844700677,0.9521157145500184,0.982421875,0.0152746388985742,,,
108,0,7,resize,medium,1.3691450792470816,False,0.923344612121582,0.97802734375,0.0267277714558845,0.9198975563049316,0.982421875,0.0120719117551717,,,
108,0,8,resize,medium,1.5036496350364963,True,0.9177391529083252,0.96337890625,0.0273523115328488,0.917786419391632,0.962890625,0.0275088746828118,0.9179821014404296,0.96240234375,0.0274994588357107
108,0,9,resize,easy,0.8654274603764592,False,0.9220969080924988,0.9619140625,0.0369389852623204,0.9263612031936646,0.96142578125,0.0236350902960026,,,
108,0,10,resize,medium,0.6691450792470816,False,0.8807945251464844,0.96435546875,0.0398537465956214,0.8846250772476196,0.96435546875,0.0286881501224772,,,
108,0,11,resize,hard,0.4691450792470816,True,0.7592021226882935,0.96533203125,0.0545751245266355,0.7574702501296997,0.96533203125,0.0537577229059817,0.7581462860107422,0.96533203125,0.0537037684904658
109,0,0,move,easy,1.0,False,0.9426718950271606,0.982421875,0.0237094970868325,0.9414911866188048,0.982421875,0.0085086099941989,,,
109,0,1,move,medium,1.0,False,0.9316368103027344,0.9765625,0.0324040164391077,0.9338141679763794,0.9765625,0.0109487277929892,,,
109,0,2,move,medium,1.0,False,0.91309654712677,0.986328125,0.0342900845021637,0.9196995496749878,0.986328125,0.0169051839284195,,,
109,0,3,rotate,easy,1.0,False,0.8961359858512878,0.9814453125,0.0241960355123913,0.8961359858512878,0.9814453125,0.0241960355123913,,,
109,0,4,rotate,easy,1.0,False,0.8590391874313354,0.9814453125,0.0250335225923116,0.8590391874313354,0.9814453125,0.0250335225923116,,,
109,0,5,rotate,medium,1.0,False,0.7773900628089905,0.98193359375,0.030660093931256,0.7773900628089905,0.98193359375,0.030660093931256,,,
109,0,6,resize,easy,1.103844476074856,False,0.9159103631973268,0.9873046875,0.0241992563043727,0.9147170186042786,0.9873046875,0.0132892755954401,,,
109,0,7,resize,easy,1.303844476074856,False,0.8798732161521912,0.97216796875,0.0217968060409819,0.8833489418029785,0.97265625,0.0107545679693909,,,
109,0,8,resize,medium,1.52883357056142,True,0.7948369979858398,0.97998046875,0.0222916584474165,0.7922708988189697,0.97998046875,0.022201049433858,0.7930736541748047,0.97998046875,0.0222041398719112
109,0,9,resize,easy,0.898077761962572,False,0.9059165120124816,0.9833984375,0.027066791883662,0.9129619598388672,0.9833984375,0.016665433468985,,,
109,0,10,resize,medium,0.6038444760748559,False,0.831612229347229,0.984375,0.0348257010466775,0.837051272392273,0.984375,0.0251749723284892,,,
109,0,11,resize,hard,0.403844476074856,True,0.684775710105896,0.982421875,0.0439164312013014,0.6862105131149292,0.98193359375,0.0437261561587274,0.6857134699821472,0.982421875,0.0437023717784056
110,0,0,move,easy,1.0,False,0.9767689108848572,0.9501953125,0.0853147850806615,0.9819222688674928,0.95458984375,0.0225816392922041,,,
110,0,1,move,medium,1.0,False,0.948177456855774,0.93505859375,0.0862560248278714,0.9465259313583374,0.93701171875,0.0236889508765423,,,
110,0,2,rotate,easy,1.0,False,0.9096052646636964,0.96630859375,0.0744859034610706,0.9096052646636964,0.96630859375,0.0744859034610706,,,
110,0,5,resize,medium,1.2583054805165075,False,0.9040324091911316,0.96044921875,0.0682819977990173,0.9085148572921752,0.9599609375,0.0248213557106594,,,
110,0,6,resize,medium,1.4583054805165077,False,0.8861928582191467,0.93896484375,0.0628905984993419,0.8963823914527893,0.94091796875,0.0200974525846484,,,
111,0,0,move,easy,1.0,False,0.9876610040664672,0.98388671875,0.0369362994943135,0.9884633421897888,0.98388671875,0.0176461260685041,,,
111,0,1,move,easy,1.0,False,0.9736345410346984,0.98095703125,0.0366007734249273,0.9734328985214232,0.98095703125,0.015422327907616,,,
111,0,2,rotate,easy,1.0,False,0.9860331416130066,0.98193359375,0.0325047541428959,0.9860331416130066,0.98193359375,0.0325047541428959,,,
111,0,3,rotate,medium,1.0,False,0.9601045846939088,0.9833984375,0.0344627301709155,0.9601045846939088,0.9833984375,0.0344627301709155,,,
111,0,4,rotate,hard,1.0,False,0.966356873512268,0.98388671875,0.0326549842091183,0.966356873512268,0.98388671875,0.0326549842091183,,,
111,0,5,resize,easy,1.2583054805165075,False,0.9725341796875,0.98193359375,0.0305804507933619,0.9716399908065796,0.982421875,0.0168696197220832,,,
111,0,6,resize,easy,1.4583054805165077,False,0.9217685461044312,0.9814453125,0.0281531730668537,0.9286881685256958,0.98193359375,0.0160574997852286,,,
111,0,7,resize,easy,0.8361889531898904,False,0.971954345703125,0.98291015625,0.036707985438419,0.9748481512069702,0.98291015625,0.0258283280279954,,,
111,0,8,resize,easy,0.7276220936202193,False,0.9475954174995422,0.98291015625,0.0442636415996794,0.9496989846229552,0.98291015625,0.0333618811509278,,,
111,0,9,resize,medium,0.5276220936202193,True,0.8962078094482422,0.98193359375,0.0467943412202338,0.8963747024536133,0.98193359375,0.045759244988631,0.8962854743003845,0.98193359375,0.0457268982313934
111,1,0,move,medium,1.0,False,0.9660879373550416,0.95654296875,0.1093527196939543,0.9852920174598694,0.9609375,0.0091472145052132,,,
111,1,1,move,medium,1.0,False,0.9577343463897704,0.9560546875,0.1118548147897733,0.970661163330078,0.9541015625,0.0096780481313301,,,
111,1,2,move,hard,1.0,False,0.949763000011444,0.9443359375,0.1110706244827659,0.9665595889091492,0.94580078125,0.0100227613195206,,,
111,1,3,resize,easy,0.8361889531898904,False,0.9436088800430298,0.94140625,0.0941364356797445,0.960676610469818,0.94140625,0.019951828276606,,,
111,1,4,resize,medium,0.7276220936202193,False,0.9282269477844238,0.9404296875,0.0969874213549532,0.952762484550476,0.9404296875,0.0227316946065377,,,
111,1,5,resize,hard,0.5276220936202193,True,0.8091812133789062,0.93994140625,0.108760810721595,0.8023852109909058,0.93603515625,0.1089291849847167,0.8030452728271484,0.93505859375,0.1089106802002179
112,0,0,move,medium,1.0,False,0.9581605792045592,0.986328125,0.0172145364289355,0.958481788635254,0.98583984375,0.0038217064217308,,,
112,0,1,move,hard,1.0,False,0.9482259750366212,0.98388671875,0.0184287624184951,0.9489067792892456,0.98388671875,0.0038710065502497,,,
112,0,2,rotate,medium,1.0,False,0.8906723260879517,0.98828125,0.0176058667152937,0.8906723260879517,0.98828125,0.0176058667152937,,,
112,0,3,rotate,medium,1.0,False,0.8147535920143127,0.98779296875,0.0175240174649525,0.8147535920143127,0.98779296875,0.0175240174649525,,,
112,0,4,rotate,hard,1.0,False,0.7283287048339844,0.98974609375,0.0195882615851381,0.7283287048339844,0.98974609375,0.0195882615851381,,,
112,0,5,resize,easy,1.1195792781722784,False,0.9590789079666138,0.9912109375,0.0141665725437202,0.9573776125907898,0.9921875,0.0044244409076017,,,
112,0,6,resize,medium,1.3081967213114754,False,0.9100831747055054,0.98974609375,0.0138968000876657,0.911290407180786,0.98974609375,0.0038554872111613,,,
112,0,7,resize,easy,0.8902103609138609,False,0.9533072113990784,0.97802734375,0.018104573831516,0.9500271081924438,0.97802734375,0.0073463450276625,,,
112,0,8,resize,hard,0.6195792781722782,False,0.886196494102478,0.9765625,0.0262297091530752,0.8889133930206299,0.9765625,0.0164759203372966,,,
112,0,9,resize,hard,0.41957927817227825,True,0.8019051551818848,0.97705078125,0.0353231928927177,0.8030576109886169,0.9765625,0.0362144748059406,0.8030570149421692,0.97607421875,0.0361952109600514
112,1,0,move,easy,1.0,False,0.9583593606948853,0.97802734375,0.0594355261442343,0.9629225730895996,0.978515625,0.0217791011098427,,,
112,1,1,rotate,hard,1.0,False,0.9152795672416688,0.97607421875,0.0561000183955123,0.9152795672416688,0.97607421875,0.0561000183955123,,,
112,1,2,resize,easy,0.8902103609138609,False,0.944386065006256,0.97998046875,0.0578312034069878,0.9522634148597716,0.97998046875,0.0332050514552866,,,
112,1,3,resize,medium,0.6195792781722782,False,0.9106360077857972,0.97021484375,0.0770325435489399,0.9121187925338744,0.97021484375,0.0528453820753682,,,
112,1,4,resize,hard,0.41957927817227825,True,0.7799496650695801,0.95068359375,0.1026552444273963,0.7818628549575806,0.94482421875,0.1012750989668339,0.7818273305892944,0.9453125,0.1012244560271365
113,0,0,resize,easy,0.8666391144389185,False,0.9557898044586182,0.9638671875,0.0682851813014516,0.95619535446167,0.9638671875,0.0373124062736077,,,
113,0,1,resize,medium,0.6667217711221629,False,0.8736459016799927,0.96435546875,0.0770889167195129,0.8566900491714478,0.96435546875,0.049075162867574,,,
113,0,2,resize,hard,0.46672177112216295,True,0.7377341985702515,0.9677734375,0.1051124717706614,0.7423036098480225,0.9677734375,0.1034201242851646,0.7421807050704956,0.9677734375,0.1033270951657461
113,1,0,move,medium,1.0,False,0.9764999151229858,0.96435546875,0.0508313612558749,0.9837896823883056,0.9609375,0.0061703361745566,,,
113,1,1,move,medium,1.0,False,0.9512386918067932,0.9716796875,0.0507950848437713,0.9626283645629884,0.97216796875,0.0062644296266159,,,
113,1,2,rotate,hard,1.0,False,0.9261115193367004,0.96435546875,0.0454121656704499,0.9261115193367004,0.96435546875,0.0454121656704499,,,
113,1,3,rotate,hard,1.0,False,0.8683527708053589,0.9716796875,0.0474573934208053,0.8683527708053589,0.9716796875,0.0474573934208053,,,
113,1,4,resize,medium,0.8666391144389185,False,0.939090371131897,0.9599609375,0.0524876680686418,0.9427201747894288,0.9599609375,0.0116887017589846,,,
113,1,5,resize,hard,0.6667217711221629,False,0.8595360517501831,0.95703125,0.071647085887495,0.8692880272865295,0.95703125,0.0170781562222312,,,
113,1,6,resize,hard,0.46672177112216295,True,0.7148994207382202,0.95263671875,0.095673708933201,0.7143116593360901,0.9560546875,0.0956604781201897,0.7146378755569458,0.9560546875,0.0956179029900528
114,0,6,resize,easy,1.2103008834346614,False,0.9784654378890992,0.96142578125,0.0881969399932289,0.9796896576881408,0.96142578125,0.0162676725470075,,,
114,0,7,resize,medium,1.4103008834346613,False,0.9746343493461608,0.96875,0.0765918295427676,0.9735183119773864,0.96875,0.0134127041879721,,,
114,0,8,resize,hard,2.230769230769231,True,0.9437718391418456,0.9765625,0.0571962743136853,0.943763256072998,0.974609375,0.0570556454629379,0.9437878727912904,0.97412109375,0.0570467894085559
115,0,0,move,easy,1.0,False,0.9560858011245728,0.96826171875,0.1018253996226011,0.9740273356437684,0.97216796875,0.0293377506784619,,,
115,0,1,move,medium,1.0,False,0.9524576663970948,0.98095703125,0.1079310254159582,0.954258680343628,0.98193359375,0.0319717101939637,,,
115,0,2,move,hard,1.0,False,0.9479164481163024,0.97412109375,0.104020981270479,0.9651414752006532,0.97412109375,0.0297233173277299,,,
115,0,3,resize,easy,1.1840725556138423,False,0.9442846179008484,0.98486328125,0.0814433361300145,0.946502923965454,0.986328125,0.0377468278383725,,,
115,0,4,resize,easy,1.3840725556138422,False,0.937828540802002,0.95947265625,0.0734931289887391,0.9340837597846984,0.96630859375,0.0301788141400603,,,
115,0,5,resize,hard,1.995744680851064,True,0.869545578956604,0.97314453125,0.0553820740664217,0.8700783252716064,0.97509765625,0.055372334754751,0.8701241612434387,0.974609375,0.0553517778504747
115,0,6,resize,easy,0.8579637221930789,False,0.927656352519989,0.9736328125,0.1008644073323338,0.9384475946426392,0.9736328125,0.0564801733819567,,,
115,0,7,resize,easy,0.6840725556138422,False,0.863128125667572,0.97412109375,0.1114389209909101,0.8712942600250244,0.97412109375,0.0727092319219164,,,
115,0,8,resize,hard,0.48407255561384216,True,0.7111507654190063,0.982421875,0.1327739288839164,0.708317756652832,0.982421875,0.1327753632542995,0.7085475921630859,0.982421875,0.1327069915993708
116,0,0,move,medium,1.0,False,0.9461147785186768,0.990234375,0.0495721329001698,0.9632912278175354,0.990234375,0.0053233766257901,,,
116,0,1,move,medium,1.0,False,0.9468132257461548,0.98828125,0.0503478768059209,0.9697296023368835,0.98828125,0.0055148701505054,,,
116,0,2,move,hard,1.0,False,0.9429820775985718,0.98583984375,0.051546111762874,0.9645452499389648,0.98583984375,0.0060669704333254,,,
116,0,3,rotate,easy,1.0,False,0.9280334711074828,0.984375,0.0425675462229623,0.9280334711074828,0.984375,0.0425675462229623,,,
116,0,4,rotate,medium,1.0,False,0.9221969842910768,0.98095703125,0.0431257862311438,0.9221969842910768,0.98095703125,0.0431257862311438,,,
116,0,5,rotate,hard,1.0,False,0.8610134124755859,0.98388671875,0.0437205510916224,0.8610134124755859,0.98388671875,0.0437205510916224,,,
116,0,6,resize,easy,1.1071893362140734,False,0.9380893111228944,0.9853515625,0.0403969336073676,0.960561990737915,0.98486328125,0.0085116430982867,,,
116,0,7,resize,medium,1.3071893362140734,False,0.888813853263855,0.98193359375,0.036536156538825,0.9133108258247375,0.98193359375,0.0067633453225196,,,
116,0,8,resize,medium,1.5539200216055504,True,0.8740031123161316,0.97900390625,0.0321809914928499,0.8739354610443115,0.97802734375,0.0320906748406385,0.8741593360900879,0.978515625,0.0320847633324186
116,0,9,resize,easy,0.8964053318929633,False,0.9425269365310668,0.98828125,0.0436225708788265,0.951808214187622,0.98828125,0.0097015262114759,,,
116,0,10,resize,hard,0.6071893362140733,False,0.8351991176605225,0.9892578125,0.054766458550796,0.8312183022499084,0.9892578125,0.0190481130179394,,,
116,0,11,resize,hard,0.40718933621407344,True,0.6454050540924072,0.98876953125,0.0619462956017783,0.6395662426948547,0.98876953125,0.0616836075610561,0.6395753622055054,0.9892578125,0.0616265502440963
117,0,0,move,medium,1.0,False,0.934906840324402,0.94677734375,0.032680489523733,0.9581706523895264,0.94775390625,0.0065006290477125,,,
117,0,1,rotate,easy,1.0,False,0.9210027456283568,0.958984375,0.0301419561894496,0.9210027456283568,0.958984375,0.0301419561894496,,,
117,0,2,rotate,medium,1.0,False,0.8890336155891418,0.953125,0.0306717157637146,0.8890336155891418,0.953125,0.0306717157637146,,,
117,0,3,rotate,hard,1.0,False,0.9067986011505128,0.96142578125,0.0297277961590673,0.9067986011505128,0.96142578125,0.0297277961590673,,,
117,0,4,resize,easy,1.1005131743387033,False,0.9110137224197388,0.94580078125,0.0284545999990893,0.9364539980888368,0.947265625,0.0090941740129835,,,
117,0,5,resize,medium,1.3005131743387033,False,0.8942131996154785,0.9765625,0.0267334747343249,0.9201796054840088,0.9775390625,0.0081307467874289,,,
117,0,6,resize,medium,1.503848807540274,True,0.85476154088974,0.962890625,0.0261326981580412,0.8555908203125,0.962890625,0.0261836511637668,0.8557642698287964,0.962890625,0.0261681882969297
117,0,7,resize,easy,0.8997434128306484,False,0.9159565567970276,0.93603515625,0.0298323625611798,0.9424859285354614,0.93603515625,0.0098948730094313,,,
117,0,8,resize,hard,0.6005131743387032,False,0.7783474922180176,0.9287109375,0.0347950018035032,0.7733216285705566,0.9287109375,0.0129441676466189,,,
117,0,9,resize,hard,0.40051317433870326,True,0.6298506855964661,0.92919921875,0.0429945006676505,0.6296033263206482,0.92724609375,0.0432021165694473,0.6293274164199829,0.92724609375,0.0431892320847096
118,0,0,move,easy,1.0,False,0.9615076184272766,0.97705078125,0.0601016338845158,0.9646560549736024,0.9775390625,0.0220070541535323,,,
118,0,1,move,easy,1.0,False,0.972077488899231,0.98095703125,0.0593320060709962,0.9739729166030884,0.98095703125,0.020904586633567,,,
118,0,2,move,medium,1.0,False,0.9687820672988892,0.97998046875,0.0606873293556427,0.9760760068893432,0.97998046875,0.0212392697599252,,,
118,0,3,rotate,easy,1.0,False,0.9737372398376464,0.970703125,0.0515838049415943,0.9737372398376464,0.970703125,0.0515838049415943,,,
118,0,4,rotate,easy,1.0,False,0.9352588057518004,0.982421875,0.0536335194889331,0.9352588057518004,0.982421875,0.0536335194889331,,,
118,0,5,rotate,medium,1.0,False,0.8466392755508423,0.97900390625,0.0552999747081453,0.8466392755508423,0.97900390625,0.0552999747081453,,,
118,0,6,resize,easy,1.1005131743387033,False,0.970541536808014,0.97021484375,0.0504959476955328,0.9750597476959229,0.97021484375,0.0269487217479512,,,
118,0,7,resize,easy,1.3005131743387033,False,0.9607669115066528,0.95654296875,0.0463749092229484,0.95663982629776,0.95849609375,0.0229991527475187,,,
118,0,8,resize,medium,1.503848807540274,True,0.939932942390442,0.96435546875,0.0406690874214897,0.939591646194458,0.9638671875,0.0408224786569664,0.93954998254776,0.962890625,0.0408166988282526
118,0,9,resize,easy,0.8997434128306484,False,0.9624379277229308,0.97802734375,0.0556208960567355,0.9651633501052856,0.97802734375,0.0326505156080303,,,
118,0,10,resize,medium,0.6005131743387032,False,0.8989357352256775,0.9775390625,0.0660389299617843,0.8966164588928223,0.9775390625,0.0467470981106468,,,
118,0,11,resize,hard,0.40051317433870326,True,0.7784610390663147,0.97607421875,0.0882976173354427,0.7706621885299683,0.97705078125,0.0910302507310992,0.7707095146179199,0.9775390625,0.0910238586061971
119,0,0,move,hard,1.0,False,0.9480043649673462,0.9501953125,0.0806609893935545,0.9748324751853944,0.95458984375,0.0076255487656336,,,
119,0,1,move,hard,1.0,False,0.9411206245422364,0.96337890625,0.0798608843484525,0.9590723514556884,0.96337890625,0.0070573376940872,,,
119,0,2,rotate,hard,1.0,False,0.928827464580536,0.953125,0.068073626019856,0.928827464580536,0.953125,0.068073626019856,,,
119,0,3,rotate,hard,1.0,False,0.928386092185974,0.96826171875,0.0676013526336654,0.928386092185974,0.96826171875,0.0676013526336654,,,
119,0,4,rotate,hard,1.0,False,0.8790727853775024,0.97216796875,0.0674178827865322,0.8790727853775024,0.97216796875,0.0674178827865322,,,
119,0,5,resize,medium,1.106430155210643,False,0.945004105567932,0.98388671875,0.060456027786702,0.9654117822647096,0.98486328125,0.0083460659891374,,,
119,0,6,resize,hard,0.828881407585774,False,0.9112190008163452,0.951171875,0.0794570385862515,0.943573236465454,0.951171875,0.0141427808713183,,,
119,0,7,resize,hard,0.7422371848284522,False,0.9095494747161864,0.939453125,0.0864245792706511,0.9211990833282472,0.939453125,0.0172797378719727,,,
119,0,8,resize,hard,0.5422371848284522,True,0.7272233963012695,0.9462890625,0.1068883203752581,0.7369194626808167,0.94482421875,0.1068200282141051,0.7386906743049622,0.94482421875,0.1068223398822107
120,0,0,move,hard,1.0,False,0.9767991304397584,0.9638671875,0.0610251388755382,0.9888296127319336,0.966796875,0.0071780400030218,,,
120,0,1,rotate,hard,1.0,False,0.9683799743652344,0.96337890625,0.0505438160799836,0.9683799743652344,0.96337890625,0.0505438160799836,,,
120,0,2,rotate,hard,1.0,False,0.948084831237793,0.943359375,0.0507064770231326,0.948084831237793,0.943359375,0.0507064770231326,,,
120,0,3,rotate,hard,1.0,False,0.9249849319458008,0.96484375,0.051927219888035,0.9249849319458008,0.96484375,0.051927219888035,,,
120,0,4,resize,hard,0.8846276883472264,False,0.9663483500480652,0.94775390625,0.0576906775137075,0.9717901349067688,0.94775390625,0.0129232242351892,,,
120,0,5,resize,hard,0.6307446233055473,False,0.8962000608444214,0.94287109375,0.0736283247551567,0.8915325403213501,0.94287109375,0.0197487155932733,,,
120,0,6,resize,hard,0.4307446233055473,True,0.7214891910552979,0.93701171875,0.0859406245193047,0.7216454744338989,0.939453125,0.0871984702202677,0.7212685346603394,0.939453125,0.0871778399099987
121,0,0,move,medium,1.0,False,0.984768271446228,0.98388671875,0.0408655919076146,0.9924542903900146,0.98388671875,0.0056729306335905,,,
121,0,1,move,hard,1.0,False,0.969158411026001,0.9580078125,0.0405219334528541,0.9765015840530396,0.95947265625,0.0053097724901001,,,
121,0,2,rotate,medium,1.0,False,0.977698802947998,0.9736328125,0.0354684231183396,0.977698802947998,0.9736328125,0.0354684231183396,,,
121,0,3,rotate,hard,1.0,False,0.9682682752609252,0.9873046875,0.035094645330276,0.9682682752609252,0.9873046875,0.035094645330276,,,
121,0,4,rotate,hard,1.0,False,0.9510658979415894,0.97265625,0.0358728273918262,0.9510658979415894,0.97265625,0.0358728273918262,,,
121,0,5,resize,medium,0.8846276883472264,False,0.966374695301056,0.97802734375,0.0381539602646653,0.9737560153007508,0.97802734375,0.0092143390379916,,,
121,0,6,resize,hard,0.6307446233055473,False,0.8968551158905029,0.98095703125,0.0486571679528406,0.903164267539978,0.9814453125,0.0158580803134717,,,
121,0,7,resize,hard,0.4307446233055473,True,0.8072056770324707,0.97998046875,0.063972273110332,0.7978152632713318,0.982421875,0.0648804061046978,0.7982113361358643,0.982421875,0.0648763428698237
122,0,0,move,hard,1.0,False,0.9853361248970032,0.9833984375,0.0470719591301795,0.9899810552597046,0.9833984375,0.0051052928058275,,,
122,0,1,rotate,hard,1.0,False,0.9755773544311525,0.982421875,0.0416090310270021,0.9755773544311525,0.982421875,0.0416090310270021,,,
122,0,2,rotate,hard,1.0,False,0.9702009558677672,0.9765625,0.0417449846292283,0.9702009558677672,0.9765625,0.0417449846292283,,,
122,0,3,rotate,hard,1.0,False,0.9432300329208374,0.97314453125,0.0417940442923219,0.9432300329208374,0.97314453125,0.0417940442923219,,,
122,0,4,resize,medium,0.8959671112168172,False,0.9685643911361694,0.9716796875,0.0453697184193351,0.9741849303245544,0.9716796875,0.0083376318718591,,,
122,0,5,resize,hard,0.6080657775663657,False,0.8547004461288452,0.96630859375,0.0660632759612948,0.8560783863067627,0.96630859375,0.0162284093474381,,,
122,0,6,resize,hard,0.40806577756636575,True,0.7021130919456482,0.9609375,0.0867281113380513,0.7087116837501526,0.96240234375,0.0874947578903554,0.7088086605072021,0.9619140625,0.0874902957787378
123,0,0,move,medium,1.0,False,0.9798148274421692,0.9736328125,0.0293830624449609,0.985127329826355,0.97265625,0.0077418165482626,,,
123,0,1,move,medium,1.0,False,0.9743193984031676,0.982421875,0.0288201185017995,0.9785381555557252,0.982421875,0.0077077649681715,,,
123,0,2,rotate,easy,1.0,False,0.9802939891815186,0.96435546875,0.0259205342974427,0.9802939891815186,0.96435546875,0.0259205342974427,,,
123,0,3,rotate,medium,1.0,False,0.972278356552124,0.96630859375,0.0264076623710235,0.972278356552124,0.96630859375,0.0264076623710235,,,
123,0,4,rotate,hard,1.0,False,0.9327163100242616,0.9521484375,0.0283370526275821,0.9327163100242616,0.9521484375,0.0283370526275821,,,
123,0,5,resize,easy,1.1419491462342342,False,0.9788565635681152,0.9521484375,0.0245459848440481,0.97699773311615,0.9521484375,0.0094514429520985,,,
123,0,6,resize,medium,1.3270777479892761,False,0.951370358467102,0.98388671875,0.0231428642326481,0.952297866344452,0.9833984375,0.0085285987709101,,,
123,0,7,resize,easy,0.879025426882883,False,0.9704806208610536,0.931640625,0.0289809930951594,0.973540425300598,0.931640625,0.0126644399225325,,,
123,0,8,resize,medium,0.6419491462342342,False,0.905725121498108,0.9267578125,0.0376139708935066,0.904145359992981,0.9267578125,0.0190925450284024,,,
123,0,9,resize,hard,0.44194914623423415,True,0.7792847156524658,0.92822265625,0.0557474257900669,0.7810957431793213,0.92578125,0.0565618443084873,0.7812277674674988,0.92626953125,0.0565522802247118
124,0,0,rotate,hard,1.0,False,0.9818718433380128,0.9716796875,0.0416868444568353,0.9818718433380128,0.9716796875,0.0416868444568353,,,
124,0,1,rotate,hard,1.0,False,0.9814038276672364,0.970703125,0.0422995617260996,0.9814038276672364,0.970703125,0.0422995617260996,,,
124,0,2,rotate,hard,1.0,False,0.9656498432159424,0.96875,0.0434743682940082,0.9656498432159424,0.96875,0.0434743682940082,,,
124,0,3,resize,hard,0.879025426882883,False,0.9707208871841432,0.97412109375,0.0476912314081541,0.9656148552894592,0.97412109375,0.0097972919720685,,,
124,0,4,resize,hard,0.6419491462342342,False,0.8951770067214966,0.97021484375,0.063988426876234,0.8939335346221924,0.97021484375,0.0155963916529279,,,
124,0,5,resize,hard,0.44194914623423415,True,0.7306270599365234,0.962890625,0.0801577956991095,0.7311667799949646,0.96240234375,0.0801380002112435,0.7303442358970642,0.9619140625,0.080071602845693
125,0,0,move,medium,1.0,False,0.9571182131767272,0.9560546875,0.0625304360612185,0.9654666185379028,0.95458984375,0.0196637239256447,,,
125,0,1,move,medium,1.0,False,0.9722916483879088,0.96142578125,0.0642533255022694,0.9844084978103638,0.962890625,0.0196195841948749,,,
125,0,2,move,hard,1.0,False,0.9434666037559508,0.97412109375,0.0638032885483982,0.951754093170166,0.9736328125,0.0202065540023576,,,
125,0,3,rotate,medium,1.0,False,0.940509557723999,0.923828125,0.0569805483416992,0.940509557723999,0.923828125,0.0569805483416992,,,
125,0,4,rotate,hard,1.0,False,0.924253225326538,0.96923828125,0.0582131531256824,0.924253225326538,0.96923828125,0.0582131531256824,,,
125,0,5,rotate,hard,1.0,False,0.7266488671302795,0.953125,0.059817933206529,0.7266488671302795,0.953125,0.059817933206529,,,
125,0,6,resize,easy,0.8132121323761522,False,0.9357093572616576,0.95263671875,0.0635145011758841,0.9484765529632568,0.95263671875,0.0336573454544693,,,
125,0,7,resize,medium,0.7735757352476957,False,0.9213271141052246,0.95849609375,0.0670134890540401,0.9175164699554444,0.958984375,0.0368935264525529,,,
125,0,8,resize,hard,0.5735757352476958,True,0.8306310176849365,0.94580078125,0.082702900747928,0.8306357860565186,0.9453125,0.0833145509062731,0.830185055732727,0.94482421875,0.0833276901826022
126,0,0,move,hard,1.0,False,0.9844493269920348,0.98291015625,0.0203688106493124,0.98654305934906,0.98388671875,0.0022186425797235,,,
127,0,0,move,medium,1.0,False,0.9782181978225708,0.91650390625,0.0467488089745456,0.9876893162727356,0.91796875,0.0044788667905204,,,
127,0,2,rotate,hard,1.0,False,0.965971827507019,0.91845703125,0.0434170792574899,0.965971827507019,0.91845703125,0.0434170792574899,,,
127,0,4,resize,medium,1.100066968663185,False,0.9677631855010986,0.9150390625,0.0403773282723938,0.9671380519866944,0.912109375,0.0058673736154722,,,
127,0,5,resize,hard,1.300066968663185,False,0.949486494064331,0.921875,0.0354516553717402,0.9488208293914796,0.91943359375,0.0044398635254819,,,
128,0,0,move,medium,1.0,False,0.9586628675460817,0.93896484375,0.0737627623558136,0.9594447016716005,0.9345703125,0.0107801556442767,,,
128,0,1,move,medium,1.0,False,0.9633670449256896,0.9853515625,0.0737252353833021,0.9709598422050476,0.98486328125,0.0108297283116684,,,
128,0,2,move,hard,1.0,False,0.9526767730712892,0.90771484375,0.0782089441600965,0.9664449095726012,0.91943359375,0.010881432140462,,,
128,0,3,rotate,medium,1.0,False,0.9320131540298462,0.97607421875,0.0621918166473881,0.9320131540298462,0.97607421875,0.0621918166473881,,,
128,0,4,rotate,medium,1.0,False,0.8533751964569092,0.97607421875,0.0635049503070188,0.8533751964569092,0.97607421875,0.0635049503070188,,,
128,0,5,rotate,hard,1.0,False,0.7495415806770325,0.9580078125,0.0649324439550824,0.7495415806770325,0.9580078125,0.0649324439550824,,,
128,0,6,resize,medium,1.1773223706335616,False,0.9436029195785522,0.97314453125,0.0575103004581922,0.94679856300354,0.9736328125,0.0139719182441073,,,
128,0,7,resize,medium,1.3773223706335616,False,0.9200654029846193,0.98779296875,0.0528118568293731,0.9206379652023317,0.98779296875,0.0109589942259278,,,
128,0,8,resize,easy,0.8613388146832193,False,0.9255855083465576,0.96728515625,0.0680606588385115,0.9406408071517944,0.96728515625,0.0202798222122341,,,
128,0,9,resize,medium,0.6773223706335615,False,0.8600820899009705,0.974609375,0.081222114075442,0.8713648319244385,0.974609375,0.0291197683995108,,,
128,0,10,resize,hard,0.4773223706335615,True,0.630382776260376,0.9736328125,0.0938756465347265,0.6382851600646973,0.97265625,0.0933275326479365,0.6400562524795532,0.97265625,0.0932906932073465
129,0,0,move,easy,1.0,False,0.9726272821426392,0.9775390625,0.0494667453255946,0.9833675622940063,0.978515625,0.0118951471114569,,,
129,0,1,move,easy,1.0,False,0.9521515369415284,0.97900390625,0.0505948279358599,0.957495391368866,0.97998046875,0.0128771189393689,,,
129,0,2,move,medium,1.0,False,0.9613888263702391,0.96533203125,0.0502099288530892,0.9659147262573242,0.9658203125,0.0127060149443004,,,
129,0,3,rotate,easy,1.0,False,0.9321857690811156,0.9765625,0.0425130920542765,0.9321857690811156,0.9765625,0.0425130920542765,,,
129,0,4,rotate,medium,1.0,False,0.9231725335121156,0.97998046875,0.0436815773925352,0.9231725335121156,0.97998046875,0.0436815773925352,,,
129,0,5,rotate,hard,1.0,False,0.7921279072761536,0.9794921875,0.0435704610733791,0.7921279072761536,0.9794921875,0.0435704610733791,,,
129,0,6,resize,easy,1.1771779404221128,False,0.9473907947540284,0.95458984375,0.0387914193163151,0.9446778297424316,0.9580078125,0.0149497300053247,,,
129,0,7,resize,medium,1.3771779404221127,False,0.9234105348587036,0.9609375,0.0357105517308595,0.9255565404891968,0.96240234375,0.0118123861082315,,,
129,0,8,resize,hard,1.86784140969163,True,0.8671836256980896,0.88134765625,0.0285236628474954,0.8672786951065063,0.8798828125,0.0287746483016343,0.8672361373901367,0.880859375,0.028771659578209
129,0,9,resize,easy,0.8614110297889437,False,0.9430575370788574,0.98583984375,0.0454003305745167,0.9393042325973512,0.98583984375,0.0201985864464448,,,
129,0,10,resize,medium,0.6771779404221127,False,0.8563687801361084,0.986328125,0.0529053730951065,0.8634856939315796,0.986328125,0.0269981873625318,,,
129,0,11,resize,hard,0.4771779404221127,True,0.7047388553619385,0.986328125,0.06853181252511,0.7166316509246826,0.98583984375,0.06751447805509,0.7158569693565369,0.98583984375,0.0674829252040646
130,0,0,move,easy,1.0,False,0.969942271709442,0.962890625,0.0287173643223759,0.9801934957504272,0.96240234375,0.0080788477224952,,,
130,0,1,move,easy,1.0,False,0.9204996824264526,0.96337890625,0.027947946304127,0.9353293776512146,0.962890625,0.0074221427673918,,,
130,0,2,move,hard,1.0,False,0.9212055206298828,0.96826171875,0.0288412740474232,0.9420408606529236,0.96826171875,0.0082835392897086,,,
130,0,3,rotate,easy,1.0,False,0.9271264672279358,0.96826171875,0.0264352083431841,0.9271264672279358,0.96826171875,0.0264352083431841,,,
130,0,4,rotate,medium,1.0,False,0.8921805620193481,0.96533203125,0.0258395733988877,0.8921805620193481,0.96533203125,0.0258395733988877,,,
130,0,5,rotate,hard,1.0,False,0.8227148056030273,0.9697265625,0.0280049473781135,0.8227148056030273,0.9697265625,0.0280049473781135,,,
130,0,6,resize,easy,1.1939338480721822,False,0.9115375876426696,0.962890625,0.0241282785879375,0.9083102941513062,0.9638671875,0.0097176130937633,,,
130,0,7,resize,easy,0.853033075963909,False,0.8560856580734253,0.9609375,0.0303326690576023,0.8702895641326904,0.9609375,0.014550551497362,,,
130,0,8,resize,easy,0.6939338480721822,False,0.8288241624832153,0.96435546875,0.0345418994797358,0.8220332264900208,0.96435546875,0.0171362446135131,,,
130,0,9,resize,hard,0.49393384807218216,True,0.7016727924346924,0.96533203125,0.0526522294543463,0.6938744783401489,0.96484375,0.052531243452224,0.6941283345222473,0.96484375,0.0525045454238227
130,1,0,move,easy,1.0,False,0.9621521234512328,0.95556640625,0.0360185863377241,0.9713560342788696,0.955078125,0.0090284573946072,,,
130,1,1,move,medium,1.0,False,0.9470096826553344,0.95751953125,0.0371454565805488,0.9526996612548828,0.9580078125,0.0095356766635595,,,
130,1,2,move,hard,1.0,False,0.9693613052368164,0.96484375,0.0358805771038258,0.9757245779037476,0.96484375,0.0092638983208876,,,
130,1,3,rotate,easy,1.0,False,0.9562790393829346,0.9541015625,0.0335841583616776,0.9562790393829346,0.9541015625,0.0335841583616776,,,
130,1,4,rotate,medium,1.0,False,0.9332494139671326,0.9580078125,0.0347177542892156,0.9332494139671326,0.9580078125,0.0347177542892156,,,
130,1,5,rotate,hard,1.0,False,0.8923753499984741,0.9619140625,0.0342142693811743,0.8923753499984741,0.9619140625,0.0342142693811743,,,
130,1,6,resize,easy,1.1939338480721822,False,0.9538692235946656,0.9609375,0.0299504778850538,0.9546947479248048,0.96044921875,0.0119562817222588,,,
130,1,7,resize,easy,0.853033075963909,False,0.951557755470276,0.9521484375,0.0404813199450608,0.9564025402069092,0.9521484375,0.0186928606760926,,,
130,1,8,resize,medium,0.6939338480721822,False,0.905217468738556,0.95361328125,0.0500092693346229,0.9106014370918274,0.9541015625,0.0262644107334627,,,
130,1,9,resize,hard,0.49393384807218216,True,0.7410333156585693,0.95458984375,0.0676066026698242,0.7409065961837769,0.9541015625,0.0687760251476579,0.7408765554428101,0.95458984375,0.068864549414302
131,0,0,move,easy,1.0,False,0.9465890526771544,0.9892578125,0.0694124720230787,0.9482882022857666,0.9892578125,0.0199203426109772,,,
131,0,1,move,medium,1.0,False,0.914201021194458,0.97607421875,0.070768769588055,0.9209464192390442,0.974609375,0.0213529630696219,,,
131,0,2,rotate,easy,1.0,False,0.9189910888671876,0.9814453125,0.0618260845843979,0.9189910888671876,0.9814453125,0.0618260845843979,,,
131,0,3,rotate,easy,1.0,False,0.8827471733093262,0.98681640625,0.0614421515252845,0.8827471733093262,0.98681640625,0.0614421515252845,,,
131,0,4,rotate,hard,1.0,False,0.8608350157737732,0.98583984375,0.0619533335219609,0.8608350157737732,0.98583984375,0.0619533335219609,,,
131,0,5,resize,easy,1.1496412963209786,False,0.916662096977234,0.98193359375,0.0561732264700651,0.906358242034912,0.98193359375,0.0250819449196446,,,
131,0,6,resize,easy,1.3496412963209785,False,0.8980721235275269,0.97998046875,0.0500572653784176,0.9079256057739258,0.98046875,0.0200430304187179,,,
131,0,7,resize,hard,1.872309722407339,True,0.8427316546440125,0.98486328125,0.0411673058899613,0.8429267406463623,0.98193359375,0.0412914231873398,0.8430584669113159,0.98193359375,0.0412818357985795
131,0,8,resize,easy,0.8751793518395108,False,0.9463775157928468,0.98486328125,0.0655197455738361,0.9502475261688232,0.98486328125,0.0335344157604338,,,
131,0,9,resize,medium,0.6496412963209786,False,0.8406862020492554,0.98681640625,0.0744189246486028,0.8331670165061951,0.98681640625,0.0448687610499116,,,
131,0,10,resize,hard,0.44964129632097855,True,0.6641791462898254,0.98583984375,0.0896922344927754,0.6513991355895996,0.98681640625,0.0909750498752076,0.6516910195350647,0.98681640625,0.0910214609470863
132,0,0,move,easy,1.0,False,0.966079592704773,0.93603515625,0.0730076849656518,0.9765273332595824,0.93701171875,0.0154454920151325,,,
132,0,1,move,easy,1.0,False,0.9706259965896606,0.93212890625,0.0746506460736819,0.9809459447860718,0.921875,0.0154867167337106,,,
132,0,2,move,hard,1.0,False,0.9592186212539672,0.95068359375,0.0759630024442506,0.9707278609275818,0.951171875,0.0150716585371106,,,
132,0,3,rotate,easy,1.0,False,0.9579932689666748,0.93115234375,0.066520879043379,0.9579932689666748,0.93115234375,0.066520879043379,,,
132,0,4,rotate,medium,1.0,False,0.9310423135757446,0.92626953125,0.0670713049908891,0.9310423135757446,0.92626953125,0.0670713049908891,,,
132,0,5,rotate,hard,1.0,False,0.840118408203125,0.93994140625,0.0671160332578647,0.840118408203125,0.93994140625,0.0671160332578647,,,
132,0,6,resize,easy,1.2238963937055432,False,0.9480364322662354,0.93408203125,0.0558874137836494,0.9505776166915894,0.9326171875,0.0193023588200236,,,
132,0,7,resize,medium,1.4238963937055429,False,0.9462447166442872,0.9365234375,0.0504785522453611,0.9484547972679138,0.93701171875,0.0160042029324933,,,
132,0,8,resize,hard,2.142857142857143,True,0.8834797143936157,0.955078125,0.0378518197380216,0.8843331933021545,0.951171875,0.0377312166402902,0.8843210935592651,0.951171875,0.0377213005161319
132,0,9,resize,easy,0.8380518031472286,False,0.9259707927703856,0.93212890625,0.0780998223044006,0.9314818978309632,0.931640625,0.0335447588997284,,,
132,0,10,resize,easy,0.723896393705543,False,0.904150366783142,0.93017578125,0.086079517522795,0.9120020270347596,0.93017578125,0.0417286570189757,,,
132,0,11,resize,hard,0.523896393705543,True,0.761471152305603,0.9296875,0.109006759231512,0.7691441178321838,0.9287109375,0.1092470831105391,0.7694053053855896,0.92822265625,0.1092466913845749
133,0,0,move,medium,1.0,False,0.9710624814033508,0.96728515625,0.0732594022033305,0.9848616123199464,0.97021484375,0.0053389254080804,,,
133,0,1,move,hard,1.0,False,0.9650325775146484,0.970703125,0.0736241448936629,0.9763065576553344,0.97021484375,0.0058942681162536,,,
133,0,2,move,hard,1.0,False,0.9678093194961548,0.9619140625,0.0738845246262282,0.9801994562149048,0.96484375,0.0053948575644569,,,
133,0,3,rotate,hard,1.0,False,0.9552819728851318,0.97119140625,0.0592035071356348,0.9552819728851318,0.97119140625,0.0592035071356348,,,
133,0,4,rotate,hard,1.0,False,0.93720281124115,0.974609375,0.0592334125720817,0.93720281124115,0.974609375,0.0592334125720817,,,
133,0,5,rotate,hard,1.0,False,0.8610023260116577,0.9775390625,0.0600285522106785,0.8610023260116577,0.9775390625,0.0600285522106785,,,
133,0,6,resize,medium,0.8049860999141061,False,0.9441460371017456,0.96337890625,0.065140390651386,0.9572240710258484,0.96337890625,0.011806964876503,,,
133,0,7,resize,hard,0.790027800171788,False,0.945641040802002,0.96240234375,0.0654240917509421,0.9506253004074096,0.96240234375,0.0121585854971693,,,
133,0,8,resize,hard,0.590027800171788,True,0.8511509895324707,0.96484375,0.0736631350937168,0.8448601365089417,0.96435546875,0.07370496712379,0.8450050354003906,0.96484375,0.0737063587960234
134,0,0,move,medium,1.0,False,0.9786941409111024,0.96923828125,0.044087984292192,0.9786984920501708,0.9716796875,0.0172871103540617,,,
134,0,1,move,hard,1.0,False,0.9708275198936462,0.96630859375,0.0424082810960847,0.975195050239563,0.9658203125,0.0163050706010056,,,
134,0,2,rotate,medium,1.0,False,0.9638658761978148,0.9775390625,0.0393333538581529,0.9638658761978148,0.9775390625,0.0393333538581529,,,
134,0,3,rotate,hard,1.0,False,0.8909071683883667,0.97607421875,0.0404690262309759,0.8909071683883667,0.97607421875,0.0404690262309759,,,
134,0,4,rotate,hard,1.0,False,0.7667896747589111,0.9814453125,0.0430048296276512,0.7667896747589111,0.9814453125,0.0430048296276512,,,
134,0,5,resize,medium,0.8049860999141061,False,0.953554391860962,0.94189453125,0.0451856801631487,0.9570187330245972,0.94189453125,0.0311207445264515,,,
134,0,6,resize,medium,0.790027800171788,False,0.9446150660514832,0.939453125,0.0471276168767086,0.9488840699195862,0.939453125,0.0324455319976989,,,
134,0,7,resize,hard,0.590027800171788,True,0.8998477458953857,0.9580078125,0.0596208533106418,0.9016826152801514,0.947265625,0.0590229123994373,0.9015716910362244,0.947265625,0.0590219414909755
135,0,0,move,easy,1.0,False,0.9489365816116332,0.978515625,0.0410233914343751,0.980215311050415,0.97900390625,0.0121218745939902,,,
135,0,1,move,medium,1.0,False,0.928488314151764,0.9794921875,0.0432085927600703,0.9534711837768556,0.9794921875,0.0139962832081005,,,
135,0,2,rotate,easy,1.0,False,0.9375215768814088,0.9658203125,0.0354439107704804,0.9375215768814088,0.9658203125,0.0354439107704804,,,
135,0,3,rotate,medium,1.0,False,0.9072493314743042,0.97314453125,0.0365982713013494,0.9072493314743042,0.97314453125,0.0365982713013494,,,
135,0,4,rotate,hard,1.0,False,0.8406716585159302,0.97021484375,0.0370732723895403,0.8406716585159302,0.97021484375,0.0370732723895403,,,
135,0,5,resize,easy,1.128802439716155,False,0.9188542366027832,0.97216796875,0.0335850186398516,0.9446383714675904,0.97119140625,0.0150928471018342,,,
135,0,6,resize,medium,1.3288024397161549,False,0.914685606956482,0.95556640625,0.0298010931182189,0.9195431470870972,0.9541015625,0.0119622990376478,,,
135,0,7,resize,medium,1.582191780821918,True,0.887268602848053,0.96728515625,0.0264496393115082,0.8894044160842896,0.96728515625,0.0265611899843108,0.8894195556640625,0.96728515625,0.026558432610131
135,0,8,resize,easy,0.8855987801419226,False,0.909404993057251,0.9775390625,0.0399329842795412,0.929335117340088,0.9775390625,0.020842182419415,,,
135,0,9,resize,medium,0.6288024397161547,False,0.8329559564590454,0.97509765625,0.0490726260414721,0.8381239175796509,0.97509765625,0.0311916729100444,,,
135,0,10,resize,hard,0.4288024397161547,True,0.743645429611206,0.98046875,0.064375003256684,0.7378673553466797,0.97998046875,0.0650615990926444,0.7370439767837524,0.97998046875,0.0650459670093566
136,0,0,move,hard,1.0,False,0.9864665269851683,0.978515625,0.0201871245105249,0.9960018396377563,0.9794921875,0.0017824356614636,,,
136,0,7,resize,hard,0.4288024397161547,True,0.7826533317565918,0.974609375,0.030590505028603,0.7824606895446777,0.97509765625,0.0305058020880289,0.7821487784385681,0.974609375,0.030499588848376
137,0,0,move,medium,1.0,False,0.964529275894165,0.982421875,0.0325252520889271,0.9751741886138916,0.9814453125,0.0048087589450667,,,
137,0,1,move,hard,1.0,False,0.9698299765586852,0.974609375,0.0332729306221947,0.969099462032318,0.974609375,0.005076071539176,,,
138,0,2,move,medium,1.0,False,0.9549275636672974,0.9150390625,0.0426863265676132,0.9610388278961182,0.91357421875,0.0099276037431359,,,
138,0,3,rotate,easy,1.0,False,0.9475904107093812,0.9560546875,0.0385442651399765,0.9475904107093812,0.9560546875,0.0385442651399765,,,
138,0,4,rotate,medium,1.0,False,0.9363871812820436,0.962890625,0.0404603409269987,0.9363871812820436,0.962890625,0.0404603409269987,,,
138,0,6,resize,easy,1.1801242236024845,False,0.95085608959198,0.951171875,0.0361115430019291,0.9509099721908568,0.9501953125,0.0115883373774019,,,
139,0,0,move,easy,1.0,False,0.9620931148529052,0.92041015625,0.0518786055606471,0.9717362523078918,0.92431640625,0.0087951029839006,,,
139,0,1,move,medium,1.0,False,0.9595276117324828,0.9150390625,0.0523986717973833,0.9647399187088012,0.9140625,0.0093266308974184,,,
139,0,2,move,hard,1.0,False,0.955090343952179,0.9482421875,0.0508939593583635,0.9701286554336548,0.9482421875,0.008421364154076,,,
139,0,3,rotate,easy,1.0,False,0.947847306728363,0.95263671875,0.0483527461617558,0.947847306728363,0.95263671875,0.0483527461617558,,,
139,0,4,rotate,medium,1.0,False,0.9243029952049256,0.9541015625,0.0482199013642745,0.9243029952049256,0.9541015625,0.0482199013642745,,,
140,0,0,move,hard,1.0,False,0.9701095819473268,0.93994140625,0.0217874697993427,0.9740043878555298,0.94091796875,0.0027363657075511,,,
141,0,0,move,easy,1.0,False,0.97374027967453,0.9755859375,0.0330868053547213,0.9762961864471436,0.9775390625,0.0099226226052531,,,
141,0,1,move,easy,1.0,False,0.9363622665405272,0.96630859375,0.0320300640741383,0.9365278482437134,0.96875,0.0096907474887693,,,
141,0,2,move,hard,1.0,False,0.92673921585083,0.98828125,0.0330945173874203,0.9308786392211914,0.98828125,0.0100874030372555,,,
141,0,3,resize,easy,1.2985210995722336,False,0.9207029342651368,0.97216796875,0.0263693084497428,0.9173371195793152,0.9736328125,0.0114081090517874,,,
141,0,4,resize,medium,1.4819277108433735,False,0.9044955968856812,0.98193359375,0.0254094368340943,0.89882493019104,0.982421875,0.0101474318799056,,,
141,0,5,resize,easy,0.8007394502138833,False,0.9110023379325868,0.97314453125,0.0391329818394844,0.9049023389816284,0.97314453125,0.0226638119652741,,,
141,0,6,resize,easy,0.7985210995722337,False,0.9014447927474976,0.9716796875,0.0388166367379514,0.8961496353149414,0.97119140625,0.0226064585562871,,,
141,0,7,resize,medium,0.5985210995722337,True,0.7932908535003662,0.96875,0.0513896708077087,0.7973299026489258,0.96923828125,0.0517540896588331,0.7974066734313965,0.96875,0.0517172724526872
142,0,0,move,easy,1.0,False,0.975078821182251,0.97509765625,0.0316432177006533,0.9786629676818848,0.97607421875,0.0101138426002309,,,
142,0,3,resize,easy,1.1624129930394431,False,0.9076972007751464,0.9755859375,0.0287123152938518,0.9115275740623474,0.9765625,0.0128667235973076,,,
143,0,0,move,easy,1.0,False,0.984722912311554,0.96728515625,0.0405579746479121,0.9885580539703368,0.9677734375,0.0105230077674856,,,
143,0,1,rotate,medium,1.0,False,0.951133131980896,0.970703125,0.0362335673545899,0.951133131980896,0.970703125,0.0362335673545899,,,
143,0,2,rotate,hard,1.0,False,0.8685113787651062,0.97216796875,0.036738443490743,0.8685113787651062,0.97216796875,0.036738443490743,,,
143,0,3,rotate,hard,1.0,False,0.6764229536056519,0.93017578125,0.0374588035751666,0.6764229536056519,0.93017578125,0.0374588035751666,,,
143,0,4,resize,medium,1.22,False,0.965107560157776,0.98974609375,0.0324449606249832,0.9699761271476746,0.98974609375,0.0120141832938774,,,
143,0,5,resize,medium,0.8205960394952692,False,0.9687033295631408,0.97314453125,0.0394352599000768,0.9727942943572998,0.97265625,0.0168898644814438,,,
143,0,6,resize,medium,0.7588079210094619,False,0.9624862670898438,0.9697265625,0.0414718867995457,0.9641906023025512,0.9697265625,0.0194000728569921,,,
143,0,7,resize,hard,0.5588079210094619,True,0.9144784808158876,0.947265625,0.0490052148930786,0.9145001173019408,0.94921875,0.049382739509774,0.9146904945373536,0.94970703125,0.0492677366716531
144,0,0,move,easy,1.0,False,0.9895856976509094,0.99267578125,0.0497905714733133,0.9941418170928956,0.9921875,0.007768495699712,,,
144,0,1,move,medium,1.0,False,0.9852367639541626,0.9912109375,0.0511854552198785,0.987927258014679,0.990234375,0.0085181306717127,,,
144,0,2,move,hard,1.0,False,0.9842097163200378,0.98828125,0.0513495756576846,0.9899564981460572,0.98828125,0.0082709002041007,,,
144,0,3,rotate,easy,1.0,False,0.9911989569664,0.97265625,0.0444735234280027,0.9911989569664,0.97265625,0.0444735234280027,,,
144,0,4,rotate,medium,1.0,False,0.988433837890625,0.97998046875,0.0446239813337631,0.988433837890625,0.97998046875,0.0446239813337631,,,
144,0,5,rotate,hard,1.0,False,0.9856646060943604,0.9775390625,0.046052808609948,0.9856646060943604,0.9775390625,0.046052808609948,,,
144,0,6,resize,easy,1.258807921009462,False,0.973807454109192,0.9931640625,0.0382738396769953,0.9782254099845886,0.9931640625,0.0084142922690515,,,
144,0,7,resize,medium,1.4588079210094618,False,0.9378616809844972,0.99365234375,0.0331334440345338,0.9501289129257202,0.9931640625,0.005422908894589,,,
144,0,8,resize,hard,2.638095238095238,True,0.7506309747695923,0.98974609375,0.0257101170334957,0.7514324188232422,0.99072265625,0.0257810419980241,0.7512795925140381,0.99072265625,0.0257637388713078
144,0,9,resize,easy,0.8205960394952692,False,0.9780360460281372,0.98828125,0.0511375022867501,0.976584792137146,0.98828125,0.0145632722978928,,,
144,0,10,resize,medium,0.7588079210094619,False,0.9632914066314696,0.98876953125,0.0538456392451214,0.9605536460876464,0.98876953125,0.016691023669168,,,
144,0,11,resize,hard,0.5588079210094619,True,0.8882746696472168,0.98828125,0.0632585207847169,0.8886648416519165,0.98779296875,0.0632954818462386,0.8885111808776855,0.98828125,0.0632958178558888
145,0,0,move,easy,1.0,False,0.9763827323913574,0.91650390625,0.0344584247903628,0.993934452533722,0.91455078125,0.0039572810675109,,,
145,0,1,move,medium,1.0,False,0.9647892713546752,0.93603515625,0.0368809413070263,0.9790573120117188,0.94140625,0.0042961820600066,,,
145,0,2,rotate,easy,1.0,False,0.9481212496757508,0.92138671875,0.0302917141751807,0.9481212496757508,0.92138671875,0.0302917141751807,,,
145,0,3,rotate,medium,1.0,False,0.9431805610656738,0.92529296875,0.0319093605040773,0.9431805610656738,0.92529296875,0.0319093605040773,,,
145,0,4,rotate,hard,1.0,False,0.9314901828765868,0.9306640625,0.0322539926600318,0.9314901828765868,0.9306640625,0.0322539926600318,,,
145,0,5,resize,easy,1.1637713403551857,False,0.9556714296340942,0.951171875,0.0299692482089061,0.9690393805503844,0.95361328125,0.0061398777336975,,,
145,0,6,resize,medium,1.3637713403551857,False,0.947350263595581,0.9677734375,0.0278444058027504,0.9612799882888794,0.96826171875,0.0046941098777519,,,
145,0,7,resize,hard,1.978285052663892,True,0.8708285093307495,0.96044921875,0.021314499963056,0.870197594165802,0.9609375,0.0214662379473515,0.870015561580658,0.96044921875,0.0214592816264307
145,0,8,resize,easy,0.8681143298224072,False,0.9514671564102172,0.93798828125,0.0326594371162715,0.9692652225494384,0.93798828125,0.0076417454699919,,,
145,0,9,resize,medium,0.6637713403551856,False,0.8865351676940918,0.93798828125,0.0365351946092629,0.916374921798706,0.93798828125,0.0106792496623381,,,
145,0,10,resize,hard,0.46377134035518564,True,0.7130753993988037,0.94091796875,0.0442592033748291,0.7114919424057007,0.93603515625,0.0451688331900372,0.7116310000419617,0.935546875,0.0451046820819122
146,0,0,move,easy,1.0,False,0.9798232316970824,0.984375,0.1014124687815505,0.9925122857093812,0.984375,0.0153035579069025,,,
146,0,1,move,medium,1.0,False,0.9631319046020508,0.98779296875,0.0991819686885594,0.9667662978172302,0.98828125,0.0152485935092194,,,
146,0,2,move,hard,1.0,False,0.9410902857780457,0.9892578125,0.1014396603831234,0.9562235474586488,0.98974609375,0.0147723045857909,,,
146,0,3,rotate,easy,1.0,False,0.9698871374130248,0.98291015625,0.0926254535854732,0.9698871374130248,0.98291015625,0.0926254535854732,,,
146,0,4,rotate,medium,1.0,False,0.9545125961303712,0.9814453125,0.0920999463205284,0.9545125961303712,0.9814453125,0.0920999463205284,,,
146,0,5,rotate,hard,1.0,False,0.9088873267173768,0.98291015625,0.0911578637573179,0.9088873267173768,0.98291015625,0.0911578637573179,,,
146,0,6,resize,easy,1.1637713403551857,False,0.9569923877716064,0.98095703125,0.0756005390662012,0.963348627090454,0.98046875,0.0216769006453155,,,
146,0,7,resize,medium,1.3637713403551857,False,0.937704622745514,0.9775390625,0.0643817363820394,0.9443961381912231,0.9775390625,0.0146678907665233,,,
146,0,8,resize,hard,1.978285052663892,True,0.8505254983901978,0.9765625,0.0483647115951508,0.8500590324401855,0.97607421875,0.048298391080199,0.8501836657524109,0.97607421875,0.0482623470242522
146,0,9,resize,easy,0.8681143298224072,False,0.9301003813743592,0.9853515625,0.1062285051637269,0.9445977210998536,0.9853515625,0.0375949014696708,,,
146,0,10,resize,medium,0.6637713403551856,False,0.874103307723999,0.978515625,0.1313623572443704,0.8728535175323486,0.978515625,0.0575487081924886,,,
146,0,11,resize,hard,0.46377134035518564,True,0.7064113020896912,0.9775390625,0.1571681107676231,0.7119671106338501,0.9775390625,0.1588735528753816,0.712427020072937,0.9775390625,0.1588629095852503
147,0,0,move,easy,1.0,False,0.9719943404197692,0.98291015625,0.0321328933232319,0.9723809957504272,0.98291015625,0.0100749187108445,,,
147,0,1,move,medium,1.0,False,0.9691171646118164,0.9912109375,0.0315864475747367,0.9691952466964722,0.99072265625,0.0096257203310633,,,
147,0,2,move,hard,1.0,False,0.9624836444854736,0.982421875,0.0332323478762093,0.9611928462982178,0.98193359375,0.0100645319613692,,,
147,0,3,rotate,easy,1.0,False,0.9668784141540528,0.982421875,0.0301515465441554,0.9668784141540528,0.982421875,0.0301515465441554,,,
147,0,4,rotate,medium,1.0,False,0.956365406513214,0.98095703125,0.0307687038307178,0.956365406513214,0.98095703125,0.0307687038307178,,,
147,0,5,rotate,hard,1.0,False,0.9222077131271362,0.9765625,0.0316016782258754,0.9222077131271362,0.9765625,0.0316016782258754,,,
147,0,6,resize,easy,1.196169209276402,False,0.9624782800674438,0.9873046875,0.0265408621989552,0.964924693107605,0.9873046875,0.0110146378640228,,,
147,0,7,resize,easy,1.396169209276402,False,0.9406269788742064,0.9794921875,0.0222096199918669,0.9374645948410034,0.97900390625,0.0076372808697394,,,
147,0,8,resize,hard,2.208695652173913,True,0.8669044971466064,0.98876953125,0.0180640851771234,0.8667230606079102,0.9892578125,0.0180456034816744,0.8666601181030273,0.98876953125,0.0180410407706744
147,0,9,resize,easy,0.851915395361799,False,0.9581521153450012,0.98046875,0.0365359516400354,0.966308891773224,0.98046875,0.0173690228049235,,,
147,0,10,resize,medium,0.6961692092764019,False,0.9299503564834596,0.97802734375,0.0428432755911815,0.928170919418335,0.97802734375,0.0207305450626015,,,
147,0,11,resize,hard,0.49616920927640185,True,0.8092724680900574,0.98193359375,0.0608052333812982,0.808422863483429,0.98095703125,0.0616232959437827,0.8084249496459961,0.98095703125,0.0616152054691608
148,0,0,move,medium,1.0,False,0.957895278930664,0.94775390625,0.0375216085782789,0.9670809507369996,0.9462890625,0.0053207766951955,,,
148,0,1,move,hard,1.0,False,0.9574156999588012,0.95361328125,0.0381322136262131,0.9656212329864502,0.955078125,0.0056776436599061,,,
148,0,2,rotate,medium,1.0,False,0.9354283213615416,0.96484375,0.0333525068919796,0.9354283213615416,0.96484375,0.0333525068919796,,,
148,0,3,rotate,hard,1.0,False,0.8989055156707764,0.921875,0.0328062832316035,0.8989055156707764,0.921875,0.0328062832316035,,,
149,0,0,move,easy,1.0,False,0.9386619329452516,0.97998046875,0.0277910827805513,0.9360808730125428,0.97900390625,0.0066360358676973,,,
149,0,1,move,medium,1.0,False,0.9358059167861938,0.986328125,0.0257343729427736,0.9355809688568116,0.9873046875,0.0061397885568342,,,
149,0,2,rotate,easy,1.0,False,0.9303496479988098,0.9833984375,0.0257673039809246,0.9303496479988098,0.9833984375,0.0257673039809246,,,
149,0,4,rotate,hard,1.0,False,0.8705428838729858,0.98388671875,0.0276652046162393,0.8705428838729858,0.98388671875,0.0276652046162393,,,
149,0,5,resize,easy,1.2840569483037674,False,0.9085350036621094,0.97265625,0.0237216293318739,0.9155316948890686,0.97314453125,0.0065096450835708,,,
149,0,6,resize,medium,1.4840569483037673,False,0.8942100405693054,0.974609375,0.0230170189879764,0.895218014717102,0.974609375,0.006390765201168,,,
149,0,7,resize,hard,2.8804271122782543,True,0.6658050417900085,0.9794921875,0.0194129232202954,0.6650313138961792,0.97802734375,0.0193974905524134,0.6648846864700317,0.9775390625,0.019406771439581
150,0,0,move,easy,1.0,False,0.950409471988678,0.97705078125,0.0319337797157727,0.9548799991607666,0.9775390625,0.0090204983332438,,,
150,0,1,move,medium,1.0,False,0.9321721792221068,0.97265625,0.0331166612779531,0.9381700754165648,0.97265625,0.008542296823655,,,
150,0,2,rotate,easy,1.0,False,0.937413454055786,0.984375,0.0295968814731234,0.937413454055786,0.984375,0.0295968814731234,,,
150,0,3,rotate,medium,1.0,False,0.8677694797515869,0.97216796875,0.0295373957218872,0.8677694797515869,0.97216796875,0.0295373957218872,,,
150,0,4,rotate,hard,1.0,False,0.7965853810310364,0.9697265625,0.0303398520819133,0.7965853810310364,0.9697265625,0.0303398520819133,,,
150,0,5,resize,easy,1.120028958907865,False,0.9305707216262816,0.98388671875,0.0285877938732733,0.9353858232498168,0.984375,0.0115397272125335,,,
150,0,6,resize,medium,1.3200289589078649,False,0.8995165824890137,0.9873046875,0.0276201237958309,0.8991304636001587,0.9873046875,0.0097838738220156,,,
150,0,7,resize,hard,1.6502171918089859,True,0.8227807283401489,0.9873046875,0.0304229675712323,0.8231314420700073,0.98779296875,0.0303322021292569,0.8230620622634888,0.9873046875,0.0303210297433174
150,0,8,resize,easy,0.8899855205460676,False,0.9118098616600036,0.97607421875,0.0311257218242098,0.9137109518051147,0.97607421875,0.0140635818170165,,,
150,0,9,resize,hard,0.6200289589078648,False,0.818452000617981,0.97998046875,0.0538471205425221,0.826484203338623,0.97998046875,0.0294334059629765,,,
150,0,10,resize,hard,0.4200289589078648,True,0.6340993046760559,0.9765625,0.0804901215656469,0.6347955465316772,0.97705078125,0.0800959097187417,0.6351481676101685,0.9765625,0.0800720656277231
151,0,0,move,hard,1.0,False,0.9656856060028076,0.95703125,0.0497391517112349,0.9693441390991212,0.95556640625,0.0095642164720012,,,
151,0,1,move,hard,1.0,False,0.98810213804245,0.97509765625,0.0501992109485371,0.9949922561645508,0.9755859375,0.0094199284715939,,,
151,0,2,rotate,medium,1.0,False,0.9662734866142272,0.97412109375,0.043782102520654,0.9662734866142272,0.97412109375,0.043782102520654,,,
151,0,3,rotate,hard,1.0,False,0.9365919232368468,0.95361328125,0.0443984678628889,0.9365919232368468,0.95361328125,0.0443984678628889,,,
151,0,4,rotate,hard,1.0,False,0.9324904680252076,0.95751953125,0.0444557826243626,0.9324904680252076,0.95751953125,0.0444557826243626,,,
151,0,5,resize,medium,1.1638785780832759,False,0.9494237303733826,0.95556640625,0.0383510348583878,0.9478949904441832,0.95361328125,0.0097299606462303,,,
151,0,6,resize,medium,0.8680607109583621,False,0.9314200282096864,0.9677734375,0.0498866033755274,0.9344496726989746,0.9677734375,0.0142232357077852,,,
151,0,7,resize,hard,0.6638785780832759,False,0.8722833395004272,0.966796875,0.0661520309117181,0.871060311794281,0.966796875,0.0221037455617267,,,
151,0,8,resize,hard,0.4638785780832758,True,0.7250449657440186,0.9658203125,0.0913190481655279,0.7230852842330933,0.96484375,0.0917053796340724,0.7236378192901611,0.96533203125,0.0916698368979986
152,0,0,move,easy,1.0,False,0.9767633676528932,0.9482421875,0.0400104583824584,0.9813354015350342,0.94970703125,0.0148604303960002,,,
152,0,1,move,easy,1.0,False,0.9576231241226196,0.97998046875,0.0410273899190287,0.9545456171035768,0.9794921875,0.0176697944375696,,,
152,0,2,move,medium,1.0,False,0.9848016500473022,0.978515625,0.0404053002129569,0.9849798679351808,0.978515625,0.0175803676890114,,,
152,0,3,rotate,easy,1.0,False,0.9545284509658812,0.97705078125,0.0337832482230798,0.9545284509658812,0.97705078125,0.0337832482230798,,,
152,0,4,rotate,easy,1.0,False,0.9458060264587402,0.982421875,0.0364450810416375,0.9458060264587402,0.982421875,0.0364450810416375,,,
152,0,5,rotate,hard,1.0,False,0.8860776424407959,0.9794921875,0.0388392953823897,0.8860776424407959,0.9794921875,0.0388392953823897,,,
152,0,6,resize,easy,1.1564713536782258,False,0.9635263085365297,0.966796875,0.0298158396572377,0.964282214641571,0.966796875,0.0176910037432015,,,
152,0,7,resize,easy,1.3564713536782258,False,0.928525984287262,0.9775390625,0.0325770426915465,0.9271073341369628,0.97802734375,0.0156765929442175,,,
152,0,8,resize,hard,1.9235351525866933,True,0.8413968682289124,0.9736328125,0.0353455850490383,0.8401835560798645,0.97607421875,0.0356541270633817,0.8401101231575012,0.97607421875,0.0356642855964745
152,0,9,resize,easy,0.8717643231608871,False,0.9751113653182985,0.974609375,0.0365062181538919,0.966982364654541,0.974609375,0.0251718328625144,,,
152,0,10,resize,medium,0.6564713536782257,False,0.8670464158058167,0.97802734375,0.0453714972579069,0.855197548866272,0.97802734375,0.0332266546465329,,,
152,0,11,resize,hard,0.4564713536782258,True,0.7894222736358643,0.97705078125,0.0670894283639381,0.7979483604431152,0.9794921875,0.0625661375661375,0.7981069684028625,0.9794921875,0.0626040045647888
153,0,0,move,hard,1.0,False,0.987480103969574,0.97802734375,0.0499158191010982,0.9961550235748292,0.98046875,0.0038401882266644,,,
153,0,1,move,hard,1.0,False,0.9774023294448853,0.9853515625,0.0509256476048169,0.9832853078842164,0.98486328125,0.0037858170743673,,,
153,0,2,move,hard,1.0,False,0.9777650833129884,0.97265625,0.0508620762976004,0.9873239994049072,0.97509765625,0.004042363446156,,,
153,0,3,rotate,hard,1.0,False,0.9790345430374146,0.96923828125,0.0431832972943847,0.9790345430374146,0.96923828125,0.0431832972943847,,,
153,0,4,rotate,hard,1.0,False,0.9616166353225708,0.96435546875,0.0442796723023,0.9616166353225708,0.96435546875,0.0442796723023,,,
153,0,5,rotate,hard,1.0,False,0.9110360741615297,0.9736328125,0.04429398723471,0.9110360741615297,0.9736328125,0.04429398723471,,,
153,0,6,resize,hard,0.8605606997485244,False,0.9572607278823853,0.96826171875,0.0499589073537869,0.9682642221450806,0.96826171875,0.0079455168879113,,,
153,0,7,resize,hard,0.6788786005029511,False,0.9257412552833556,0.97607421875,0.0614937026233817,0.9321091771125792,0.97607421875,0.0121578980536199,,,
153,0,8,resize,hard,0.47887860050295117,True,0.7913219928741455,0.97802734375,0.0767978940351709,0.7957009077072144,0.974609375,0.076735754515001,0.7958341240882874,0.974609375,0.0767414035622892
154,0,0,move,easy,1.0,False,0.9766483306884766,0.96728515625,0.0317354782004835,0.977936863899231,0.96826171875,0.0127208087721715,,,
154,0,1,move,easy,1.0,False,0.9603408575057985,0.97509765625,0.0316841605782376,0.9609053134918212,0.974609375,0.0125406734451042,,,
154,0,2,move,medium,1.0,False,0.9632351398468018,0.96337890625,0.0351031065287777,0.9616904258728028,0.96337890625,0.0158181535484484,,,
154,0,3,rotate,easy,1.0,False,0.968275547027588,0.97998046875,0.0298123966296325,0.968275547027588,0.97998046875,0.0298123966296325,,,
154,0,4,rotate,easy,1.0,False,0.9571273922920228,0.97265625,0.0289729202008631,0.9571273922920228,0.97265625,0.0289729202008631,,,
154,0,5,rotate,hard,1.0,False,0.9434543251991272,0.96826171875,0.0308329116787648,0.9434543251991272,0.96826171875,0.0308329116787648,,,
154,0,6,resize,easy,1.1484316516914022,False,0.9668073058128356,0.98388671875,0.028393163944399,0.9698540568351746,0.98291015625,0.0152647423951738,,,
154,0,7,resize,easy,1.3484316516914021,False,0.945590317249298,0.97900390625,0.0253519910166709,0.9434953331947328,0.97900390625,0.0123376367377403,,,
154,0,8,resize,hard,1.863237387685515,True,0.8684161305427551,0.974609375,0.0243301700440449,0.8701843023300171,0.97509765625,0.0240568283504689,0.8703044652938843,0.9755859375,0.0240421846132322
154,0,9,resize,easy,0.875784174154299,False,0.96507465839386,0.97412109375,0.0325743829870256,0.9637564420700072,0.97412109375,0.0191484548639948,,,
154,0,10,resize,medium,0.648431651691402,False,0.8732722401618958,0.97314453125,0.0414991991621119,0.8696538805961609,0.97314453125,0.0269680842406783,,,
154,0,11,resize,hard,0.44843165169140203,True,0.8167067766189575,0.9736328125,0.0557912026424561,0.8155330419540405,0.97314453125,0.0554835578498557,0.8157302141189575,0.9736328125,0.0554987997039871
155,0,0,move,easy,1.0,False,0.9558734893798828,0.98291015625,0.0456688998459731,0.9589555263519288,0.982421875,0.0156787127872435,,,
155,0,1,move,medium,1.0,False,0.9381496906280518,0.9873046875,0.0475021480481488,0.9404225945472716,0.98828125,0.0168429709464286,,,
155,0,2,move,medium,1.0,False,0.9638350009918212,0.986328125,0.0484806744858831,0.9699048399925232,0.98779296875,0.0175799670694395,,,
155,0,3,rotate,easy,1.0,False,0.9406704306602478,0.98779296875,0.0410234669058198,0.9406704306602478,0.98779296875,0.0410234669058198,,,
155,0,4,rotate,medium,1.0,False,0.889184832572937,0.98388671875,0.0420088913799976,0.889184832572937,0.98388671875,0.0420088913799976,,,
155,0,5,rotate,hard,1.0,False,0.8667118549346924,0.98876953125,0.0431777216480786,0.8667118549346924,0.98876953125,0.0431777216480786,,,
155,0,6,resize,easy,1.1484316516914022,False,0.9174253940582277,0.99169921875,0.039711657397603,0.926455020904541,0.99169921875,0.0201675969398529,,,
155,0,7,resize,easy,0.875784174154299,False,0.9158036708831788,0.986328125,0.0468371590104823,0.9134687185287476,0.986328125,0.0256370922921669,,,
155,0,8,resize,medium,0.648431651691402,False,0.8184621334075928,0.9873046875,0.0613887669166656,0.8115723729133606,0.9873046875,0.0400304019440315,,,
155,0,9,resize,hard,0.44843165169140203,True,0.6490612030029297,0.98876953125,0.0846297033987911,0.6511091589927673,0.9892578125,0.0841841376630913,0.6511473655700684,0.98974609375,0.0841583184565524
156,0,0,move,easy,1.0,False,0.9421675205230712,0.978515625,0.0459461334695504,0.9501621723175048,0.978515625,0.0199451605970901,,,
156,0,1,move,easy,1.0,False,0.941109299659729,0.98095703125,0.0476682752441463,0.9409633874893188,0.9814453125,0.0223407371402875,,,
156,0,2,move,hard,1.0,False,0.8705334067344666,0.98486328125,0.0525208610633863,0.8769218921661377,0.98486328125,0.0255230127092247,,,
156,0,3,rotate,easy,1.0,False,0.9448984265327454,0.98291015625,0.0429707171798509,0.9448984265327454,0.98291015625,0.0429707171798509,,,
156,0,4,rotate,medium,1.0,False,0.9128156304359436,0.98046875,0.0446818213432434,0.9128156304359436,0.98046875,0.0446818213432434,,,
156,0,5,rotate,hard,1.0,False,0.8443114161491394,0.978515625,0.0448466450714483,0.8443114161491394,0.978515625,0.0448466450714483,,,
156,0,6,resize,easy,1.2055512362783163,False,0.923127293586731,0.9853515625,0.0367076467550716,0.9181087017059326,0.98486328125,0.0203638947328106,,,
156,0,7,resize,easy,1.4055512362783162,False,0.9062139987945556,0.98388671875,0.0367777613034341,0.9039493203163148,0.9833984375,0.0198425727605263,,,
156,0,8,resize,hard,2.031496062992126,True,0.8116910457611084,0.97607421875,0.0354310561758647,0.8117409348487854,0.9755859375,0.0356085927628167,0.8116680383682251,0.97607421875,0.0356099313798914
156,0,9,resize,easy,0.8472243818608419,False,0.937484622001648,0.98095703125,0.0474661535934677,0.9376793503761292,0.98095703125,0.0318823894402861,,,
156,0,10,resize,easy,0.7055512362783163,False,0.9142698049545288,0.982421875,0.0507009397080584,0.917168378829956,0.982421875,0.0346277310383717,,,
156,0,11,resize,hard,0.5055512362783163,True,0.8431099653244019,0.98291015625,0.0691663954350994,0.8365027904510498,0.9833984375,0.0695402551629295,0.8364121913909912,0.98388671875,0.0695593146784659
157,0,0,move,medium,1.0,False,0.9650936722755432,0.95361328125,0.0425383384877698,0.9708085060119628,0.95361328125,0.0091374806223935,,,
157,0,1,move,hard,1.0,False,0.9695934057235718,0.9384765625,0.042448798458386,0.9723048806190492,0.9404296875,0.0095302013300352,,,
157,0,2,rotate,medium,1.0,False,0.9396189451217652,0.93310546875,0.0407218566606163,0.9396189451217652,0.93310546875,0.0407218566606163,,,
157,0,3,rotate,hard,1.0,False,0.9275323152542114,0.94140625,0.039752755717711,0.9275323152542114,0.94140625,0.039752755717711,,,
157,0,4,rotate,hard,1.0,False,0.8898285031318665,0.94140625,0.0406213570761302,0.8898285031318665,0.94140625,0.0406213570761302,,,
157,0,5,resize,medium,1.2055512362783163,False,0.9384386539459229,0.974609375,0.0356939196862162,0.9441604614257812,0.97412109375,0.010396447856142,,,
157,0,6,resize,medium,0.8472243818608419,False,0.9248879551887512,0.9306640625,0.04593272213225,0.9264625310897828,0.9306640625,0.015046709304347,,,
157,0,7,resize,hard,0.7055512362783163,False,0.8790987730026245,0.93115234375,0.0563460793208791,0.8636040687561035,0.93115234375,0.0191882161101198,,,
157,0,8,resize,hard,0.5055512362783163,True,0.706902027130127,0.93505859375,0.0829240108143277,0.7074893712997437,0.9345703125,0.0829464365104617,0.7073075771331787,0.9345703125,0.0829442939280285
158,0,0,move,easy,1.0,False,0.944298505783081,0.9609375,0.0950621485438,0.9470816850662231,0.9609375,0.0334194068553746,,,
158,0,1,move,medium,1.0,False,0.9599842429161072,0.9619140625,0.0959544803735706,0.9621832370758056,0.96240234375,0.0334748451253417,,,
158,0,2,rotate,easy,1.0,False,0.9391103982925416,0.955078125,0.0813250535905422,0.9391103982925416,0.955078125,0.0813250535905422,,,
158,0,3,rotate,medium,1.0,False,0.9471270442008972,0.95751953125,0.0803815840061514,0.9471270442008972,0.95751953125,0.0803815840061514,,,
158,0,4,rotate,hard,1.0,False,0.8453183174133301,0.95703125,0.0808173779315648,0.8453183174133301,0.95703125,0.0808173779315648,,,
158,0,5,resize,easy,1.2786020356760706,False,0.9370774030685424,0.96337890625,0.0715378961884976,0.946821928024292,0.96337890625,0.0374420421759542,,,
158,0,6,resize,medium,1.4786020356760705,False,0.8958879113197327,0.9736328125,0.0664593672600669,0.9004778861999512,0.9736328125,0.0312640100356673,,,
158,0,7,resize,medium,1.7392739273927393,True,0.8467264175415039,0.9755859375,0.0609621309718869,0.8457581996917725,0.9765625,0.0608546345747881,0.8456001281738281,0.97607421875,0.060825334220914
158,0,8,resize,easy,0.8106989821619648,False,0.9400413036346436,0.9609375,0.0934304282453666,0.9350690245628356,0.9609375,0.0649725810332097,,,
158,0,9,resize,easy,0.7786020356760704,False,0.9298800230026244,0.9619140625,0.0993008559771767,0.9272199869155884,0.9619140625,0.0684359010534981,,,
158,0,10,resize,medium,0.5786020356760704,True,0.8662350177764893,0.951171875,0.1079748145592548,0.8657194375991821,0.953125,0.1078782128687251,0.8658298254013062,0.953125,0.1078377704943169
159,0,0,move,easy,1.0,False,0.9303079843521118,0.97705078125,0.0787751609182572,0.9279556274414062,0.97607421875,0.0645994716672247,,,
159,0,1,move,easy,1.0,False,0.9436156749725342,0.986328125,0.0758795004402773,0.9404232501983644,0.986328125,0.0624965583956542,,,
159,0,2,move,medium,1.0,False,0.9390783905982972,0.98486328125,0.0689233669432352,0.9404520392417908,0.98486328125,0.0561902990165073,,,
159,0,3,rotate,easy,1.0,False,0.9361534118652344,0.9755859375,0.0811989262902734,0.9361534118652344,0.9755859375,0.0811989262902734,,,
159,0,4,rotate,easy,1.0,False,0.9245527386665344,0.9775390625,0.0644728098624376,0.9245527386665344,0.9775390625,0.0644728098624376,,,
159,0,5,rotate,hard,1.0,False,0.8687451481819153,0.97998046875,0.074136959505919,0.8687451481819153,0.97998046875,0.074136959505919,,,
159,0,6,resize,easy,1.2209712100495413,False,0.8891482353210449,0.97265625,0.0633090096798213,0.887599527835846,0.97265625,0.0588043352362041,,,
159,0,7,resize,easy,1.4209712100495413,False,0.844879150390625,0.9755859375,0.0680548783190744,0.8489029407501221,0.9755859375,0.0597083696578355,,,
159,0,8,resize,hard,2.407284075371559,True,0.6715337038040161,0.970703125,0.0662139084377167,0.6719401478767395,0.97119140625,0.0661712145354755,0.6721447110176086,0.970703125,0.066157198394783
159,0,9,resize,easy,0.8395143949752294,False,0.9452874064445496,0.97412109375,0.0863335800384304,0.945100724697113,0.97412109375,0.0842285948581098,,,
159,0,10,resize,easy,0.7209712100495412,False,0.9175938963890076,0.97607421875,0.0857589442448551,0.917582869529724,0.97607421875,0.0854588389194284,,,
159,0,11,resize,medium,0.5209712100495412,True,0.8322010636329651,0.97509765625,0.1327479160417064,0.8323495388031006,0.9755859375,0.1310443880843946,0.8321899175643921,0.97607421875,0.1310534784150099
160,0,0,move,medium,1.0,False,0.9870615005493164,0.947265625,0.0406722853805027,0.987930178642273,0.94580078125,0.0066478195644781,,,
160,0,1,move,medium,1.0,False,0.98711097240448,0.94580078125,0.0408238776085286,0.990260124206543,0.94677734375,0.0063128011523644,,,
160,0,2,move,hard,1.0,False,0.9777857065200806,0.951171875,0.0408487929298966,0.9776545763015748,0.95068359375,0.0067246040548758,,,
160,0,3,rotate,medium,1.0,False,0.9585015773773192,0.97119140625,0.0366564117770611,0.9585015773773192,0.97119140625,0.0366564117770611,,,
160,0,4,rotate,hard,1.0,False,0.9047926664352416,0.94140625,0.0371481484912965,0.9047926664352416,0.94140625,0.0371481484912965,,,
160,0,5,rotate,hard,1.0,False,0.7989617586135864,0.923828125,0.0391890282619191,0.7989617586135864,0.923828125,0.0391890282619191,,,
160,0,6,resize,medium,1.2209712100495413,False,0.9542791843414308,0.93994140625,0.0316048669782631,0.953262448310852,0.9443359375,0.0077619089400721,,,
160,0,7,resize,medium,0.8395143949752294,False,0.9513978362083436,0.951171875,0.0419040169603466,0.9569481015205384,0.951171875,0.0122204581988576,,,
160,0,8,resize,medium,0.7209712100495412,False,0.920795440673828,0.94873046875,0.0475716534884103,0.9167684316635132,0.94873046875,0.0154174210468251,,,
160,0,9,resize,hard,0.5209712100495412,True,0.8354339599609375,0.9482421875,0.0631957250652477,0.834703803062439,0.95068359375,0.0634670557102715,0.8348187804222107,0.951171875,0.0634628895501721
161,0,0,move,easy,1.0,False,0.9536496996879578,0.98388671875,0.0367873587662037,0.9626856446266174,0.9833984375,0.0065438582432868,,,
161,0,1,move,medium,1.0,False,0.9646236896514891,0.978515625,0.0388410147670091,0.9649112820625304,0.978515625,0.0095424631132972,,,
161,0,2,move,hard,1.0,False,0.971152365207672,0.9833984375,0.0419815982559847,0.9702965021133424,0.9833984375,0.0080162443265056,,,
161,0,3,rotate,easy,1.0,False,0.8322309851646423,0.98583984375,0.0368611837841113,0.8322309851646423,0.98583984375,0.0368611837841113,,,
161,0,4,rotate,medium,1.0,False,0.7763181924819946,0.986328125,0.0376756645119925,0.7763181924819946,0.986328125,0.0376756645119925,,,
161,0,5,rotate,hard,1.0,False,0.7116652131080627,0.9814453125,0.0376099189053584,0.7116652131080627,0.9814453125,0.0376099189053584,,,
161,0,6,resize,easy,1.2041549603163333,False,0.9476324319839478,0.98388671875,0.030525959375089,0.964297652244568,0.984375,0.0088591995336338,,,
161,0,7,resize,easy,1.4041549603163332,False,0.8955751657485962,0.9873046875,0.0272557396017056,0.91156804561615,0.98681640625,0.0068368721705155,,,
161,0,8,resize,hard,2.281162202372499,True,0.686204731464386,0.96044921875,0.0230342081545888,0.6864304542541504,0.9609375,0.0230075145795254,0.6861457228660583,0.9609375,0.0229936108470595
161,0,9,resize,easy,0.8479225198418334,False,0.9551241397857666,0.97802734375,0.0401631967879826,0.9607409238815308,0.97802734375,0.0134585431701365,,,
161,0,10,resize,easy,0.7041549603163332,False,0.9099308848381042,0.9765625,0.0465213870279025,0.9110859632492064,0.9765625,0.0145077179808093,,,
161,0,11,resize,hard,0.5041549603163332,True,0.8507440686225891,0.97509765625,0.0613882426218696,0.8507465124130249,0.97509765625,0.0611085667527677,0.8505485653877258,0.9755859375,0.0611122306287821
161,1,0,move,easy,1.0,False,0.9241467118263244,0.982421875,0.0595461682793961,0.9253451228141784,0.98291015625,0.0298723988005147,,,
161,1,1,move,easy,1.0,False,0.8973551988601685,0.98193359375,0.0602556558905724,0.904072642326355,0.98193359375,0.0287175824362702,,,
161,1,2,move,medium,1.0,False,0.9271406531333924,0.97412109375,0.057846028263864,0.9391123056411744,0.97412109375,0.0276774994473071,,,
161,1,3,rotate,easy,1.0,False,0.8884837627410889,0.9833984375,0.0502806706174753,0.8884837627410889,0.9833984375,0.0502806706174753,,,
161,1,4,rotate,medium,1.0,False,0.8106778860092163,0.970703125,0.0532864504340295,0.8106778860092163,0.970703125,0.0532864504340295,,,
161,1,5,rotate,hard,1.0,False,0.7129569053649902,0.9833984375,0.0634401944909353,0.7129569053649902,0.9833984375,0.0634401944909353,,,
161,1,6,resize,easy,1.2684290018892406,False,0.9218343496322632,0.97998046875,0.044604144412377,0.9255967140197754,0.97998046875,0.0284284348058151,,,
161,1,7,resize,easy,1.4684290018892405,False,0.8814841508865356,0.96923828125,0.0416483526938189,0.8852568864822388,0.96533203125,0.0240886089731595,,,
161,1,8,resize,hard,2.7632175141693045,True,0.7398499250411987,0.9521484375,0.0298910239641512,0.7406610250473022,0.953125,0.0297056662161216,0.7405219078063965,0.95458984375,0.0296891774278292
161,1,9,resize,easy,0.8157854990553798,False,0.9254758358001708,0.97607421875,0.0510403206172631,0.934261441230774,0.97607421875,0.0409951529452625,,,
161,1,10,resize,easy,0.7684290018892406,False,0.9082850217819214,0.9775390625,0.0548608831687349,0.9113012552261353,0.9775390625,0.0450974633612622,,,
161,1,11,resize,medium,0.5684290018892406,True,0.7628662586212158,0.984375,0.0956002084741942,0.7618914842605591,0.98388671875,0.09544807865675,0.7618560791015625,0.9833984375,0.095518509127789
162,0,0,move,easy,1.0,False,0.9871593713760376,0.97900390625,0.0337244229815749,0.9866539239883424,0.978515625,0.0020692103427907,,,
162,0,1,move,easy,1.0,False,0.9789870977401732,0.98095703125,0.0360057422069254,0.9783742427825928,0.98095703125,0.003980413649377,,,
162,0,2,rotate,easy,1.0,False,0.8476630449295044,0.97998046875,0.0407609239409563,0.8476630449295044,0.97998046875,0.0407609239409563,,,
162,0,3,rotate,medium,1.0,False,0.82282555103302,0.97802734375,0.0351286618764552,0.82282555103302,0.97802734375,0.0351286618764552,,,
162,0,4,rotate,hard,1.0,False,0.7986692190170288,0.97705078125,0.0385607573338551,0.7986692190170288,0.97705078125,0.0385607573338551,,,
162,0,5,resize,easy,1.2684290018892406,False,0.9722814559936525,0.978515625,0.0336761031527127,0.9713283777236938,0.97900390625,0.0043653658290064,,,
162,0,6,resize,easy,0.8157854990553798,False,0.9779436588287354,0.97998046875,0.0374150513280417,0.9765528440475464,0.97998046875,0.0067771324334679,,,
162,0,7,resize,easy,0.7684290018892406,False,0.9653515219688416,0.97900390625,0.0410606117848552,0.9638338685035706,0.97900390625,0.0070545417910259,,,
162,0,8,resize,medium,0.5684290018892406,True,0.9309509992599488,0.97900390625,0.0720656507728439,0.9308515787124634,0.9794921875,0.0714248001893422,0.9308396577835084,0.9794921875,0.0714434613213902
162,1,0,move,easy,1.0,False,0.9760693311691284,0.97802734375,0.0377382226517174,0.975153923034668,0.97802734375,0.0310030445670584,,,
162,1,1,move,easy,1.0,False,0.9788007736206056,0.97509765625,0.0296648205298724,0.9787578582763672,0.97509765625,0.0231551967192105,,,
162,1,2,move,medium,1.0,False,0.9698662161827089,0.9765625,0.0307737495280747,0.9686105847358704,0.9765625,0.0254840307435463,,,
162,1,3,resize,easy,1.2684290018892406,False,0.9443504810333252,0.98046875,0.0341350610969025,0.946256935596466,0.98046875,0.0314311111111111,,,
162,1,4,resize,easy,1.4684290018892405,False,0.889013409614563,0.982421875,0.0385755063010094,0.8917053937911987,0.982421875,0.036294488526761,,,
162,1,5,resize,easy,0.8157854990553798,False,0.9654759764671326,0.978515625,0.0432269619188436,0.9655099511146544,0.978515625,0.0418045252440822,,,
162,1,6,resize,easy,0.7684290018892406,False,0.96682870388031,0.9755859375,0.043631943343375,0.966726303100586,0.97607421875,0.0423872358167585,,,
162,1,7,resize,medium,0.5684290018892406,True,0.9470072984695436,0.97607421875,0.0711800884313508,0.947041630744934,0.97607421875,0.0712693430040229,0.9470407962799072,0.9765625,0.0712602442369059
162,2,0,move,easy,1.0,False,0.9803956747055054,0.966796875,0.0459905541274985,0.9828597903251648,0.9658203125,0.0251341338730974,,,
162,2,1,rotate,easy,1.0,False,0.9383970499038696,0.96484375,0.0432297384792951,0.9383970499038696,0.96484375,0.0432297384792951,,,
162,2,2,rotate,medium,1.0,False,0.8844287395477295,0.96484375,0.0453108249951865,0.8844287395477295,0.96484375,0.0453108249951865,,,
162,2,3,rotate,hard,1.0,False,0.851421594619751,0.97119140625,0.0506669380841319,0.851421594619751,0.97119140625,0.0506669380841319,,,
162,2,4,resize,easy,1.2381275387372213,False,0.8937203884124756,0.9658203125,0.0412016790138198,0.8897191286087036,0.96484375,0.0294462604461559,,,
162,2,5,resize,easy,0.8309362306313894,False,0.923678994178772,0.9482421875,0.0462133268045864,0.9238350987434388,0.9482421875,0.0398354371740127,,,
162,2,6,resize,easy,0.7381275387372213,False,0.8911069631576538,0.95361328125,0.0545476094495702,0.8898606896400452,0.95361328125,0.0495439632694534,,,
162,2,7,resize,hard,0.5381275387372212,True,0.7939227819442749,0.9541015625,0.0740839489714677,0.7941004037857056,0.955078125,0.0746641941442808,0.7940927743911743,0.95458984375,0.0746513757678563
162,3,0,move,easy,1.0,False,0.9951692223548888,0.9794921875,0.0215925360245948,0.9966031312942504,0.97900390625,0.0017148541623889,,,
162,3,1,move,hard,1.0,False,0.9890336990356444,0.982421875,0.0222516625834573,0.9900221824645996,0.982421875,0.0025080562517169,,,
162,3,2,rotate,easy,1.0,False,0.8569434881210327,0.97509765625,0.0236688653092438,0.8569434881210327,0.97509765625,0.0236688653092438,,,
162,3,3,rotate,medium,1.0,False,0.8208364248275757,0.974609375,0.0238042644318728,0.8208364248275757,0.974609375,0.0238042644318728,,,
162,3,4,rotate,hard,1.0,False,0.8073614835739136,0.98046875,0.0262522230476576,0.8073614835739136,0.98046875,0.0262522230476576,,,
162,3,5,resize,easy,1.2381275387372213,False,0.9535738825798036,0.98583984375,0.0209895509266142,0.9556229114532472,0.98583984375,0.0058338365456326,,,
162,3,6,resize,easy,0.8309362306313894,False,0.9821351170539856,0.9775390625,0.0221932226655011,0.9815322160720824,0.9775390625,0.0056869511661274,,,
162,3,7,resize,easy,0.7381275387372213,False,0.9605187773704528,0.9775390625,0.0308295519929989,0.9596930742263794,0.9775390625,0.0097715346901368,,,
162,3,8,resize,medium,0.5381275387372212,True,0.9182285070419312,0.97705078125,0.0420245720198567,0.9181543588638306,0.9775390625,0.0421476940809724,0.9182407855987548,0.97705078125,0.042153588222196
163,0,0,move,easy,1.0,False,0.9688128232955932,0.96630859375,0.0917587910439702,0.987253189086914,0.9658203125,0.0101453842137683,,,
163,0,1,move,medium,1.0,False,0.9599299430847168,0.94189453125,0.0873804255528713,0.9736711978912354,0.94921875,0.0089247626658274,,,
163,0,2,move,hard,1.0,False,0.9543505311012268,0.9765625,0.0913795591034325,0.9708853363990784,0.9765625,0.0099587564424222,,,
163,0,6,resize,medium,1.2381275387372213,False,0.9446295499801636,0.97509765625,0.0640334728257994,0.9458872079849244,0.9775390625,0.0109663699653444,,,
164,1,0,resize,easy,0.8716388352767591,False,0.9129312038421632,0.98876953125,0.0348212632480758,0.9220411777496338,0.98876953125,0.014182315632384,,,
164,1,1,resize,medium,0.6567223294464818,False,0.8608258962631226,0.98876953125,0.0447409505225757,0.8502871990203857,0.98876953125,0.0208754552820011,,,
164,1,2,resize,hard,0.4567223294464818,True,0.6753545999526978,0.98876953125,0.0563354472149358,0.6761647462844849,0.9892578125,0.056290221538812,0.6762961149215698,0.9892578125,0.0562942415989119
165,0,0,move,medium,1.0,False,0.9667718410491944,0.97802734375,0.0305666700002211,0.9734286665916444,0.97900390625,0.0042187534562262,,,
165,0,1,move,medium,1.0,False,0.9650307297706604,0.97802734375,0.029373989613641,0.9708611369132996,0.97998046875,0.0041782523264004,,,
165,0,5,resize,medium,1.156722329446482,False,0.9538900852203368,0.97607421875,0.0238921455471322,0.9584197998046876,0.9775390625,0.0049917644721092,,,
165,0,6,resize,hard,1.3567223294464819,False,0.9508684873580932,0.98046875,0.0221641778117644,0.943690299987793,0.98095703125,0.0039998482600273,,,
165,0,7,resize,hard,1.6122448979591837,True,0.927120804786682,0.9765625,0.0214180563722417,0.9274758100509644,0.9775390625,0.0214132947384203,0.9274400472640992,0.9775390625,0.0214087532109387
166,0,0,rotate,hard,1.0,False,0.9249938726425172,0.9375,0.0312376382669617,0.9249938726425172,0.9375,0.0312376382669617,,,
166,0,1,rotate,hard,1.0,False,0.8827084302902222,0.9404296875,0.0316126598998593,0.8827084302902222,0.9404296875,0.0316126598998593,,,
166,0,2,rotate,hard,1.0,False,0.7551937103271484,0.9462890625,0.0327662635294083,0.7551937103271484,0.9462890625,0.0327662635294083,,,
167,0,0,move,medium,1.0,False,0.9484286308288574,0.9697265625,0.0373219706021026,0.9517051577568054,0.966796875,0.0037587130143904,,,
167,0,1,move,medium,1.0,False,0.9389266967773438,0.9775390625,0.0391881702338467,0.9407134056091307,0.97607421875,0.005199602643234,,,
167,0,2,rotate,easy,1.0,False,0.90254944562912,0.9755859375,0.0320248488345117,0.90254944562912,0.9755859375,0.0320248488345117,,,
167,0,5,resize,easy,1.182571154381374,False,0.95029878616333,0.9638671875,0.0268636420282524,0.9511173963546752,0.96337890625,0.0037542350845464,,,
167,0,6,resize,medium,1.382571154381374,False,0.9111363887786864,0.9814453125,0.0246118433943866,0.908531904220581,0.98046875,0.0031504832450023,,,
167,0,7,resize,hard,1.9425287356321839,True,0.8344664573669434,0.95166015625,0.0196451483181042,0.8341307640075684,0.9501953125,0.0196043650139578,0.8341964483261108,0.9501953125,0.0195950079388933
168,0,0,move,easy,1.0,False,0.9881783723831176,0.97998046875,0.0558717037862481,0.9821558594703674,0.97998046875,0.0098326119166122,,,
168,0,1,move,easy,1.0,False,0.9798389673233032,0.970703125,0.0566891708027429,0.9797553420066832,0.970703125,0.0095369303914869,,,
168,0,2,move,hard,1.0,False,0.9834068417549132,0.97412109375,0.0575164322697576,0.9868252277374268,0.97412109375,0.0103858135700263,,,
168,0,3,rotate,easy,1.0,False,0.987730860710144,0.96875,0.0486365234245982,0.987730860710144,0.96875,0.0486365234245982,,,
168,0,4,rotate,medium,1.0,False,0.978023111820221,0.96875,0.0495141114848182,0.978023111820221,0.96875,0.0495141114848182,,,
168,0,5,rotate,hard,1.0,False,0.9739117622375488,0.97314453125,0.0504533398383268,0.9739117622375488,0.97314453125,0.0504533398383268,,,
168,0,6,resize,easy,1.2356481942218422,False,0.9723957180976868,0.9775390625,0.0430951891715293,0.9751914739608764,0.978515625,0.0122760408995277,,,
168,0,7,resize,easy,1.4356481942218422,False,0.9469292163848876,0.98291015625,0.041789155409141,0.9506669044494628,0.98193359375,0.0105387082369179,,,
168,0,8,resize,hard,2.5173614566638163,True,0.8143655061721802,0.9814453125,0.0316876386047024,0.8132012486457825,0.98095703125,0.0319335364500587,0.8132368922233582,0.9814453125,0.0319219818038997
168,0,9,resize,easy,0.8321759028890789,False,0.9585844278335572,0.97265625,0.0529147288990682,0.9567426443099976,0.97265625,0.0190494462997715,,,
168,0,10,resize,easy,0.7356481942218422,False,0.9205901026725768,0.970703125,0.0572805612282327,0.909099280834198,0.970703125,0.0233093289521499,,,
168,0,11,resize,medium,0.5356481942218422,True,0.8689423203468323,0.96728515625,0.06757327623622,0.8697042465209961,0.96923828125,0.0675183009750875,0.8697608709335327,0.96875,0.0674970824532469
169,0,0,move,hard,1.0,False,0.9591832160949708,0.96533203125,0.0458149821595708,0.98198401927948,0.96533203125,0.0025468288168725,,,
169,0,1,move,hard,1.0,False,0.9467829465866088,0.9755859375,0.0455769711960506,0.967220902442932,0.978515625,0.0022607046139972,,,
169,0,2,rotate,hard,1.0,False,0.9526185393333436,0.94677734375,0.0367227729189374,0.9526185393333436,0.94677734375,0.0367227729189374,,,
169,0,3,rotate,hard,1.0,False,0.9349533319473268,0.95703125,0.0376815545429127,0.9349533319473268,0.95703125,0.0376815545429127,,,
169,0,4,rotate,hard,1.0,False,0.8519634008407593,0.95166015625,0.0384625476780724,0.8519634008407593,0.95166015625,0.0384625476780724,,,
169,0,5,resize,hard,1.107363197819758,False,0.9377646446228028,0.9619140625,0.0345787966226742,0.9663556814193726,0.9638671875,0.0028230587864477,,,
169,0,6,resize,hard,0.8963184010901211,False,0.953277051448822,0.96337890625,0.0398479177047063,0.9687330722808838,0.96337890625,0.0043644261559009,,,
169,0,7,resize,hard,0.607363197819758,False,0.8018863797187805,0.958984375,0.0513326689516589,0.8266621828079224,0.958984375,0.0083966742003313,,,
170,0,0,move,easy,1.0,False,0.9654761552810668,0.96142578125,0.0876451819915579,0.9669163823127748,0.95654296875,0.013496016915945,,,
170,0,1,move,easy,1.0,False,0.929362416267395,0.95068359375,0.0878975706988779,0.93355393409729,0.9521484375,0.0140258364795523,,,
170,0,2,move,hard,1.0,False,0.922051191329956,0.93505859375,0.0892665946771344,0.9206591248512268,0.93505859375,0.0147130334549286,,,
170,0,3,rotate,easy,1.0,False,0.9505676031112672,0.96826171875,0.0771136540207165,0.9505676031112672,0.96826171875,0.0771136540207165,,,
170,0,4,rotate,easy,1.0,False,0.8910607099533081,0.96826171875,0.0777236151094966,0.8910607099533081,0.96826171875,0.0777236151094966,,,
170,0,5,rotate,medium,1.0,False,0.8198952078819275,0.97265625,0.0793447361594822,0.8198952078819275,0.97265625,0.0793447361594822,,,
170,0,6,resize,easy,1.107363197819758,False,0.9487494230270386,0.96923828125,0.0716138889863886,0.9415870904922484,0.96875,0.0170807804657366,,,
170,0,7,resize,easy,1.307363197819758,False,0.9242762923240662,0.97216796875,0.0664621986055856,0.919803023338318,0.9716796875,0.0151971127479754,,,
170,0,8,resize,medium,1.5552239836481851,True,0.8618451356887817,0.96435546875,0.0628073883090852,0.8609346151351929,0.96484375,0.0629997655692566,0.8610916137695312,0.9638671875,0.0629716989351639
170,0,9,resize,easy,0.8963184010901211,False,0.9264211654663086,0.9580078125,0.0827177567017504,0.9333441853523254,0.9580078125,0.0217080438188386,,,
170,0,10,resize,medium,0.607363197819758,False,0.7741590738296509,0.95849609375,0.1243549937881488,0.758695125579834,0.95849609375,0.0468972073677955,,,
170,0,11,resize,hard,0.40736319781975805,True,0.5732977390289307,0.958984375,0.1543499793247363,0.5750353336334229,0.958984375,0.1545935948353511,0.5752108097076416,0.958984375,0.1545833373401673
171,0,1,move,hard,1.0,False,0.964324712753296,0.95947265625,0.0551813754475119,0.9749255180358888,0.95654296875,0.0100318498544346,,,
171,0,3,rotate,hard,1.0,False,0.9435975551605223,0.9599609375,0.0491072840426493,0.9435975551605223,0.9599609375,0.0491072840426493,,,
172,0,0,move,easy,1.0,False,0.959886908531189,0.97509765625,0.1275744670518687,0.972350537776947,0.9775390625,0.0242214226807878,,,
172,0,1,move,medium,1.0,False,0.9687083959579468,0.986328125,0.12792021235543,0.9812638163566588,0.9873046875,0.0250843117309725,,,
172,0,2,move,hard,1.0,False,0.954578161239624,0.98388671875,0.1252942997551946,0.9666183590888976,0.98388671875,0.0245742355143817,,,
172,0,6,resize,easy,1.1936876176009608,False,0.9502838253974916,0.9736328125,0.0963107551817288,0.9490445852279664,0.9736328125,0.032198495223768,,,
172,0,7,resize,medium,1.3936876176009607,False,0.9453251361846924,0.9794921875,0.0823533721737984,0.940882444381714,0.97900390625,0.0251381219671732,,,
172,0,8,resize,hard,2.131004366812227,True,0.8696486949920654,0.9912109375,0.0629057224079986,0.8698521852493286,0.99169921875,0.0627911391620915,0.8698371052742004,0.9921875,0.0627809211235366
173,0,0,move,hard,1.0,False,0.9870516061782836,0.98095703125,0.0230289037278132,0.9866292476654052,0.98095703125,0.0062331204018478,,,
173,0,1,rotate,easy,1.0,False,0.9900195598602296,0.97802734375,0.0247149933019082,0.9900195598602296,0.97802734375,0.0247149933019082,,,
173,0,2,rotate,easy,1.0,False,0.9916284084320068,0.9775390625,0.023749121547004,0.9916284084320068,0.9775390625,0.023749121547004,,,
173,0,3,resize,easy,0.8531561911995197,False,0.9827285408973694,0.9814453125,0.0238796525442251,0.9839296936988832,0.9814453125,0.0114557113748052,,,
173,0,4,resize,easy,0.6936876176009608,False,0.9513848423957824,0.97900390625,0.0248320781599837,0.9527628421783448,0.97900390625,0.0134087368579292,,,
173,0,5,resize,hard,0.4936876176009607,True,0.8836525678634644,0.9794921875,0.0407717630040896,0.8833340406417847,0.97900390625,0.0400368012678355,0.8833227753639221,0.97900390625,0.040032014975776
173,1,0,move,medium,1.0,False,0.9833711981773376,0.9755859375,0.036576851321951,0.9898614883422852,0.97509765625,0.0045820189901302,,,
173,1,1,rotate,medium,1.0,False,0.9810464382171632,0.97705078125,0.0310044473511078,0.9810464382171632,0.97705078125,0.0310044473511078,,,
173,1,2,rotate,hard,1.0,False,0.9740430116653442,0.97900390625,0.0309235388220305,0.9740430116653442,0.97900390625,0.0309235388220305,,,
173,1,3,resize,medium,0.8229109513276927,False,0.9759418964385986,0.9677734375,0.0334088699061832,0.9782270789146424,0.9677734375,0.007221271199574,,,
173,1,4,resize,hard,0.7541780973446148,False,0.967803955078125,0.96826171875,0.0354327029983401,0.9634997844696044,0.96826171875,0.0082029650227344,,,
173,1,5,resize,hard,0.5541780973446149,True,0.8725613951683044,0.96435546875,0.043689483141522,0.8727803826332092,0.96435546875,0.043903438103379,0.8726337552070618,0.96435546875,0.043891800579013
174,0,0,move,easy,1.0,False,0.9709525108337402,0.95458984375,0.0559064081498521,0.9747656583786012,0.95751953125,0.0082718954248366,,,
174,0,1,move,medium,1.0,False,0.9714043140411376,0.95947265625,0.0548081644575893,0.9734615683555604,0.95849609375,0.0077497498813305,,,
174,0,2,move,hard,1.0,False,0.9654585123062134,0.97509765625,0.0554435316025851,0.9719051122665404,0.9755859375,0.0079554241063278,,,
174,0,3,rotate,easy,1.0,False,0.9681059122085572,0.966796875,0.0470059142416698,0.9681059122085572,0.966796875,0.0470059142416698,,,
174,0,4,rotate,medium,1.0,False,0.953262984752655,0.9638671875,0.0470749165993444,0.953262984752655,0.9638671875,0.0470749165993444,,,
174,0,5,rotate,hard,1.0,False,0.8467643857002258,0.9775390625,0.048480076692815,0.8467643857002258,0.9775390625,0.048480076692815,,,
174,0,6,resize,easy,1.2453898871652243,False,0.9775123000144958,0.97216796875,0.0393518479283371,0.9776323437690736,0.9716796875,0.0078317245353695,,,
174,0,7,resize,medium,1.4453898871652244,False,0.9695556163787842,0.98046875,0.036250209377951,0.970611810684204,0.98095703125,0.0069266560572516,,,
174,0,8,resize,hard,1.7412140575079873,True,0.9466724395751952,0.943359375,0.0321610991013451,0.9462264180183412,0.94140625,0.0321892739108358,0.9462061524391174,0.94189453125,0.0321814802315199
174,0,9,resize,easy,0.8273050564173878,False,0.944474160671234,0.9443359375,0.0495896723058165,0.9605147242546082,0.9443359375,0.0137434261519047,,,
174,0,10,resize,medium,0.7453898871652244,False,0.9246270060539246,0.931640625,0.0515936266495555,0.9450523853302002,0.9326171875,0.015225021691022,,,
174,0,11,resize,hard,0.5453898871652243,True,0.7640717029571533,0.95263671875,0.0624190125235101,0.7466472387313843,0.9560546875,0.0642344280910741,0.7477985620498657,0.9560546875,0.0642250019515054
175,0,0,move,easy,1.0,False,0.9461499452590942,0.98046875,0.06268239577688,0.9584494829177856,0.97998046875,0.01159916790645,,,
175,0,1,move,easy,1.0,False,0.955653727054596,0.9794921875,0.0628341722825975,0.9657468795776368,0.97900390625,0.011892912742771,,,
175,0,2,move,hard,1.0,False,0.9500916600227356,0.99072265625,0.0634626461155373,0.9653782844543456,0.99072265625,0.0121254565680494,,,
175,0,3,rotate,easy,1.0,False,0.9389324188232422,0.98095703125,0.0517180981210495,0.9389324188232422,0.98095703125,0.0517180981210495,,,
175,0,4,rotate,medium,1.0,False,0.9130678176879884,0.98779296875,0.0508172005918079,0.9130678176879884,0.98779296875,0.0508172005918079,,,
175,0,5,rotate,hard,1.0,False,0.8621841669082642,0.9755859375,0.0511111111111111,0.8621841669082642,0.9755859375,0.0511111111111111,,,
175,0,6,resize,easy,1.265054685254529,False,0.9456402063369752,0.9794921875,0.0436357878523977,0.9520622491836548,0.9794921875,0.0114522471168817,,,
175,0,7,resize,medium,1.465054685254529,False,0.9202671051025392,0.98388671875,0.0390952425352123,0.9302641153335572,0.98486328125,0.0084645071602494,,,
175,0,8,resize,hard,2.4545454545454546,True,0.7956572771072388,0.98095703125,0.027340561431487,0.796856701374054,0.98291015625,0.0274302034989041,0.7970724105834961,0.982421875,0.0274206547401916
175,0,9,resize,easy,0.8174726573727356,False,0.9352558851242064,0.98583984375,0.0559915600436828,0.9418262839317322,0.98583984375,0.022190239072174,,,
175,0,10,resize,easy,0.765054685254529,False,0.9174239635467528,0.986328125,0.0582382972825208,0.925933003425598,0.986328125,0.0243877522209302,,,
175,0,11,resize,hard,0.5650546852545291,True,0.8571188449859619,0.98388671875,0.0649357187386052,0.8582489490509033,0.9814453125,0.0660181689152365,0.858036994934082,0.98193359375,0.0660236580134953
176,0,0,move,easy,1.0,False,0.9825502038002014,0.96435546875,0.0438902268857602,0.9857250452041626,0.9658203125,0.0090906244993972,,,
176,0,1,move,medium,1.0,False,0.9827694296836852,0.97802734375,0.043894654129446,0.988145351409912,0.9794921875,0.0091969045445656,,,
176,0,2,resize,easy,1.20671834625323,False,0.969923973083496,0.970703125,0.0337101678689527,0.9705146551132202,0.97412109375,0.0100865685277791,,,
177,0,0,move,easy,1.0,False,0.9718088507652284,0.96142578125,0.0973906688729484,0.9873580932617188,0.9580078125,0.0137899095489302,,,
177,0,1,move,easy,1.0,False,0.9518073201179504,0.94677734375,0.0990030514674042,0.9633497595787048,0.9482421875,0.0149365369804597,,,
177,0,2,move,hard,1.0,False,0.9321610927581788,0.9462890625,0.0998455973239339,0.9510321617126464,0.94775390625,0.0145209835274481,,,
177,0,3,rotate,easy,1.0,False,0.9555593729019164,0.9033203125,0.0801588409638537,0.9555593729019164,0.9033203125,0.0801588409638537,,,
177,0,4,rotate,medium,1.0,False,0.92793607711792,0.95263671875,0.0802207236869524,0.92793607711792,0.95263671875,0.0802207236869524,,,
177,0,5,rotate,hard,1.0,False,0.9185475707054138,0.93994140625,0.0839512863232364,0.9185475707054138,0.93994140625,0.0839512863232364,,,
177,0,6,resize,easy,1.1605403821028297,False,0.9457581043243408,0.958984375,0.0739878086448416,0.9550906419754028,0.95751953125,0.0179479903388222,,,
177,0,7,resize,medium,1.3605403821028297,False,0.9127588272094728,0.95556640625,0.0687158303850457,0.928111493587494,0.95556640625,0.0139499250499352,,,
177,0,8,resize,medium,1.6168582375478928,True,0.8730727434158325,0.94775390625,0.0591675356970195,0.8732247948646545,0.94775390625,0.0590781906005829,0.8732495307922363,0.947265625,0.0590618974738785
177,0,9,resize,easy,0.8697298089485852,False,0.944223165512085,0.93115234375,0.0837298189421645,0.9655966758728028,0.93115234375,0.0257935142229135,,,
177,0,10,resize,medium,0.6605403821028295,False,0.8166240453720093,0.92138671875,0.0949094134527034,0.7934322953224182,0.92138671875,0.0363191249590607,,,
177,0,11,resize,hard,0.46054038210282955,True,0.6927338242530823,0.91796875,0.1040463537439898,0.6892387866973877,0.91845703125,0.1037354817316334,0.6901297569274902,0.91845703125,0.1037311186156705
178,0,0,move,easy,1.0,False,0.9802455902099608,0.951171875,0.0453267353616548,0.993620216846466,0.95068359375,0.0070396167745883,,,
178,0,1,move,medium,1.0,False,0.9620310068130492,0.96875,0.0445865482422408,0.9666796922683716,0.96875,0.0068277704727328,,,
178,0,2,rotate,easy,1.0,False,0.9574995040893556,0.96630859375,0.0402163417301962,0.9574995040893556,0.96630859375,0.0402163417301962,,,
178,0,3,rotate,medium,1.0,False,0.9506202340126038,0.96923828125,0.0398006937274813,0.9506202340126038,0.96923828125,0.0398006937274813,,,
178,0,4,rotate,hard,1.0,False,0.9478819370269777,0.97412109375,0.0407268227411844,0.9478819370269777,0.97412109375,0.0407268227411844,,,
178,0,5,resize,easy,1.1605403821028297,False,0.9597455859184264,0.97998046875,0.0367085608794597,0.9669559001922609,0.978515625,0.00946998886891,,,
178,0,6,resize,medium,1.3605403821028297,False,0.9420243501663208,0.98486328125,0.0318565712031663,0.9416940212249756,0.98486328125,0.0073373993506142,,,
178,0,7,resize,hard,1.9540528657712217,True,0.8955783843994141,0.9931640625,0.0249748666482186,0.8944485783576965,0.99365234375,0.0250988580171701,0.8943874835968018,0.99365234375,0.0250848342900448
178,0,8,resize,easy,0.8697298089485852,False,0.9362506866455078,0.96435546875,0.0434503650942209,0.9396407604217528,0.96435546875,0.0121128589304328,,,
178,0,9,resize,medium,0.6605403821028295,False,0.8374833464622498,0.9619140625,0.0530815227791489,0.7875732183456421,0.9619140625,0.0178757874011864,,,
178,0,10,resize,hard,0.46054038210282955,True,0.6603163480758667,0.9609375,0.0666014045956186,0.6788018941879272,0.96044921875,0.0666869595992064,0.6784338355064392,0.9599609375,0.066680141173873
179,0,1,move,medium,1.0,False,0.957118272781372,0.98291015625,0.030140031402981,0.9610636830329896,0.982421875,0.0061332909638983,,,
179,0,2,move,hard,1.0,False,0.9668821096420288,0.98486328125,0.0303521938267144,0.9692808389663696,0.984375,0.0065417482898279,,,
180,0,0,move,easy,1.0,False,0.9657752513885498,0.9638671875,0.0200367838769322,0.9776668548583984,0.96435546875,0.0023978474438395,,,
180,0,1,move,medium,1.0,False,0.9369139671325684,0.96240234375,0.0204244501129404,0.9399606585502625,0.962890625,0.0026554081991973,,,
180,0,2,move,hard,1.0,False,0.9728037118911744,0.96337890625,0.0206687598385828,0.9826738238334656,0.96337890625,0.0030901401296392,,,
180,0,3,rotate,easy,1.0,False,0.9237900972366332,0.9619140625,0.019093191539163,0.9237900972366332,0.9619140625,0.019093191539163,,,
180,0,4,rotate,medium,1.0,False,0.9375108480453492,0.9609375,0.0205804070771008,0.9375108480453492,0.9609375,0.0205804070771008,,,
180,0,5,rotate,hard,1.0,False,0.8303244113922119,0.9609375,0.0207185148692994,0.8303244113922119,0.9609375,0.0207185148692994,,,
180,0,6,resize,easy,0.8350077123182623,False,0.9147397875785828,0.9609375,0.022417020749911,0.9291363954544068,0.9609375,0.005722997900114,,,
180,0,7,resize,easy,0.7299845753634755,False,0.9162915349006652,0.96240234375,0.0262471088696354,0.9111972451210022,0.96240234375,0.0065557633897527,,,
180,0,8,resize,hard,0.5299845753634755,True,0.756842315196991,0.962890625,0.0344383693648399,0.7522085309028625,0.9619140625,0.0344916135970057,0.7524200677871704,0.96240234375,0.034513435003631
180,1,2,move,medium,1.0,False,0.952582061290741,0.919921875,0.0692821457283258,0.97555011510849,0.9228515625,0.0067667910967886,,,
180,1,6,resize,easy,1.2299845753634755,False,0.9223394989967346,0.93310546875,0.0566959387197412,0.9414291977882384,0.939453125,0.008544460465082,,,
181,0,0,move,easy,1.0,False,0.9666954278945924,0.9814453125,0.0435260612133345,0.9766457676887512,0.9814453125,0.0081104168800303,,,
181,0,1,move,medium,1.0,False,0.9573153853416444,0.9697265625,0.0422352949084931,0.9685752391815186,0.96630859375,0.0079348226810975,,,
181,0,2,rotate,medium,1.0,False,0.9413003921508788,0.95458984375,0.0398782384158677,0.9413003921508788,0.95458984375,0.0398782384158677,,,
181,0,3,rotate,medium,1.0,False,0.9299811720848083,0.96826171875,0.0399655323916816,0.9299811720848083,0.96826171875,0.0399655323916816,,,
181,0,4,rotate,hard,1.0,False,0.903340220451355,0.98095703125,0.0399353321268041,0.903340220451355,0.98095703125,0.0399353321268041,,,
181,0,5,resize,medium,1.2299845753634755,False,0.934070348739624,0.98876953125,0.0344561659737699,0.9408915638923644,0.9892578125,0.0088789799856837,,,
181,0,6,resize,easy,0.8350077123182623,False,0.9394201040267944,0.96728515625,0.0453311608573343,0.9592708349227904,0.96728515625,0.0157742620554843,,,
181,0,7,resize,medium,0.7299845753634755,False,0.9164425134658812,0.96435546875,0.0483621039234737,0.9328651428222656,0.96435546875,0.0180822855949612,,,
181,0,8,resize,hard,0.5299845753634755,True,0.7828587293624878,0.9599609375,0.0593245326856056,0.7798781394958496,0.9541015625,0.0597350418324121,0.7802180051803589,0.95458984375,0.0597418946034428
181,1,0,move,easy,1.0,False,0.932191014289856,0.9892578125,0.0772818021651842,0.9614496231079102,0.990234375,0.0165802087958817,,,
181,1,1,move,easy,1.0,False,0.946845293045044,0.986328125,0.0765393486031843,0.961299479007721,0.9853515625,0.015514596355849,,,
181,1,2,rotate,easy,1.0,False,0.9403496980667114,0.98779296875,0.0675418567558346,0.9403496980667114,0.98779296875,0.0675418567558346,,,
181,1,3,rotate,easy,1.0,False,0.9249326586723328,0.9873046875,0.0649025943811837,0.9249326586723328,0.9873046875,0.0649025943811837,,,
181,1,4,rotate,hard,1.0,False,0.8808820247650146,0.982421875,0.0668132072549959,0.8808820247650146,0.982421875,0.0668132072549959,,,
181,1,5,resize,easy,1.1904168637058714,False,0.9406989812850952,0.97705078125,0.0612292386413553,0.9529715180397034,0.97705078125,0.0210649704908141,,,
181,1,6,resize,easy,1.3904168637058714,False,0.9147509932518004,0.97021484375,0.0533054445762124,0.9350196719169616,0.96533203125,0.0168146689745252,,,
181,1,7,resize,hard,2.1781264777940352,True,0.7904737591743469,0.9833984375,0.0406609998214049,0.7909890413284302,0.9833984375,0.040763044475569,0.7909467220306396,0.98291015625,0.0407220554509434
181,1,8,resize,easy,0.8547915681470644,False,0.9409079551696776,0.98828125,0.0717661006873138,0.9540817737579346,0.98828125,0.0299720565044968,,,
181,1,9,resize,easy,0.6904168637058714,False,0.8751142024993896,0.986328125,0.0849932217480579,0.8851343989372253,0.986328125,0.04376202382519,,,
181,1,10,resize,hard,0.49041686370587134,True,0.6991526484489441,0.98486328125,0.0917279926244217,0.6980273723602295,0.98486328125,0.0916106912958298,0.6978899240493774,0.98486328125,0.0916012248728206
182,0,3,resize,easy,1.10062893081761,False,0.928252935409546,0.97802734375,0.0215297397466765,0.9344050884246826,0.978515625,0.0051318628191346,,,
183,0,0,move,easy,1.0,False,0.9787599444389344,0.97705078125,0.0313914121244209,0.9818415641784668,0.9775390625,0.0090798348010448,,,
183,0,2,move,hard,1.0,False,0.9489063024520874,0.97998046875,0.0351596463184719,0.9601759314537048,0.97998046875,0.0119271850409842,,,
183,0,3,rotate,easy,1.0,False,0.95070481300354,0.95849609375,0.0295688332649543,0.95070481300354,0.95849609375,0.0295688332649543,,,
183,0,6,resize,easy,1.1620177042070203,False,0.927985429763794,0.98046875,0.0275243294873957,0.9347475171089172,0.98046875,0.0105991072600119,,,
183,0,7,resize,medium,1.3620177042070203,False,0.9182696342468262,0.97216796875,0.0262389955187628,0.918277621269226,0.97216796875,0.0092605072404214,,,
183,0,8,resize,medium,1.6256410256410256,True,0.8695412874221802,0.9560546875,0.0253464966566842,0.8696889877319336,0.9560546875,0.0252699401311227,0.8696593046188354,0.955078125,0.025264753196715
184,0,0,move,easy,1.0,False,0.9852398633956908,0.98779296875,0.0288160680339856,0.9851903319358826,0.98828125,0.0051914904278274,,,
184,0,5,resize,easy,1.218394305359625,False,0.9627164602279664,0.9814453125,0.0265673750164009,0.9634639024734496,0.97998046875,0.0082131024536925,,,
184,0,6,resize,medium,1.4183943053596249,False,0.9560549259185792,0.95556640625,0.0247947338681331,0.953643560409546,0.95458984375,0.0061110221261184,,,
184,0,7,resize,hard,1.9070631970260223,True,0.8908733129501343,0.953125,0.0244463832436638,0.890865683555603,0.9521484375,0.0244204816638341,0.8910231590270996,0.9521484375,0.0244215371705725
184,1,0,move,easy,1.0,False,0.9951376914978028,0.99560546875,0.0272085350032623,0.9971206188201904,0.99560546875,0.0048030858125147,,,
184,1,1,move,medium,1.0,False,0.9831236600875854,0.9951171875,0.0270106632737099,0.9839203357696532,0.99560546875,0.0049564447757022,,,
184,1,2,move,hard,1.0,False,0.9869660139083862,0.99365234375,0.0263101200170134,0.9896972179412842,0.994140625,0.0043676096857587,,,
184,1,3,rotate,medium,1.0,False,0.9859398007392884,0.9970703125,0.0247547204194209,0.9859398007392884,0.9970703125,0.0247547204194209,,,
184,1,4,rotate,hard,1.0,False,0.9756778478622437,0.99755859375,0.0249491618512938,0.9756778478622437,0.99755859375,0.0249491618512938,,,
184,1,5,rotate,hard,1.0,False,0.9473016262054444,0.99658203125,0.0281120810969685,0.9473016262054444,0.99658203125,0.0281120810969685,,,
184,1,6,resize,medium,1.2716997208861396,False,0.961861789226532,0.9814453125,0.0238635851476996,0.9621471762657166,0.9814453125,0.0062059438030404,,,
184,1,7,resize,medium,1.4716997208861398,False,0.934773087501526,0.990234375,0.0230868488355719,0.9337435960769652,0.9912109375,0.0054741341316054,,,
184,1,8,resize,easy,0.8141501395569302,False,0.9633732438087464,0.99658203125,0.0276356604909806,0.9605125784873962,0.99658203125,0.0090179397944715,,,
184,1,9,resize,medium,0.7716997208861397,False,0.9548945426940918,0.99609375,0.0288544633532024,0.9555233120918274,0.99609375,0.010201789627232,,,
184,1,10,resize,hard,0.5716997208861396,True,0.8366082906723022,0.99658203125,0.0383956440668657,0.8361821174621582,0.99658203125,0.0380220682490344,0.83603435754776,0.99658203125,0.0380246748084411
185,0,0,move,easy,1.0,False,0.9675384759902954,0.984375,0.0389000803540596,0.9783560633659364,0.98486328125,0.0083055857626075,,,
185,0,1,move,medium,1.0,False,0.9420575499534608,0.98974609375,0.0397887949334025,0.9589694142341614,0.99072265625,0.0089950328382017,,,
185,0,2,move,medium,1.0,False,0.960747480392456,0.98095703125,0.0375678008011636,0.9584482312202454,0.98095703125,0.0078991275939274,,,
185,0,3,rotate,easy,1.0,False,0.9550824165344238,0.9892578125,0.0344741797643671,0.9550824165344238,0.9892578125,0.0344741797643671,,,
185,0,4,rotate,easy,1.0,False,0.9312084913253784,0.98486328125,0.0341264588281671,0.9312084913253784,0.98486328125,0.0341264588281671,,,
185,0,5,rotate,medium,1.0,False,0.9034465551376344,0.98876953125,0.0340347537278483,0.9034465551376344,0.98876953125,0.0340347537278483,,,
185,0,6,resize,easy,1.1280677341642331,False,0.9685534238815308,0.98583984375,0.031409823420605,0.9735591411590576,0.98583984375,0.0111648681229538,,,
185,0,7,resize,easy,1.328067734164233,False,0.933196783065796,0.9794921875,0.0285665171212739,0.9332997798919678,0.97900390625,0.0088367732079449,,,
185,0,8,resize,medium,1.7105080062317477,True,0.8907378315925598,0.9892578125,0.0280708119371883,0.8890466690063477,0.98876953125,0.0281257524219779,0.8892267942428589,0.98876953125,0.0281197330461543
185,0,9,resize,easy,0.8859661329178835,False,0.9548368453979492,0.98828125,0.034749749636121,0.9580068588256836,0.98828125,0.016355425055223,,,
185,0,10,resize,medium,0.628067734164233,False,0.8322998285293579,0.98828125,0.041469254368414,0.8385279774665833,0.98828125,0.0258996932106175,,,
185,0,11,resize,hard,0.42806773416423305,True,0.7478111982345581,0.98876953125,0.0617893424923554,0.7496370077133179,0.98779296875,0.0604741822819297,0.7496002912521362,0.98779296875,0.0604850513745779
186,0,0,move,easy,1.0,False,0.898597240447998,0.98095703125,0.1311652513203877,0.9120883941650392,0.98095703125,0.0303754109581684,,,
186,0,1,move,medium,1.0,False,0.8977293372154236,0.96630859375,0.1315970057260691,0.9084333181381226,0.966796875,0.028965550888183,,,
186,0,2,move,hard,1.0,False,0.9024818539619446,0.974609375,0.12616405407647,0.9314712882041932,0.974609375,0.0271207190680867,,,
186,0,3,rotate,easy,1.0,False,0.9021986722946168,0.97900390625,0.1067764924441114,0.9021986722946168,0.97900390625,0.1067764924441114,,,
186,0,4,rotate,easy,1.0,False,0.8856229782104492,0.9814453125,0.109749075819856,0.8856229782104492,0.9814453125,0.109749075819856,,,
186,0,5,rotate,hard,1.0,False,0.8731577396392822,0.97412109375,0.1102478665992978,0.8731577396392822,0.97412109375,0.1102478665992978,,,
186,0,6,resize,easy,1.1280677341642331,False,0.924036741256714,0.984375,0.1002830649396763,0.9220889806747437,0.98486328125,0.0360395774158946,,,
186,0,7,resize,easy,1.328067734164233,False,0.909536838531494,0.97998046875,0.0898874901839206,0.9075286388397216,0.9794921875,0.0279954677022204,,,
186,0,8,resize,medium,1.5361216730038023,True,0.8750709295272827,0.97509765625,0.0876169562740524,0.8753191232681274,0.97509765625,0.0876589933800934,0.8755055069923401,0.97509765625,0.0876601763048345
186,0,9,resize,easy,0.8859661329178835,False,0.8901138305664062,0.97705078125,0.109273358354731,0.8987796306610107,0.97705078125,0.0475879754501402,,,
186,0,10,resize,medium,0.628067734164233,False,0.7940297722816467,0.97412109375,0.1287030295826337,0.7834721803665161,0.9736328125,0.0754739346273156,,,
186,0,11,resize,hard,0.42806773416423305,True,0.5891644954681396,0.97509765625,0.1351300085251491,0.5834534168243408,0.97412109375,0.1363917306052856,0.5837479829788208,0.97412109375,0.1363757459505541
187,0,0,move,easy,1.0,False,0.8985384702682495,0.966796875,0.0964546145149021,0.9114593267440796,0.96630859375,0.0167956169570772,,,
187,0,1,move,easy,1.0,False,0.9287542104721068,0.9775390625,0.0941370060727503,0.9466792345046996,0.9775390625,0.0148340724726477,,,
187,0,2,move,hard,1.0,False,0.921553909778595,0.9765625,0.0963987673071864,0.9328606128692628,0.9765625,0.0161277816546483,,,
187,0,3,rotate,easy,1.0,False,0.8901550769805908,0.97119140625,0.0838482637271645,0.8901550769805908,0.97119140625,0.0838482637271645,,,
187,0,4,rotate,medium,1.0,False,0.8355599045753479,0.9677734375,0.0833407916807462,0.8355599045753479,0.9677734375,0.0833407916807462,,,
187,0,5,rotate,hard,1.0,False,0.7579926252365112,0.96826171875,0.0843393785272925,0.7579926252365112,0.96826171875,0.0843393785272925,,,
187,0,6,resize,easy,0.8382066537037672,False,0.8571667671203613,0.9765625,0.0882424007494266,0.89066481590271,0.9765625,0.0350211942730597,,,
187,0,7,resize,easy,0.7599395231679195,False,0.8534117937088013,0.97607421875,0.1003662945662787,0.8631268739700317,0.97607421875,0.043668751484443,,,
187,0,8,resize,medium,0.5599395231679194,True,0.7230502367019653,0.97705078125,0.1235263568321957,0.7197052240371704,0.9765625,0.122247465611911,0.7197077870368958,0.9765625,0.1222374968847727
188,0,0,move,medium,1.0,False,0.98141211271286,0.9541015625,0.0595040036390648,0.9864617586135864,0.9560546875,0.0099580138230076,,,
188,0,1,rotate,medium,1.0,False,0.9563987255096436,0.96875,0.0531988570237803,0.9563987255096436,0.96875,0.0531988570237803,,,
188,0,2,rotate,hard,1.0,False,0.9398363828659058,0.96875,0.0548623050871789,0.9398363828659058,0.96875,0.0548623050871789,,,
188,0,3,rotate,hard,1.0,False,0.8758965730667114,0.96728515625,0.0540032096645744,0.8758965730667114,0.96728515625,0.0540032096645744,,,
188,0,4,resize,medium,1.2599395231679196,False,0.9497398138046264,0.98388671875,0.0483280434813118,0.951462984085083,0.982421875,0.0133893524127739,,,
188,0,5,resize,hard,1.449438202247191,False,0.92268168926239,0.97412109375,0.0477044884369824,0.9225358366966248,0.97216796875,0.0124449111144302,,,
188,0,6,resize,medium,0.8200302384160403,False,0.9401363730430604,0.95849609375,0.0674316273764813,0.9450998306274414,0.95947265625,0.0183684082826219,,,
188,0,7,resize,medium,0.7599395231679195,False,0.9313307404518129,0.9638671875,0.0721556928759144,0.9378883838653564,0.9638671875,0.0204288684718862,,,
188,0,8,resize,hard,0.5599395231679194,True,0.8241340517997742,0.966796875,0.1015444335405081,0.8246021866798401,0.96484375,0.1014009633948443,0.8246954679489136,0.96484375,0.1013934204365423
189,0,0,move,hard,1.0,False,0.9902732372283936,0.95263671875,0.0214642008881359,0.9935659170150756,0.955078125,0.0031660635960838,,,
190,0,0,move,medium,1.0,False,0.964159905910492,0.9765625,0.0578327193653231,0.9789952039718628,0.97607421875,0.0153757473645912,,,
190,0,1,rotate,easy,1.0,False,0.9613393545150756,0.978515625,0.0534496611453614,0.9613393545150756,0.978515625,0.0534496611453614,,,
190,0,2,resize,easy,0.8969757847382896,False,0.960981786251068,0.984375,0.0550505216339183,0.9661363363265992,0.984375,0.0232244388143092,,,
190,0,3,resize,hard,0.6060484305234206,False,0.8804061412811279,0.9833984375,0.0727856670932717,0.8903093338012695,0.9833984375,0.039259498038704,,,
190,0,4,resize,hard,0.4060484305234207,True,0.7165322303771973,0.98388671875,0.0861673584483572,0.710524320602417,0.9833984375,0.0877445637073228,0.7104604244232178,0.98388671875,0.0877504057360172
190,1,0,move,easy,1.0,False,0.956503689289093,0.9794921875,0.0494787357167471,0.9718177318572998,0.97900390625,0.008186973584223,,,
190,1,1,move,medium,1.0,False,0.9400606155395508,0.95556640625,0.0517207422227572,0.9501405954360962,0.9560546875,0.008559409860166,,,
190,1,2,move,hard,1.0,False,0.9255892038345336,0.97705078125,0.0544451260021924,0.948999285697937,0.9765625,0.0092241516039219,,,
190,1,3,rotate,easy,1.0,False,0.9553530812263488,0.98779296875,0.0435713287085205,0.9553530812263488,0.98779296875,0.0435713287085205,,,
190,1,4,rotate,easy,1.0,False,0.9153819680213928,0.98779296875,0.0444448903450729,0.9153819680213928,0.98779296875,0.0444448903450729,,,
190,1,5,rotate,medium,1.0,False,0.8412481546401978,0.978515625,0.0447505032928278,0.8412481546401978,0.978515625,0.0447505032928278,,,
190,1,6,resize,easy,1.1060484305234208,False,0.9423037171363832,0.9755859375,0.0411322270895282,0.9576209187507628,0.97607421875,0.0115764755910337,,,
190,1,7,resize,easy,0.8969757847382896,False,0.9178422093391418,0.98681640625,0.0461474858894186,0.9288877248764038,0.98681640625,0.0146063259555178,,,
190,1,8,resize,medium,0.6060484305234206,False,0.7812079787254333,0.986328125,0.0610884463408313,0.7656136751174927,0.986328125,0.0239308772176156,,,
190,1,9,resize,hard,0.4060484305234207,True,0.5303851366043091,0.986328125,0.0804588502067493,0.5394028425216675,0.98681640625,0.0798738819199177,0.5406913161277771,0.98681640625,0.0798758150603236
191,0,0,move,easy,1.0,False,0.9508181810379028,0.98388671875,0.0466245487216884,0.9616819620132446,0.98388671875,0.0118663040343796,,,
191,0,1,move,medium,1.0,False,0.942449390888214,0.98291015625,0.0492650093945552,0.9500567317008972,0.9833984375,0.0115019256996672,,,
191,0,2,move,hard,1.0,False,0.960588276386261,0.9873046875,0.0472356108616172,0.9695864319801332,0.98828125,0.0112475483716604,,,
191,0,3,rotate,easy,1.0,False,0.9453351497650146,0.98876953125,0.0424471068338298,0.9453351497650146,0.98876953125,0.0424471068338298,,,
191,0,4,rotate,easy,1.0,False,0.938526451587677,0.9873046875,0.044073907681682,0.938526451587677,0.9873046875,0.044073907681682,,,
191,0,5,rotate,medium,1.0,False,0.908044695854187,0.98291015625,0.0439354106779739,0.908044695854187,0.98291015625,0.0439354106779739,,,
191,0,6,resize,easy,1.1060484305234208,False,0.9488707184791564,0.97802734375,0.0373200024647104,0.942225992679596,0.97802734375,0.0138210870266036,,,
191,0,7,resize,easy,1.3060484305234208,False,0.88962721824646,0.984375,0.0321842154146346,0.8933770656585693,0.9853515625,0.0100358727268054,,,
191,0,8,resize,medium,1.5453632289256551,True,0.8595867156982422,0.98193359375,0.0297538305991157,0.8598035573959351,0.98193359375,0.0297411795499511,0.8597090244293213,0.98193359375,0.029731120297877
191,0,9,resize,easy,0.8969757847382896,False,0.9186761975288392,0.98876953125,0.0459768805220076,0.9373182058334352,0.98876953125,0.0193950085611996,,,
191,0,10,resize,medium,0.6060484305234206,False,0.824286699295044,0.9873046875,0.0583069511560257,0.826759397983551,0.9873046875,0.0322699514983814,,,
191,0,11,resize,hard,0.4060484305234207,True,0.6539139747619629,0.9873046875,0.0788144572249703,0.6519129872322083,0.98779296875,0.0788277012932832,0.6519200801849365,0.9873046875,0.0788290257001145
192,0,0,move,easy,1.0,False,0.9467906951904296,0.978515625,0.0598533916028229,0.9605696797370912,0.982421875,0.0081485047997309,,,
192,0,1,move,medium,1.0,False,0.9671051502227784,0.98291015625,0.0610603087577845,0.9834661483764648,0.9833984375,0.0087141050166734,,,
192,0,2,move,hard,1.0,False,0.9275656938552856,0.9814453125,0.0627740401101848,0.9374533891677856,0.98095703125,0.0107445183779076,,,
192,0,3,rotate,easy,1.0,False,0.9308149814605712,0.97900390625,0.053937432976201,0.9308149814605712,0.97900390625,0.053937432976201,,,
192,0,4,rotate,medium,1.0,False,0.9180461764335632,0.97998046875,0.0537509680284574,0.9180461764335632,0.97998046875,0.0537509680284574,,,
192,0,5,rotate,hard,1.0,False,0.904669225215912,0.9833984375,0.0573441416420618,0.904669225215912,0.9833984375,0.0573441416420618,,,
192,0,6,resize,easy,1.239978022748403,False,0.9310083985328674,0.9853515625,0.0447704622974731,0.94046550989151,0.986328125,0.0101474622483025,,,
192,0,7,resize,medium,1.439978022748403,False,0.9317485690116882,0.986328125,0.0391876684320675,0.9363760352134703,0.9873046875,0.0076036311677439,,,
192,0,8,resize,easy,0.8300109886257986,False,0.919559121131897,0.97998046875,0.0632363060585497,0.9340781569480896,0.97998046875,0.0180574901484576,,,
192,0,9,resize,medium,0.7399780227484029,False,0.8859124183654785,0.982421875,0.069285466995787,0.8963489532470703,0.982421875,0.0219113862773573,,,
192,0,10,resize,hard,0.5399780227484028,True,0.7626451849937439,0.978515625,0.0832647766573497,0.7559489607810974,0.9775390625,0.0849415454864918,0.7562903165817261,0.978515625,0.0848911227027175
192,1,0,move,easy,1.0,False,0.943122625350952,0.98779296875,0.0581520670141094,0.9529250860214232,0.98779296875,0.0132013231052433,,,
192,1,1,move,easy,1.0,False,0.9591662883758544,0.9814453125,0.0585871962691194,0.9652340412139891,0.9814453125,0.0131381107462511,,,
192,1,2,move,medium,1.0,False,0.9291898012161256,0.98388671875,0.0634962890891864,0.9364061951637268,0.98388671875,0.0162212522653597,,,
192,1,3,rotate,easy,1.0,False,0.9261074066162108,0.9892578125,0.0534518630603366,0.9261074066162108,0.9892578125,0.0534518630603366,,,
192,1,4,rotate,medium,1.0,False,0.8875366449356079,0.9853515625,0.0592101946380021,0.8875366449356079,0.9853515625,0.0592101946380021,,,
192,1,5,rotate,hard,1.0,False,0.8245670795440674,0.98681640625,0.0596352301545474,0.8245670795440674,0.98681640625,0.0596352301545474,,,
192,1,6,resize,easy,1.239978022748403,False,0.923048973083496,0.982421875,0.0461376013577954,0.926685094833374,0.982421875,0.0161153542218952,,,
192,1,7,resize,easy,1.439978022748403,False,0.8729623556137085,0.97607421875,0.0418567840733294,0.8704273700714111,0.97705078125,0.0150917288202601,,,
192,1,8,resize,easy,0.8300109886257986,False,0.9537151455879213,0.98681640625,0.063605840097936,0.955117642879486,0.98681640625,0.0275011649998207,,,
192,1,9,resize,easy,0.7399780227484029,False,0.921669602394104,0.9873046875,0.0657954791327315,0.9300096035003662,0.9873046875,0.0310285374473198,,,
192,1,10,resize,medium,0.5399780227484028,True,0.8087508678436279,0.9873046875,0.0817263544536271,0.8116666078567505,0.98779296875,0.081684684893241,0.8115466833114624,0.9873046875,0.0816821126981554
193,0,0,move,medium,1.0,False,0.8709890842437744,0.9560546875,0.0697923654430387,0.8764222860336304,0.95751953125,0.0190419557317476,,,
193,0,1,move,medium,1.0,False,0.9377033114433287,0.970703125,0.0703099814091477,0.959008812904358,0.97216796875,0.0162475757399094,,,
193,0,2,rotate,easy,1.0,False,0.8774374723434448,0.9755859375,0.0628151208561294,0.8774374723434448,0.9755859375,0.0628151208561294,,,
193,0,3,rotate,medium,1.0,False,0.81596839427948,0.9560546875,0.0680645232812453,0.81596839427948,0.9560546875,0.0680645232812453,,,
193,0,4,rotate,hard,1.0,False,0.7140057682991028,0.94775390625,0.0715950097044736,0.7140057682991028,0.94775390625,0.0715950097044736,,,
193,0,5,resize,easy,0.898077761962572,False,0.8736702799797058,0.9677734375,0.0682691907617989,0.8941687345504761,0.96875,0.0314053211305414,,,
193,0,6,resize,hard,0.6038444760748559,False,0.8126123547554016,0.947265625,0.0857518324002592,0.8113331198692322,0.9501953125,0.0517045299535039,,,
193,0,7,resize,hard,0.403844476074856,True,0.6651709079742432,0.9501953125,0.1102382295275696,0.6637758016586304,0.9521484375,0.1105316125322097,0.6638236045837402,0.9521484375,0.1105349302721652
194,0,0,move,easy,1.0,False,0.9792090654373168,0.98876953125,0.0899025274060602,0.9852988719940186,0.98876953125,0.0267622960332381,,,
194,0,1,move,medium,1.0,False,0.9455782771110536,0.97998046875,0.0901960784313725,0.9481204748153688,0.97900390625,0.0273076182635159,,,
194,0,2,move,medium,1.0,False,0.9581650495529176,0.98291015625,0.0906268474940982,0.9681337475776672,0.98291015625,0.0274583533016298,,,
194,0,3,rotate,easy,1.0,False,0.9157230854034424,0.9892578125,0.0789583990409756,0.9157230854034424,0.9892578125,0.0789583990409756,,,
194,0,4,rotate,medium,1.0,False,0.935478687286377,0.98095703125,0.0806739069896964,0.935478687286377,0.98095703125,0.0806739069896964,,,
194,0,5,rotate,hard,1.0,False,0.8599181771278381,0.98779296875,0.0869255762942919,0.8599181771278381,0.98779296875,0.0869255762942919,,,
194,0,6,resize,easy,1.2583054805165075,False,0.9198843240737916,0.990234375,0.0695663577662043,0.9160600900650024,0.990234375,0.0313542842031411,,,
194,0,7,resize,easy,1.4583054805165077,False,0.8861199617385864,0.9765625,0.0615212748415612,0.8845310211181641,0.97802734375,0.0237153929484817,,,
194,0,8,resize,easy,0.8208472597417462,False,0.9342936277389526,0.9892578125,0.0930841167030564,0.9345110654830932,0.9892578125,0.0490465068358968,,,
194,0,9,resize,easy,0.7583054805165076,False,0.8639899492263794,0.98828125,0.0995880386708265,0.8855674266815186,0.98828125,0.0540166821833239,,,
194,0,10,resize,medium,0.5583054805165075,True,0.7835167050361633,0.98828125,0.1342354166119817,0.786095142364502,0.98828125,0.1330914070224252,0.7857770919799805,0.98828125,0.133017910421643
194,1,0,move,easy,1.0,False,0.9574201107025146,0.97607421875,0.0832134697614877,0.9654711484909058,0.98095703125,0.0264357700160311,,,
194,1,1,rotate,easy,1.0,False,0.9229989647865297,0.9921875,0.0757711863062376,0.9229989647865297,0.9921875,0.0757711863062376,,,
194,1,2,rotate,medium,1.0,False,0.883824348449707,0.9892578125,0.0776909239770275,0.883824348449707,0.9892578125,0.0776909239770275,,,
194,1,3,rotate,hard,1.0,False,0.7953708171844482,0.99072265625,0.0816444778045536,0.7953708171844482,0.99072265625,0.0816444778045536,,,
194,1,4,resize,easy,1.2276220936202193,False,0.908710777759552,0.98583984375,0.067146670465453,0.9087969064712524,0.98583984375,0.0316073954231407,,,
194,1,5,resize,easy,1.4276220936202193,False,0.874579131603241,0.9853515625,0.0634024343572343,0.870593786239624,0.9853515625,0.0273212021696695,,,
194,1,6,resize,easy,0.8361889531898904,False,0.8769118785858154,0.99267578125,0.0912083515358699,0.8955038189888,0.99267578125,0.0554886833239316,,,
194,1,7,resize,easy,0.7276220936202193,False,0.8250815272331238,0.9931640625,0.1073831587429492,0.8218084573745728,0.9931640625,0.0714197779568448,,,
194,1,8,resize,medium,0.5276220936202193,True,0.6938571929931641,0.99267578125,0.133898107158402,0.7044241428375244,0.9931640625,0.1328322558043249,0.7046104073524475,0.9931640625,0.1327643130885272
194,2,0,move,easy,1.0,False,0.9542418122291564,0.98046875,0.0782917915159751,0.9655978083610536,0.97900390625,0.0195032890426913,,,
194,2,1,move,easy,1.0,False,0.9144397974014282,0.98583984375,0.0764876408237651,0.9251142740249634,0.98583984375,0.0187046485092811,,,
194,2,2,move,medium,1.0,False,0.9499468803405762,0.982421875,0.0763057904401477,0.9525327682495116,0.982421875,0.0193218336997335,,,
194,2,3,rotate,easy,1.0,False,0.942288339138031,0.9814453125,0.073591387741856,0.942288339138031,0.9814453125,0.073591387741856,,,
194,2,4,rotate,medium,1.0,False,0.925350785255432,0.9912109375,0.0670718875232274,0.925350785255432,0.9912109375,0.0670718875232274,,,
194,2,5,rotate,hard,1.0,False,0.8601218461990356,0.99072265625,0.0753094173473848,0.8601218461990356,0.99072265625,0.0753094173473848,,,
194,2,6,resize,easy,1.2276220936202193,False,0.9190232753753662,0.9833984375,0.055707351458113,0.9278239011764526,0.98388671875,0.0200773635668896,,,
194,2,7,resize,easy,1.4276220936202193,False,0.871883749961853,0.98876953125,0.0509456628742031,0.8774383664131165,0.990234375,0.0161258775114984,,,
194,2,8,resize,easy,0.8361889531898904,False,0.9337031841278076,0.99169921875,0.0873691512706165,0.9439910650253296,0.99169921875,0.0360095325735589,,,
194,2,9,resize,easy,0.7276220936202193,False,0.8859885931015015,0.9921875,0.1047333233547872,0.8671799898147583,0.9921875,0.0499366362321009,,,
194,2,10,resize,medium,0.5276220936202193,True,0.7767163515090942,0.9912109375,0.1342563614901866,0.7774001359939575,0.9912109375,0.1353506537130475,0.7771720886230469,0.9912109375,0.1352295387934399
195,0,0,move,easy,1.0,False,0.9229062795639038,0.98486328125,0.0697291290583532,0.9271767735481262,0.984375,0.0138903547947646,,,
195,0,1,move,medium,1.0,False,0.9443936347961426,0.97314453125,0.0686524994691428,0.9321437478065492,0.97802734375,0.013656492995247,,,
195,0,2,move,hard,1.0,False,0.9155399799346924,0.9775390625,0.0708798794029123,0.9022506475448608,0.9775390625,0.013894852137063,,,
195,0,3,rotate,easy,1.0,False,0.8963889479637146,0.96875,0.0561940649621342,0.8963889479637146,0.96875,0.0561940649621342,,,
195,0,4,rotate,easy,1.0,False,0.895508348941803,0.974609375,0.0569417116440071,0.895508348941803,0.974609375,0.0569417116440071,,,
195,0,5,rotate,medium,1.0,False,0.864237904548645,0.96875,0.0574991497433576,0.864237904548645,0.96875,0.0574991497433576,,,
195,0,6,resize,easy,1.1195792781722784,False,0.9131373167037964,0.97509765625,0.0533086829280264,0.9075908660888672,0.97509765625,0.0160345341998241,,,
195,0,7,resize,easy,1.3195792781722784,False,0.9056574106216432,0.9677734375,0.0479589806617884,0.8904950022697449,0.9638671875,0.0134212711819482,,,
195,0,8,resize,medium,1.6468445862920869,True,0.8673635721206665,0.95166015625,0.0406334061367559,0.8651118874549866,0.9501953125,0.0407254383883994,0.8653823137283325,0.94970703125,0.0407219263731079
195,0,9,resize,easy,0.8902103609138609,False,0.9126806259155272,0.962890625,0.0603176961537964,0.9249635934829712,0.962890625,0.021826878492813,,,
195,0,10,resize,medium,0.6195792781722782,False,0.8066734671592712,0.96728515625,0.0706728905315859,0.8345687389373779,0.96728515625,0.0325704725200352,,,
195,0,11,resize,hard,0.41957927817227825,True,0.609735369682312,0.96630859375,0.08289342311159,0.6160852909088135,0.9658203125,0.0819182901352337,0.6157669425010681,0.9658203125,0.0819234684052708
196,0,0,move,easy,1.0,False,0.9469610452651978,0.98681640625,0.0674377051613302,0.9625502228736876,0.986328125,0.0127588290218048,,,
196,0,1,move,easy,1.0,False,0.9394553899765016,0.97607421875,0.0641602656915916,0.9459034204483032,0.9765625,0.0109491439462727,,,
196,0,2,move,medium,1.0,False,0.9804558753967284,0.98388671875,0.0667173836576766,0.9835190773010254,0.98388671875,0.0115883650080808,,,
196,0,3,rotate,easy,1.0,False,0.9455493092536926,0.9892578125,0.0542292079179005,0.9455493092536926,0.9892578125,0.0542292079179005,,,
196,0,4,rotate,medium,1.0,False,0.911043345928192,0.9892578125,0.0529339889733273,0.911043345928192,0.9892578125,0.0529339889733273,,,
196,0,5,rotate,hard,1.0,False,0.837325930595398,0.98291015625,0.0538088023656686,0.837325930595398,0.98291015625,0.0538088023656686,,,
196,0,6,resize,easy,0.8044149133216594,False,0.9593711495399476,0.9892578125,0.055298905556233,0.9573439955711364,0.9892578125,0.0224663152522008,,,
196,0,7,resize,easy,0.7911701733566813,False,0.9528975486755372,0.98876953125,0.0570669817960508,0.9532861709594728,0.98876953125,0.024139321538384,,,
196,0,8,resize,medium,0.5911701733566812,True,0.8495302796363831,0.98974609375,0.0565099344063194,0.8548519015312195,0.98974609375,0.0569204595070687,0.8549192547798157,0.9892578125,0.0569251435750479
197,0,0,move,medium,1.0,False,0.9809483289718628,0.97705078125,0.0226801339167788,0.9829808473587036,0.9775390625,0.0058894086811725,,,
197,0,1,move,medium,1.0,False,0.982959508895874,0.98583984375,0.0226508146930595,0.9876337051391602,0.98583984375,0.0060690559851393,,,
198,0,0,move,medium,1.0,False,0.9707804918289183,0.982421875,0.0316818916543774,0.9752985239028932,0.98193359375,0.011285037488651,,,
198,0,1,move,hard,1.0,False,0.9750188589096068,0.9716796875,0.0303190914794903,0.9793776273727416,0.9716796875,0.0104410563690915,,,
198,0,2,rotate,medium,1.0,False,0.968248724937439,0.98193359375,0.0276001422326567,0.968248724937439,0.98193359375,0.0276001422326567,,,
198,0,3,rotate,hard,1.0,False,0.954728662967682,0.9697265625,0.0282813453869558,0.954728662967682,0.9697265625,0.0282813453869558,,,
198,0,4,rotate,hard,1.0,False,0.8422534465789795,0.9765625,0.0298152303702467,0.8422534465789795,0.9765625,0.0298152303702467,,,
198,0,5,resize,medium,1.1160092807424593,False,0.975765585899353,0.98876953125,0.0259368043662131,0.97935950756073,0.9892578125,0.0133385730634545,,,
198,0,6,resize,medium,0.8376343942488862,False,0.9546087980270386,0.97509765625,0.0301979284235536,0.9540478587150574,0.97509765625,0.0175622606019553,,,
198,0,7,resize,medium,0.7247312115022277,False,0.9199622273445128,0.97119140625,0.0336532184249825,0.9217439293861388,0.97119140625,0.0213110545207417,,,
198,0,8,resize,hard,0.5247312115022277,True,0.841714084148407,0.97314453125,0.0451952509845558,0.8448454141616821,0.97216796875,0.0444999133739046,0.8447136878967285,0.97216796875,0.0444833291519922
199,0,0,move,medium,1.0,False,0.9742305278778076,0.978515625,0.0476182374758133,0.9881466627120972,0.9775390625,0.0055519272074475,,,
200,0,2,move,hard,1.0,False,0.9249705076217652,0.9765625,0.0367712713460066,0.9381299018859864,0.97607421875,0.0017617900373431,,,
200,0,3,rotate,medium,1.0,False,0.9305651783943176,0.96923828125,0.0331619469335872,0.9305651783943176,0.96923828125,0.0331619469335872,,,
200,0,4,rotate,hard,1.0,False,0.9026399850845336,0.96044921875,0.0339051466094215,0.9026399850845336,0.96044921875,0.0339051466094215,,,
200,0,5,rotate,hard,1.0,False,0.8707712292671204,0.96435546875,0.0356427875765564,0.8707712292671204,0.96435546875,0.0356427875765564,,,
200,0,6,resize,medium,1.2103008834346614,False,0.9467286467552184,0.96875,0.0307149709962341,0.9554513692855836,0.96875,0.0011640959516122,,,
200,0,7,resize,hard,1.4103008834346613,False,0.9269868731498718,0.96240234375,0.0299077808882892,0.92982816696167,0.96240234375,0.0010675807361078,,,
200,0,8,resize,hard,1.6736292428198434,True,0.887474536895752,0.96875,0.0286624133810312,0.887609601020813,0.96923828125,0.0287225373555141,0.8876866102218628,0.96923828125,0.0287080132644116
201,0,0,move,medium,1.0,False,0.9762672185897828,0.9404296875,0.0217200078801144,0.9921811819076538,0.9404296875,0.0024564772757131,,,
202,0,0,move,hard,1.0,False,0.9841898679733276,0.97998046875,0.0163468187007363,0.9947986006736756,0.9794921875,0.0008204424885793,,,
202,0,1,move,hard,1.0,False,0.9652750492095948,0.97900390625,0.0165569287132144,0.9702733755111694,0.97802734375,0.0008076696935478,,,
202,0,2,rotate,hard,1.0,False,0.8982350826263428,0.97265625,0.015679945404588,0.8982350826263428,0.97265625,0.015679945404588,,,
202,0,3,rotate,hard,1.0,False,0.8098798990249634,0.978515625,0.0164348264787933,0.8098798990249634,0.978515625,0.0164348264787933,,,
202,0,4,rotate,hard,1.0,False,0.6942464113235474,0.95703125,0.0192277270354171,0.6942464113235474,0.95703125,0.0192277270354171,,,
202,0,5,resize,hard,0.8579637221930789,False,0.9504985809326172,0.96484375,0.016818007304532,0.953788697719574,0.96484375,0.0023351146995838,,,
202,0,6,resize,hard,0.6840725556138422,False,0.8508254289627075,0.9658203125,0.0214490875306432,0.8443869948387146,0.9658203125,0.0027334982135637,,,
202,0,7,resize,hard,0.48407255561384216,True,0.7089745998382568,0.96337890625,0.0273110134327889,0.7085577249526978,0.96337890625,0.0271679907330282,0.7088915705680847,0.96337890625,0.0271682717206505
203,0,2,move,hard,1.0,False,0.9685916900634766,0.9423828125,0.0360631284715801,0.9719652533531188,0.9423828125,0.0064620800452469,,,
203,0,3,rotate,easy,1.0,False,0.974229097366333,0.95166015625,0.035120694681655,0.974229097366333,0.95166015625,0.035120694681655,,,
203,0,4,rotate,medium,1.0,False,0.9419255256652832,0.94775390625,0.0336481871469742,0.9419255256652832,0.94775390625,0.0336481871469742,,,
203,0,5,rotate,hard,1.0,False,0.8911285400390625,0.92724609375,0.0352654716912091,0.8911285400390625,0.92724609375,0.0352654716912091,,,
203,0,6,resize,easy,1.1071893362140734,False,0.9817155003547668,0.9423828125,0.0312649269789922,0.9826049208641052,0.9423828125,0.0093395595092836,,,
203,0,7,resize,medium,1.3071893362140734,False,0.9650104641914368,0.9619140625,0.0295718915891193,0.9636214971542358,0.96337890625,0.0075467221849527,,,
203,0,8,resize,medium,1.5539200216055504,True,0.938173532485962,0.943359375,0.0280178108860364,0.9382457137107848,0.947265625,0.0281881940148199,0.9382340908050536,0.947265625,0.0281883000404134
204,0,0,rotate,hard,1.0,False,0.9896731376647948,0.97607421875,0.0177938295639938,0.9896731376647948,0.97607421875,0.0177938295639938,,,
204,0,1,rotate,hard,1.0,False,0.9852392673492432,0.9736328125,0.0178747521134103,0.9852392673492432,0.9736328125,0.0178747521134103,,,
204,0,2,rotate,hard,1.0,False,0.9758515357971193,0.9833984375,0.0183281479798498,0.9758515357971193,0.9833984375,0.0183281479798498,,,
204,0,3,resize,hard,1.1071893362140734,False,0.9844189286231996,0.98974609375,0.0172155751809575,0.9864506125450134,0.98974609375,0.0027441880175642,,,
204,0,4,resize,hard,0.8964053318929633,False,0.9823536276817322,0.96630859375,0.0191991185327754,0.983511745929718,0.96630859375,0.0036380135757921,,,
204,0,5,resize,hard,0.6071893362140733,False,0.9084362387657166,0.9765625,0.0245388842799264,0.9017490148544312,0.9765625,0.0057740697577441,,,
204,0,6,resize,hard,0.40718933621407344,True,0.7566189169883728,0.97705078125,0.0362100586476565,0.7558358311653137,0.9775390625,0.0362399296020853,0.7557743787765503,0.9775390625,0.0362185322449332
205,0,0,move,medium,1.0,False,0.9492586255073548,0.939453125,0.0856326633801036,0.9532876014709472,0.9384765625,0.0174948921126618,,,
205,0,1,move,medium,1.0,False,0.9498116970062256,0.94140625,0.0847960686823922,0.9551441669464112,0.9384765625,0.0165807682361698,,,
205,0,2,rotate,medium,1.0,False,0.8937658071517944,0.96533203125,0.0819633950575974,0.8937658071517944,0.96533203125,0.0819633950575974,,,
205,0,3,rotate,medium,1.0,False,0.8166911602020264,0.9296875,0.0857760677760856,0.8166911602020264,0.9296875,0.0857760677760856,,,
205,0,4,rotate,hard,1.0,False,0.7513073682785034,0.9501953125,0.090340629545881,0.7513073682785034,0.9501953125,0.090340629545881,,,
205,0,5,resize,medium,1.1005131743387033,False,0.9499375820159912,0.966796875,0.0711142354864918,0.9539273977279664,0.96826171875,0.0242840643894199,,,
205,0,6,resize,medium,0.8997434128306484,False,0.9505347609519958,0.93408203125,0.0879648091174783,0.9426597356796264,0.93359375,0.0326468289250426,,,
205,0,7,resize,hard,0.6005131743387032,False,0.8009726405143738,0.92724609375,0.1403264788048683,0.7984379529953003,0.92724609375,0.0661039934670318,,,
205,0,8,resize,hard,0.40051317433870326,True,0.6830848455429077,0.91455078125,0.1836946170043598,0.6791969537734985,0.9208984375,0.1828770196448478,0.6791406869888306,0.92041015625,0.1827904698615049
206,0,0,move,medium,1.0,False,0.958181858062744,0.9638671875,0.0422077629017871,0.971138060092926,0.962890625,0.0076562034343436,,,
206,0,1,move,hard,1.0,False,0.9593504071235656,0.953125,0.0407892752758803,0.9645352363586426,0.953125,0.0071826621335263,,,
206,0,2,rotate,medium,1.0,False,0.939523220062256,0.9462890625,0.0351850408528004,0.939523220062256,0.9462890625,0.0351850408528004,,,
206,0,3,rotate,medium,1.0,False,0.9269309043884276,0.95361328125,0.0348208633748462,0.9269309043884276,0.95361328125,0.0348208633748462,,,
206,0,4,rotate,hard,1.0,False,0.8680786490440369,0.94921875,0.035875548350695,0.8680786490440369,0.94921875,0.035875548350695,,,
206,0,5,resize,easy,1.1005131743387033,False,0.9556597471237184,0.9736328125,0.0319580201404289,0.9598053693771362,0.97216796875,0.0081528580686345,,,
206,0,6,resize,medium,1.3005131743387033,False,0.9171355962753296,0.98876953125,0.0313896855078654,0.9377216696739196,0.98779296875,0.0088732963925301,,,
206,0,7,resize,hard,1.503848807540274,True,0.889030933380127,0.99267578125,0.0311929161807156,0.8913336992263794,0.9931640625,0.0312457155270993,0.8913757801055908,0.99365234375,0.031234123541798
206,0,8,resize,medium,0.8997434128306484,False,0.9481141567230223,0.93212890625,0.03699026243172,0.9513155221939088,0.93212890625,0.0099767733734666,,,
206,0,9,resize,hard,0.6005131743387032,False,0.8230971097946167,0.93310546875,0.0502885234570038,0.8197497129440308,0.93310546875,0.016884064183749,,,
206,0,10,resize,hard,0.40051317433870326,True,0.670689046382904,0.92626953125,0.0629138375418915,0.6678275465965271,0.92333984375,0.062187848469038,0.6675009727478027,0.92333984375,0.0621825527927771
207,0,0,move,medium,1.0,False,0.9893087148666382,0.96630859375,0.0510467085556991,0.9927815794944764,0.9677734375,0.0106317666111048,,,
207,0,1,move,medium,1.0,False,0.9821361303329468,0.9736328125,0.0531293710739808,0.9854406118392944,0.97314453125,0.0116127622321104,,,
207,0,2,rotate,medium,1.0,False,0.9805578589439392,0.9794921875,0.0471850879923659,0.9805578589439392,0.9794921875,0.0471850879923659,,,
207,0,3,rotate,hard,1.0,False,0.9677345752716064,0.9736328125,0.046436114209355,0.9677345752716064,0.9736328125,0.046436114209355,,,
207,0,4,rotate,hard,1.0,False,0.9251007437705994,0.953125,0.0476960935869422,0.9251007437705994,0.953125,0.0476960935869422,,,
207,0,5,resize,medium,1.2422371848284524,False,0.9771146774291992,0.9794921875,0.0390487076225168,0.9760819673538208,0.9794921875,0.0121531497810936,,,
207,0,6,resize,medium,0.828881407585774,False,0.9754234552383424,0.9453125,0.0539543629656631,0.978388786315918,0.9453125,0.0203739653456937,,,
207,0,7,resize,medium,0.7422371848284522,False,0.9616832733154296,0.9580078125,0.0579824612869284,0.9677860736846924,0.9580078125,0.0228662340659383,,,
207,0,8,resize,hard,0.5422371848284522,True,0.9270085096359252,0.96044921875,0.0794474396744534,0.927772045135498,0.95947265625,0.0795010713495703,0.9277116060256958,0.9599609375,0.0794653413553406
208,0,0,move,hard,1.0,False,0.985115885734558,0.92626953125,0.034039619008007,0.9907321333885192,0.92724609375,0.006305744481328,,,
208,0,1,move,hard,1.0,False,0.9689913988113404,0.890625,0.0340162669597751,0.9713961482048036,0.890625,0.0061390416662509,,,
208,0,2,rotate,hard,1.0,False,0.9619033336639404,0.8935546875,0.0305047514365666,0.9619033336639404,0.8935546875,0.0305047514365666,,,
208,0,3,rotate,hard,1.0,False,0.964401364326477,0.9345703125,0.0292360830357343,0.964401364326477,0.9345703125,0.0292360830357343,,,
208,0,4,rotate,hard,1.0,False,0.950810432434082,0.9375,0.0293128118801032,0.950810432434082,0.9375,0.0293128118801032,,,
208,0,5,resize,hard,0.828881407585774,False,0.9654691219329834,0.8505859375,0.0329683856552353,0.9659912586212158,0.8505859375,0.0082745669831966,,,
208,0,6,resize,hard,0.7422371848284522,False,0.947057604789734,0.84765625,0.0350262467692127,0.9498054385185242,0.84765625,0.0094790947566214,,,
208,0,7,resize,hard,0.5422371848284522,True,0.8707886934280396,0.84326171875,0.0424406269829893,0.8694561719894409,0.845703125,0.042519667458411,0.8697003126144409,0.845703125,0.0424963869869309
209,0,0,move,easy,1.0,False,0.9565698504447936,0.87548828125,0.0653243641698571,0.9716882705688475,0.880859375,0.0160743831905703,,,
209,0,1,move,medium,1.0,False,0.9452252388000488,0.89453125,0.065395422683313,0.9605230689048768,0.89208984375,0.015536549197613,,,
209,0,2,move,hard,1.0,False,0.9342072606086732,0.9140625,0.0661256458070452,0.9518365859985352,0.91650390625,0.0158824534279631,,,
209,0,3,resize,easy,0.828881407585774,False,0.913909673690796,0.82080078125,0.0685912610253848,0.9337213039398192,0.82421875,0.0308186125984554,,,
209,0,4,resize,medium,0.7422371848284522,False,0.8657711744308472,0.7822265625,0.0705943375634577,0.8935035467147827,0.77685546875,0.0335727039755241,,,
209,0,5,resize,hard,0.5422371848284522,True,0.7848407030105591,0.80908203125,0.0922228290337798,0.7820901870727539,0.80517578125,0.0920285514625137,0.7825781106948853,0.8046875,0.0920357940520722
210,0,0,move,easy,1.0,False,0.9721192121505736,0.98193359375,0.0254988792253866,0.975660502910614,0.9814453125,0.0112037657437321,,,
210,0,1,move,medium,1.0,False,0.9667075276374816,0.98828125,0.0256275785002922,0.9681152701377868,0.98828125,0.011338479830111,,,
210,0,2,move,hard,1.0,False,0.9641059637069702,0.99169921875,0.0252127334148576,0.9660170078277588,0.9912109375,0.0113915811804214,,,
210,0,3,rotate,easy,1.0,False,0.9685494899749756,0.98583984375,0.0254205325488421,0.9685494899749756,0.98583984375,0.0254205325488421,,,
210,0,4,rotate,medium,1.0,False,0.9404674768447876,0.9921875,0.0240303998127687,0.9404674768447876,0.9921875,0.0240303998127687,,,
210,0,5,rotate,hard,1.0,False,0.8727479577064514,0.98974609375,0.0270334059549745,0.8727479577064514,0.98974609375,0.0270334059549745,,,
210,0,6,resize,easy,1.1307446233055474,False,0.9558197855949402,0.98876953125,0.0222767174894267,0.9556844830513,0.9892578125,0.011122284266919,,,
210,0,7,resize,medium,1.3307446233055473,False,0.9265300035476683,0.98876953125,0.0211996274898056,0.9268594980239868,0.9892578125,0.009366667074421,,,
210,0,8,resize,easy,0.8846276883472264,False,0.9553325176239014,0.99072265625,0.0277500875568931,0.9608156681060792,0.99072265625,0.0160847950339313,,,
210,0,9,resize,medium,0.6307446233055473,False,0.8766236305236816,0.990234375,0.0387285980460807,0.8825191259384155,0.990234375,0.0254477808837723,,,
210,0,10,resize,hard,0.4307446233055473,True,0.7124407887458801,0.986328125,0.0572554402246143,0.7097784280776978,0.9873046875,0.0569790259166118,0.7112689018249512,0.9873046875,0.0569459385223549
211,0,0,move,medium,1.0,False,0.972463846206665,0.99169921875,0.0286886601977897,0.9783503413200378,0.99169921875,0.0038985450514554,,,
211,0,1,move,hard,1.0,False,0.97550368309021,0.9912109375,0.0288690603218504,0.9742815494537354,0.9912109375,0.0033416379176833,,,
211,0,2,rotate,medium,1.0,False,0.9606235027313232,0.9931640625,0.0250555393770646,0.9606235027313232,0.9931640625,0.0250555393770646,,,
211,0,3,rotate,hard,1.0,False,0.8828732967376709,0.9912109375,0.0262768254284189,0.8828732967376709,0.9912109375,0.0262768254284189,,,
211,0,4,rotate,hard,1.0,False,0.7624391317367554,0.9814453125,0.0277772127289961,0.7624391317367554,0.9814453125,0.0277772127289961,,,
211,0,5,resize,medium,1.1307446233055474,False,0.9675849080085754,0.99365234375,0.0231096367520511,0.9718962907791138,0.99462890625,0.0047693123637946,,,
211,0,6,resize,medium,1.316622691292876,False,0.955341100692749,0.994140625,0.0209468197828268,0.9599592089653016,0.99365234375,0.0035884461613792,,,
211,0,7,resize,medium,0.8846276883472264,False,0.9609344005584716,0.9912109375,0.0282214266245706,0.960904896259308,0.9912109375,0.0068539172194846,,,
211,0,8,resize,hard,0.6307446233055473,False,0.9189106225967408,0.990234375,0.0357759438640183,0.9169925451278688,0.990234375,0.0107088879451729,,,
211,0,9,resize,hard,0.4307446233055473,True,0.7804810404777527,0.98974609375,0.0460421888466096,0.7823383808135986,0.990234375,0.0460541306601232,0.7822373509407043,0.990234375,0.0460153197662038
212,0,0,move,easy,1.0,False,0.9564425945281982,0.9873046875,0.0130301675501905,0.9562852382659912,0.9873046875,0.0039366843371441,,,
212,0,1,move,medium,1.0,False,0.9129192233085632,0.98876953125,0.0145141328337342,0.9201754331588744,0.9892578125,0.0042796619190564,,,
212,0,2,move,hard,1.0,False,0.9116672277450562,0.9853515625,0.0152501898334433,0.9181370735168456,0.9853515625,0.0053617480289256,,,
212,0,3,rotate,easy,1.0,False,0.9570873379707336,0.984375,0.013048575607044,0.9570873379707336,0.984375,0.013048575607044,,,
212,0,4,rotate,easy,1.0,False,0.8662258386611938,0.98583984375,0.013934291749189,0.8662258386611938,0.98583984375,0.013934291749189,,,
212,0,5,rotate,hard,1.0,False,0.7943698167800903,0.98291015625,0.0157747614052145,0.7943698167800903,0.98291015625,0.0157747614052145,,,
212,0,6,resize,easy,1.1307446233055474,False,0.9694908261299132,0.97998046875,0.012565273791204,0.972277283668518,0.98046875,0.0047269000925407,,,
212,0,7,resize,easy,1.3307446233055473,False,0.947260081768036,0.990234375,0.0133745228108925,0.95307719707489,0.990234375,0.0042213252049702,,,
212,0,8,resize,medium,1.7305846747916047,True,0.8584542870521545,0.9853515625,0.0128511127718282,0.861843466758728,0.9853515625,0.0128105080965581,0.8623491525650024,0.9853515625,0.0128019656596847
212,0,9,resize,easy,0.8846276883472264,False,0.9438870549201964,0.9853515625,0.015600877025808,0.9434938430786132,0.9853515625,0.00771009505348,,,
212,0,10,resize,medium,0.6307446233055473,False,0.8016104102134705,0.98388671875,0.0207176975067494,0.8000105619430542,0.98388671875,0.0110849958420569,,,
212,0,11,resize,hard,0.4307446233055473,True,0.691241979598999,0.98193359375,0.0404861935030272,0.7032256126403809,0.9853515625,0.0353380600023308,0.70355224609375,0.98486328125,0.0353728317791113
213,0,0,move,easy,1.0,False,0.9494531750679016,0.98193359375,0.0920468793219171,0.9607020020484924,0.9814453125,0.01954053003267,,,
213,0,1,move,easy,1.0,False,0.9286953210830688,0.98681640625,0.0948651320052535,0.9462547302246094,0.98828125,0.0191624160762262,,,
213,0,2,move,hard,1.0,False,0.936272382736206,0.9794921875,0.0932736026244373,0.951037585735321,0.9794921875,0.0180925245702503,,,
213,0,3,rotate,easy,1.0,False,0.9327324032783508,0.978515625,0.0823303607608053,0.9327324032783508,0.978515625,0.0823303607608053,,,
213,0,4,rotate,easy,1.0,False,0.842866063117981,0.97412109375,0.0809152338334323,0.842866063117981,0.97412109375,0.0809152338334323,,,
213,0,5,rotate,hard,1.0,False,0.8649176359176636,0.93994140625,0.07911518084594,0.8649176359176636,0.93994140625,0.07911518084594,,,
213,0,6,resize,easy,1.1419491462342342,False,0.9482592940330504,0.97900390625,0.0728421291433902,0.9569424390792848,0.97998046875,0.0250197539376479,,,
213,0,7,resize,easy,1.3419491462342341,False,0.9104690551757812,0.97021484375,0.06274484042262,0.9167914390563964,0.96826171875,0.0190473552972949,,,
213,0,8,resize,medium,1.814618596756756,True,0.8762062191963196,0.9794921875,0.0499967813629166,0.8757048845291138,0.9794921875,0.0503128891144284,0.8757193088531494,0.9794921875,0.0502990513243399
213,0,9,resize,easy,0.879025426882883,False,0.9354554414749146,0.98046875,0.0897406064541732,0.9438766241073608,0.98046875,0.0348100847207941,,,
213,0,10,resize,medium,0.6419491462342342,False,0.7981301546096802,0.96728515625,0.117315989269816,0.8468308448791504,0.96728515625,0.0586533938385007,,,
213,0,11,resize,hard,0.44194914623423415,True,0.6292247176170349,0.9765625,0.1399987331900254,0.6550920009613037,0.97705078125,0.1423510409615087,0.6547187566757202,0.9775390625,0.1423771689172337
214,0,0,move,medium,1.0,False,0.9583085775375366,0.95361328125,0.0621073513100533,0.9737941026687622,0.9580078125,0.0120663665400118,,,
215,0,0,move,medium,1.0,False,0.9742836356163024,0.974609375,0.0410682044020502,0.9769962430000304,0.9736328125,0.0069909865473301,,,
215,0,1,move,hard,1.0,False,0.9710401892662048,0.97119140625,0.0416225862428841,0.9739910364151,0.97119140625,0.0068241603647248,,,
215,0,2,rotate,medium,1.0,False,0.976860761642456,0.97314453125,0.0355090976701334,0.976860761642456,0.97314453125,0.0355090976701334,,,
215,0,3,rotate,medium,1.0,False,0.9669070243835448,0.9443359375,0.0358153018601217,0.9669070243835448,0.9443359375,0.0358153018601217,,,
215,0,4,rotate,hard,1.0,False,0.9371010661125184,0.974609375,0.0365607973025548,0.9371010661125184,0.974609375,0.0365607973025548,,,
215,0,5,resize,medium,0.8999665156684076,False,0.9756404757499696,0.9443359375,0.0385336966926525,0.9813331365585328,0.9443359375,0.0092100083834848,,,
215,0,6,resize,hard,0.6000669686631849,False,0.8809191584587097,0.94921875,0.05624079335872,0.8936175107955933,0.94921875,0.0182883238897907,,,
215,0,7,resize,hard,0.4000669686631849,True,0.7310775518417358,0.9482421875,0.0742383082077868,0.7330961227416992,0.94873046875,0.0741829252498058,0.7332269549369812,0.94873046875,0.0741856347878675
216,0,0,move,medium,1.0,False,0.9356786608695984,0.98046875,0.065678376356388,0.9490886926651,0.98046875,0.0097301360052293,,,
216,0,1,move,medium,1.0,False,0.9346417188644408,0.98583984375,0.0658866875478005,0.9524775743484496,0.98681640625,0.0100844900967436,,,
216,0,2,move,hard,1.0,False,0.95324969291687,0.96728515625,0.0662379851859261,0.9660593271255492,0.96630859375,0.0102819091997163,,,
216,0,3,rotate,easy,1.0,False,0.9514455795288086,0.97119140625,0.0569859288257285,0.9514455795288086,0.97119140625,0.0569859288257285,,,
216,0,4,rotate,medium,1.0,False,0.9403505325317384,0.97509765625,0.0562368511424294,0.9403505325317384,0.97509765625,0.0562368511424294,,,
216,0,5,rotate,hard,1.0,False,0.9063923358917236,0.9755859375,0.0558722601275792,0.9063923358917236,0.9755859375,0.0558722601275792,,,
216,0,6,resize,easy,1.100066968663185,False,0.9513219594955444,0.9814453125,0.0519255854522083,0.9622740745544434,0.98193359375,0.0127791033299477,,,
216,0,7,resize,easy,0.8999665156684076,False,0.9421343207359314,0.9638671875,0.0606204044788017,0.9507196545600892,0.9638671875,0.0157361800787883,,,
216,0,8,resize,hard,0.6000669686631849,False,0.8028519153594971,0.966796875,0.0844831645504152,0.8189212679862976,0.966796875,0.0287465137623885,,,
216,0,9,resize,hard,0.4000669686631849,True,0.6329819560050964,0.96826171875,0.1058346958917023,0.6351649761199951,0.96728515625,0.1062596234746494,0.6355348229408264,0.96728515625,0.1062689815861825
217,0,0,move,medium,1.0,False,0.9770687222480774,0.98291015625,0.0279503183414362,0.9891430139541626,0.9833984375,0.0036376774745394,,,
218,0,2,move,medium,1.0,False,0.9631032943725586,0.92919921875,0.0474800195182574,0.9729310870170592,0.92919921875,0.0141896682849284,,,
218,0,3,rotate,easy,1.0,False,0.9600850939750672,0.93212890625,0.0408212279069678,0.9600850939750672,0.93212890625,0.0408212279069678,,,
218,0,4,rotate,medium,1.0,False,0.9163105487823486,0.86083984375,0.0417837642601622,0.9163105487823486,0.86083984375,0.0417837642601622,,,
219,0,0,move,easy,1.0,False,0.969868779182434,0.9775390625,0.0522766390364428,0.9737011790275574,0.97802734375,0.011055365778984,,,
219,0,2,move,hard,1.0,False,0.9768307209014891,0.9755859375,0.0510234747967375,0.9812470078468324,0.97509765625,0.0111997499568764,,,
219,0,3,rotate,easy,1.0,False,0.9637839198112488,0.9619140625,0.0457278150787776,0.9637839198112488,0.9619140625,0.0457278150787776,,,
220,0,0,move,easy,1.0,False,0.9770587682724,0.97802734375,0.0450987923729945,0.9927550554275512,0.98046875,0.0069973415976555,,,
220,0,1,move,medium,1.0,False,0.9615135192871094,0.96435546875,0.0448874467141204,0.9688745737075806,0.96142578125,0.0067588822756818,,,
220,0,2,move,hard,1.0,False,0.960705041885376,0.93603515625,0.0446785305949505,0.9703917503356934,0.93798828125,0.006460656276983,,,
220,0,3,rotate,easy,1.0,False,0.9488656520843506,0.966796875,0.0399431525734345,0.9488656520843506,0.966796875,0.0399431525734345,,,
220,0,4,rotate,medium,1.0,False,0.9116363525390624,0.9697265625,0.0399974104475808,0.9116363525390624,0.9697265625,0.0399974104475808,,,
220,0,5,rotate,hard,1.0,False,0.77386474609375,0.962890625,0.0420916004477558,0.77386474609375,0.962890625,0.0420916004477558,,,
220,0,6,resize,easy,1.1771779404221128,False,0.9444699287414552,0.92822265625,0.0365716971480043,0.949676513671875,0.92724609375,0.0086296002942421,,,
220,0,7,resize,medium,1.3771779404221127,False,0.9357322454452516,0.97021484375,0.0320162839799571,0.934028148651123,0.97119140625,0.0064028114729296,,,
220,0,8,resize,hard,1.6024096385542168,True,0.9090572595596312,0.98876953125,0.0295427719947248,0.9092957973480223,0.98828125,0.0295249502610969,0.9093061089515686,0.98828125,0.029523309409624
220,0,9,resize,easy,0.8614110297889437,False,0.9377506971359252,0.95263671875,0.046967849007847,0.9418716430664062,0.95263671875,0.0136582994349227,,,
220,0,10,resize,medium,0.6771779404221127,False,0.8706309795379639,0.91357421875,0.0555933589249401,0.877997636795044,0.91357421875,0.0186434324609887,,,
220,0,11,resize,hard,0.4771779404221127,True,0.6909849643707275,0.91357421875,0.0696030961212078,0.6957031488418579,0.912109375,0.0697658814355403,0.6961745619773865,0.912109375,0.0697704684398105
221,0,0,move,easy,1.0,False,0.98775315284729,0.96044921875,0.0262709007478339,0.993925929069519,0.9609375,0.0057754268453702,,,
221,0,1,rotate,easy,1.0,False,0.966719925403595,0.880859375,0.023373068003049,0.966719925403595,0.880859375,0.023373068003049,,,
221,0,2,rotate,medium,1.0,False,0.9639180898666382,0.93603515625,0.0238520583315582,0.9639180898666382,0.93603515625,0.0238520583315582,,,
221,0,3,rotate,hard,1.0,False,0.92474102973938,0.958984375,0.0257841179377375,0.92474102973938,0.958984375,0.0257841179377375,,,
221,0,4,resize,easy,1.1771779404221128,False,0.9698798656463624,0.9638671875,0.0213370928905906,0.9722644090652466,0.96484375,0.0056147479906506,,,
221,0,5,resize,medium,1.3771779404221127,False,0.9526543617248536,0.974609375,0.020232883700987,0.9527064561843872,0.97509765625,0.0050513949136005,,,
221,0,6,resize,easy,0.8614110297889437,False,0.9626032114028932,0.89306640625,0.0250511632847087,0.9641693234443665,0.89306640625,0.0083174986205342,,,
221,0,7,resize,medium,0.6771779404221127,False,0.911378026008606,0.8603515625,0.0295802882205021,0.9179674983024596,0.8603515625,0.012092432673717,,,
221,0,8,resize,hard,0.4771779404221127,True,0.8398500680923462,0.88671875,0.0368040941645171,0.8435310125350952,0.890625,0.0374262838732629,0.8434454798698425,0.8916015625,0.0373836363262093
222,0,0,move,medium,1.0,False,0.9772336483001708,0.927734375,0.0626528459037528,0.9881889820098876,0.92724609375,0.0110169044812529,,,
222,0,1,move,medium,1.0,False,0.9681763648986816,0.93701171875,0.0626708509430317,0.9755727648735046,0.93359375,0.0101666638829928,,,
222,0,5,resize,medium,1.1939338480721822,False,0.9562132954597472,0.9296875,0.0474262266914786,0.961633801460266,0.931640625,0.0121130826705651,,,
222,0,6,resize,medium,1.3939338480721821,False,0.9341503381729126,0.94091796875,0.0423001142795878,0.9409706592559814,0.943359375,0.0101768287779881,,,
222,0,7,resize,hard,1.5858585858585859,True,0.9218416810035706,0.91259765625,0.0387003651088623,0.921996772289276,0.91845703125,0.0386311653972363,0.9220193028450012,0.91748046875,0.0386309696808803
223,0,6,resize,medium,1.3939338480721821,False,0.907312273979187,0.98828125,0.0647219175204406,0.9435514211654664,0.9892578125,0.0095148097665509,,,
223,0,7,resize,hard,2.204503860541366,True,0.8326332569122314,0.97607421875,0.0452509806511601,0.8324915170669556,0.97607421875,0.0453218099537549,0.832655668258667,0.97607421875,0.0453065854173384
224,0,0,rotate,hard,1.0,False,0.9746487140655518,0.97314453125,0.0274760927448226,0.9746487140655518,0.97314453125,0.0274760927448226,,,
224,0,1,rotate,hard,1.0,False,0.9646427631378174,0.9755859375,0.027853870762001,0.9646427631378174,0.9755859375,0.027853870762001,,,
224,0,2,rotate,hard,1.0,False,0.9309545755386353,0.97900390625,0.0288312409722749,0.9309545755386353,0.97900390625,0.0288312409722749,,,
224,0,3,resize,hard,0.8751793518395108,False,0.9641188979148864,0.95751953125,0.0306856187037698,0.9652872085571288,0.95751953125,0.0126721415111285,,,
224,0,4,resize,hard,0.6496412963209786,False,0.9408420324325562,0.96533203125,0.0369193614535787,0.9362272024154664,0.96533203125,0.0172598713006999,,,
224,0,5,resize,hard,0.44964129632097855,True,0.8238339424133301,0.97216796875,0.0473632540624496,0.8211883306503296,0.97265625,0.0475116768761221,0.821489691734314,0.97314453125,0.0475088612671906
225,0,0,move,medium,1.0,False,0.958232283592224,0.95458984375,0.0834540003128746,0.9770127534866332,0.95458984375,0.0166418613528263,,,
225,0,1,move,medium,1.0,False,0.9640305042266846,0.94384765625,0.0828045071265553,0.9805233478546144,0.943359375,0.0162254783447652,,,
225,0,2,rotate,medium,1.0,False,0.935708463191986,0.94970703125,0.0676058767878012,0.935708463191986,0.94970703125,0.0676058767878012,,,
225,0,3,rotate,hard,1.0,False,0.9253863096237184,0.95263671875,0.066854550557102,0.9253863096237184,0.95263671875,0.066854550557102,,,
225,0,5,resize,medium,1.2238963937055432,False,0.938160002231598,0.94970703125,0.0583330736017409,0.9427483081817628,0.9521484375,0.0163719934348109,,,
225,0,6,resize,medium,1.4238963937055429,False,0.9034751057624816,0.97314453125,0.0522964768422832,0.9105197787284852,0.9736328125,0.0142433501690432,,,
225,0,7,resize,hard,1.6788990825688073,True,0.8727086782455444,0.95849609375,0.0468899906341814,0.8721492290496826,0.9599609375,0.0470291879277708,0.8722283244132996,0.95947265625,0.047015728204687
225,0,8,resize,medium,0.8380518031472286,False,0.9412636756896972,0.93505859375,0.0753408622967812,0.9405921697616576,0.93505859375,0.0261822557227501,,,
225,0,9,resize,medium,0.723896393705543,False,0.8989918231964111,0.92919921875,0.0804583347103991,0.8843275308609009,0.92919921875,0.0293001830317165,,,
226,0,0,move,medium,1.0,False,0.954548478126526,0.958984375,0.0799288513743075,0.968115210533142,0.9580078125,0.0084782382034992,,,
226,0,1,move,medium,1.0,False,0.9439220428466796,0.9697265625,0.0793513457651444,0.9719853401184082,0.970703125,0.0081170418992818,,,
226,0,2,rotate,medium,1.0,False,0.9153478145599364,0.96142578125,0.0644253530513701,0.9153478145599364,0.96142578125,0.0644253530513701,,,
226,0,3,rotate,hard,1.0,False,0.8749973773956299,0.96826171875,0.064872367218747,0.8749973773956299,0.96826171875,0.064872367218747,,,
226,0,4,rotate,hard,1.0,False,0.7810811996459961,0.962890625,0.0659102715116721,0.7810811996459961,0.962890625,0.0659102715116721,,,
226,0,5,resize,medium,1.2152974504249292,False,0.9119355082511902,0.955078125,0.0583511825647393,0.9324408769607544,0.95556640625,0.0096801092729082,,,
226,0,6,resize,medium,0.8380518031472286,False,0.9096535444259644,0.9609375,0.0693412196305864,0.9242631196975708,0.9609375,0.0135249009050512,,,
226,0,7,resize,medium,0.723896393705543,False,0.8547852635383606,0.96142578125,0.0752034799152546,0.877442479133606,0.96142578125,0.0174872210657708,,,
226,0,8,resize,hard,0.523896393705543,True,0.7484157085418701,0.95751953125,0.0864091150375934,0.7454875111579895,0.9599609375,0.0879523104377871,0.745538592338562,0.95947265625,0.0878986321338726
227,0,0,move,medium,1.0,False,0.9709692001342772,0.9130859375,0.0411910922115456,0.9806678891181946,0.91455078125,0.0175192039926244,,,
227,0,1,rotate,medium,1.0,False,0.9649927616119384,0.88232421875,0.0362128119681486,0.9649927616119384,0.88232421875,0.0362128119681486,,,
227,0,2,rotate,hard,1.0,False,0.9464706182479858,0.9169921875,0.0360055524213007,0.9464706182479858,0.9169921875,0.0360055524213007,,,
227,0,3,rotate,hard,1.0,False,0.9092247486114502,0.8935546875,0.0392759519739988,0.9092247486114502,0.8935546875,0.0392759519739988,,,
227,0,4,resize,medium,1.2364066193853427,False,0.9623419046401978,0.912109375,0.0353771185523819,0.9693704843521118,0.9150390625,0.0178032100298279,,,
227,0,5,resize,medium,0.8049860999141061,False,0.9198601245880128,0.84716796875,0.0394570170396919,0.9416844844818116,0.84716796875,0.0220345517975017,,,
227,0,6,resize,medium,0.790027800171788,False,0.9042161107063292,0.84130859375,0.0398429991137896,0.9308282136917114,0.8408203125,0.0226492304486425,,,
227,0,7,resize,hard,0.590027800171788,True,0.8689262866973877,0.8232421875,0.0519422121071899,0.8720464706420898,0.8251953125,0.0515967375873129,0.8716686964035034,0.8251953125,0.051543276913698
228,0,0,move,hard,1.0,False,0.9851739406585692,0.98095703125,0.0354217843780881,0.9883983731269836,0.98193359375,0.0027721766234662,,,
228,0,1,rotate,hard,1.0,False,0.9692742228507996,0.98046875,0.0314813439433411,0.9692742228507996,0.98046875,0.0314813439433411,,,
228,0,2,rotate,hard,1.0,False,0.9547308683395386,0.9794921875,0.0317537189153181,0.9547308683395386,0.9794921875,0.0317537189153181,,,
228,0,3,rotate,hard,1.0,False,0.8554033637046814,0.96923828125,0.0329372806316026,0.8554033637046814,0.96923828125,0.0329372806316026,,,
228,0,4,resize,hard,0.8049860999141061,False,0.9555639624595642,0.98193359375,0.0388522024311873,0.9644996523857116,0.982421875,0.0061040658544934,,,
228,0,5,resize,hard,0.790027800171788,False,0.9575532674789428,0.98291015625,0.0404012559369751,0.9658530950546264,0.98291015625,0.0071582942160673,,,
228,0,6,resize,hard,0.590027800171788,True,0.9082711338996888,0.98193359375,0.0521324373350649,0.9083452224731444,0.98193359375,0.0521530364633925,0.9082839488983154,0.982421875,0.0521378487541547
229,0,0,move,medium,1.0,False,0.9563445448875428,0.98681640625,0.0537719538711497,0.976965308189392,0.986328125,0.0077977582615808,,,
229,0,1,move,medium,1.0,False,0.9647544622421264,0.97998046875,0.0537622913215636,0.9741287231445312,0.978515625,0.0074578733697307,,,
229,0,2,move,hard,1.0,False,0.947747528553009,0.978515625,0.0540378758486188,0.970377504825592,0.97900390625,0.0072697631773692,,,
229,0,3,rotate,medium,1.0,False,0.9420667886734008,0.966796875,0.0456557697840941,0.9420667886734008,0.966796875,0.0456557697840941,,,
229,0,4,rotate,medium,1.0,False,0.9333088397979736,0.966796875,0.0462136026373587,0.9333088397979736,0.966796875,0.0462136026373587,,,
229,0,6,resize,easy,1.1379310344827587,False,0.9639784693717957,0.9765625,0.0418670272865113,0.9646090269088744,0.9755859375,0.0098119682490159,,,
230,0,1,move,hard,1.0,False,0.9791066646575928,0.95654296875,0.0291085021540977,0.9821093678474426,0.95751953125,0.004887997566707,,,
230,0,2,move,hard,1.0,False,0.973236322402954,0.927734375,0.0283579601889923,0.978318989276886,0.9306640625,0.0039801048700577,,,
231,0,0,move,easy,1.0,False,0.9735271334648132,0.9560546875,0.0536904632248098,0.9847554564476012,0.95703125,0.014332265498934,,,
231,0,1,move,medium,1.0,False,0.9615048766136168,0.96142578125,0.0540555799667756,0.9671530723571776,0.96240234375,0.0147393695395543,,,
231,0,2,rotate,medium,1.0,False,0.9457789063453674,0.93212890625,0.0432566912525267,0.9457789063453674,0.93212890625,0.0432566912525267,,,
231,0,3,rotate,hard,1.0,False,0.9473145008087158,0.9482421875,0.0443597018110764,0.9473145008087158,0.9482421875,0.0443597018110764,,,
231,0,4,rotate,hard,1.0,False,0.8660703897476196,0.91943359375,0.0445768931675008,0.8660703897476196,0.91943359375,0.0445768931675008,,,
231,0,5,resize,medium,1.2404092071611252,False,0.961377739906311,0.96875,0.0389970326037911,0.965450406074524,0.96875,0.0150049760176197,,,
231,0,6,resize,medium,0.8007394502138833,False,0.9453157782554626,0.9521484375,0.0498457256871419,0.949414849281311,0.9521484375,0.0227504984216971,,,
231,0,7,resize,medium,0.7985210995722337,False,0.9454714059829712,0.95361328125,0.0497579663604424,0.9529911279678344,0.95361328125,0.0227000528351531,,,
231,0,8,resize,hard,0.5985210995722337,True,0.8849632740020752,0.9482421875,0.0563543936092955,0.8857108354568481,0.94775390625,0.0565038984792071,0.8858085870742798,0.94775390625,0.0564754646090884
232,0,2,rotate,hard,1.0,False,0.9148603677749634,0.9248046875,0.0986818557937441,0.9148603677749634,0.9248046875,0.0986818557937441,,,
233,0,0,move,medium,1.0,False,0.9870011806488036,0.962890625,0.0369648990036425,0.992568850517273,0.962890625,0.0083318980631953,,,
233,0,4,resize,medium,1.2300884955752212,False,0.9773075580596924,0.97900390625,0.0293437296476991,0.9791691303253174,0.978515625,0.0088880225962019,,,
234,0,0,move,easy,1.0,False,0.969706654548645,0.98291015625,0.0999276984426021,0.9759920239448548,0.97998046875,0.0230268412296299,,,
234,0,1,move,medium,1.0,False,0.954416275024414,0.97998046875,0.1005008070824564,0.9577050805091858,0.982421875,0.022410144348693,,,
234,0,2,rotate,medium,1.0,False,0.95427668094635,0.97900390625,0.084169647372745,0.95427668094635,0.97900390625,0.084169647372745,,,
234,0,3,rotate,hard,1.0,False,0.9343489408493042,0.9833984375,0.0826926720336871,0.9343489408493042,0.9833984375,0.0826926720336871,,,
234,0,4,rotate,hard,1.0,False,0.8212324380874634,0.98388671875,0.0845549457419302,0.8212324380874634,0.98388671875,0.0845549457419302,,,
234,0,5,resize,easy,0.8205960394952692,False,0.9481980204582214,0.9775390625,0.0938224261842791,0.9521764516830444,0.9775390625,0.0394583763171966,,,
234,0,6,resize,medium,0.7588079210094619,False,0.9349220395088196,0.98291015625,0.0979490646833445,0.9367724657058716,0.98291015625,0.0428769485568825,,,
234,0,7,resize,hard,0.5588079210094619,True,0.8189125657081604,0.97509765625,0.1124701286933417,0.8160854578018188,0.9765625,0.1132497951712678,0.8158910870552063,0.97607421875,0.1132353697002049
235,0,0,move,easy,1.0,False,0.9937363862991332,0.974609375,0.0182473397485678,0.9978796243667604,0.97412109375,0.0043928230154684,,,
235,0,1,move,medium,1.0,False,0.9842469692230223,0.97216796875,0.0183174696253688,0.9876075983047484,0.97216796875,0.0044883391506796,,,
235,0,2,move,hard,1.0,False,0.9818370938301086,0.96728515625,0.0174941329761413,0.9849392175674438,0.96728515625,0.0044132888276266,,,
235,0,3,rotate,easy,1.0,False,0.948731541633606,0.98046875,0.0188110116053883,0.948731541633606,0.98046875,0.0188110116053883,,,
236,0,0,move,medium,1.0,False,0.9877225160598756,0.96728515625,0.0109921127816606,0.9900195002555848,0.96630859375,0.002259938327679,,,
236,0,1,move,hard,1.0,False,0.9639474153518676,0.97705078125,0.0126519304013232,0.9654171466827391,0.9765625,0.003132167038472,,,
236,0,2,resize,medium,0.8681143298224072,False,0.9476129412651062,0.98046875,0.0134505762760868,0.9519108533859252,0.98046875,0.0048403029665843,,,
236,0,3,resize,hard,0.6637713403551856,False,0.907764494419098,0.98095703125,0.0133554703202465,0.9049795866012572,0.98095703125,0.0084920794437744,,,
236,0,4,resize,hard,0.46377134035518564,True,0.8591777086257935,0.98095703125,0.0162725555338414,0.8592139482498169,0.98095703125,0.0165062958861408,0.8591921329498291,0.9814453125,0.0165156570810925
236,1,0,resize,easy,0.6637713403551856,False,0.868346631526947,0.98095703125,0.1038875869951852,0.8698890209197998,0.98095703125,0.1024166677699664,,,
236,1,1,resize,hard,0.46377134035518564,True,0.728722095489502,0.98291015625,0.1258497192953345,0.7337560653686523,0.982421875,0.123223356103137,0.7338787317276001,0.982421875,0.1232021534518838
237,0,0,move,easy,1.0,False,0.9737375378608704,0.962890625,0.036446128254051,0.9876023530960084,0.96337890625,0.0080935346153791,,,
237,0,1,move,medium,1.0,False,0.9410390853881836,0.97216796875,0.0365838830369888,0.9602594375610352,0.97265625,0.0074859578817586,,,
237,0,2,move,hard,1.0,False,0.9208136796951294,0.98095703125,0.0359116510392813,0.9191438555717468,0.9814453125,0.0075246502132883,,,
237,0,3,rotate,easy,1.0,False,0.9432225227355956,0.98681640625,0.0334654259881782,0.9432225227355956,0.98681640625,0.0334654259881782,,,
237,0,4,rotate,medium,1.0,False,0.8947445154190063,0.9765625,0.0330519340999036,0.8947445154190063,0.9765625,0.0330519340999036,,,
237,0,5,rotate,hard,1.0,False,0.7459309101104736,0.978515625,0.0341906762383544,0.7459309101104736,0.978515625,0.0341906762383544,,,
237,0,6,resize,easy,1.196169209276402,False,0.9458075165748596,0.9736328125,0.0277223075694754,0.943824052810669,0.9755859375,0.0084451712726652,,,
237,0,7,resize,medium,1.396169209276402,False,0.926066279411316,0.984375,0.0270592341580988,0.9185816049575806,0.98486328125,0.0080951727364538,,,
237,0,8,resize,hard,2.1626794258373208,True,0.8351095914840698,0.9931640625,0.0214959373824144,0.8349178433418274,0.9931640625,0.0214615391503134,0.8350307941436768,0.99365234375,0.0214504701314559
237,0,9,resize,easy,0.851915395361799,False,0.9022852778434752,0.97314453125,0.0348152745735629,0.9014802575111388,0.97314453125,0.0125909270514673,,,
237,0,10,resize,medium,0.6961692092764019,False,0.8559163808822632,0.97314453125,0.0398433973921243,0.8691693544387817,0.97314453125,0.0160870159008877,,,
237,0,11,resize,hard,0.49616920927640185,True,0.7233749628067017,0.9736328125,0.0469286931687318,0.7206688523292542,0.97412109375,0.047043852779953,0.7207512855529785,0.9736328125,0.0469784677118041
238,0,0,move,easy,1.0,False,0.9178218841552734,0.96435546875,0.0802640837306859,0.9293915033340454,0.96435546875,0.0233964815677582,,,
238,0,1,move,medium,1.0,False,0.8914396166801453,0.95751953125,0.0822173907208331,0.9169824719429016,0.95849609375,0.0247617002539094,,,
238,0,2,rotate,easy,1.0,False,0.919273853302002,0.9697265625,0.068704212893189,0.919273853302002,0.9697265625,0.068704212893189,,,
238,0,3,rotate,medium,1.0,False,0.900979459285736,0.9609375,0.0698306580849219,0.900979459285736,0.9609375,0.0698306580849219,,,
238,0,4,rotate,hard,1.0,False,0.8835399150848389,0.9765625,0.0693534756103797,0.8835399150848389,0.9765625,0.0693534756103797,,,
238,0,5,resize,easy,1.196169209276402,False,0.9083811044692992,0.95458984375,0.0624517047236457,0.9329352378845216,0.95361328125,0.0279826330085783,,,
238,0,6,resize,easy,1.396169209276402,False,0.8947429060935974,0.95556640625,0.0559397568670737,0.8919459581375122,0.95703125,0.0233795811235035,,,
238,0,7,resize,hard,2.221269069573014,True,0.78838050365448,0.97265625,0.0436136004496575,0.7904092073440552,0.97265625,0.0436635683609733,0.7905676364898682,0.97265625,0.0436362362891822
238,0,8,resize,easy,0.851915395361799,False,0.9311782121658324,0.96337890625,0.074938728240275,0.9331804513931274,0.96337890625,0.0428882077493265,,,
238,0,9,resize,medium,0.6961692092764019,False,0.854336142539978,0.9609375,0.0840171523307591,0.8657305836677551,0.9609375,0.0535865971872023,,,
238,0,10,resize,hard,0.49616920927640185,True,0.6946472525596619,0.95654296875,0.1012475597140879,0.6953824758529663,0.95361328125,0.1056640559172234,0.6947814226150513,0.95361328125,0.105624389118334
239,0,0,move,easy,1.0,False,0.9644160270690918,0.96240234375,0.0512362247754935,0.9721864461898804,0.962890625,0.0104456654765254,,,
239,0,1,move,medium,1.0,False,0.9360283017158508,0.962890625,0.05203910672573,0.9502942562103271,0.96142578125,0.0111152111728366,,,
239,0,2,move,hard,1.0,False,0.9177851676940918,0.966796875,0.0549462751500875,0.93276846408844,0.966796875,0.0124795769185621,,,
239,0,3,rotate,easy,1.0,False,0.9195284843444824,0.96337890625,0.0449955051844138,0.9195284843444824,0.96337890625,0.0449955051844138,,,
239,0,4,rotate,medium,1.0,False,0.7640206217765808,0.953125,0.0471181620565519,0.7640206217765808,0.953125,0.0471181620565519,,,
239,0,5,rotate,hard,1.0,False,0.6368073225021362,0.94189453125,0.0479907253447531,0.6368073225021362,0.94189453125,0.0479907253447531,,,
239,0,6,resize,easy,1.2840569483037674,False,0.9268770217895508,0.9697265625,0.0392021377995642,0.9341648817062378,0.970703125,0.0122781181917211,,,
239,0,7,resize,medium,1.4840569483037673,False,0.9067607522010804,0.9677734375,0.0375661412097292,0.9092583656311036,0.9677734375,0.0112246855088454,,,
239,0,8,resize,hard,1.9844961240310077,True,0.83909672498703,0.96435546875,0.0322354060286937,0.8385378122329712,0.9658203125,0.0321868018049653,0.8386673331260681,0.9658203125,0.0321813204475756
239,0,9,resize,easy,0.8079715258481164,False,0.9054090976715088,0.953125,0.0495478426892331,0.9132882356643676,0.953125,0.0179675666733869,,,
239,0,10,resize,easy,0.7840569483037673,False,0.905677318572998,0.95458984375,0.0530354607596463,0.8905696272850037,0.95458984375,0.0203379068522386,,,
239,0,11,resize,medium,0.5840569483037672,True,0.8244898319244385,0.955078125,0.0593421328305049,0.822456955909729,0.955078125,0.0594259375654724,0.8223009705543518,0.955078125,0.059419857614112
240,0,0,move,medium,1.0,False,0.9556902050971984,0.9755859375,0.0492205077288019,0.9732912182807922,0.9755859375,0.0120266727569247,,,
240,0,1,move,hard,1.0,False,0.9399477243423462,0.966796875,0.0468549285520518,0.9677916765213012,0.966796875,0.0108421890474714,,,
240,0,2,rotate,medium,1.0,False,0.9433295726776124,0.9365234375,0.0382641971925239,0.9433295726776124,0.9365234375,0.0382641971925239,,,
240,0,3,rotate,hard,1.0,False,0.9439359903335572,0.96826171875,0.0385744726034006,0.9439359903335572,0.96826171875,0.0385744726034006,,,
240,0,4,rotate,hard,1.0,False,0.8932991027832031,0.96337890625,0.0380046758394711,0.8932991027832031,0.96337890625,0.0380046758394711,,,
240,0,5,resize,medium,0.8899855205460676,False,0.9413337707519532,0.9443359375,0.0408717315524982,0.9586211442947388,0.9443359375,0.0148643506211252,,,
240,0,6,resize,hard,0.6200289589078648,False,0.8623316287994385,0.93505859375,0.0442354309805558,0.8597350716590881,0.93505859375,0.0185100017777301,,,
240,0,7,resize,hard,0.4200289589078648,True,0.7122387886047363,0.93896484375,0.0533988103707649,0.7120550274848938,0.9384765625,0.0528514657946124,0.7118463516235352,0.9384765625,0.0528337912104617
241,0,3,rotate,hard,1.0,False,0.96168053150177,0.9140625,0.0268356545892743,0.96168053150177,0.9140625,0.0268356545892743,,,
242,0,0,rotate,hard,1.0,False,0.981123387813568,0.96484375,0.0487296557385781,0.981123387813568,0.96484375,0.0487296557385781,,,
242,0,1,rotate,hard,1.0,False,0.9663970470428468,0.96533203125,0.0491494245836592,0.9663970470428468,0.96533203125,0.0491494245836592,,,
242,0,2,rotate,hard,1.0,False,0.9695544242858888,0.9609375,0.0471471059135773,0.9695544242858888,0.9609375,0.0471471059135773,,,
242,0,3,resize,hard,0.8899855205460676,False,0.9776782393455504,0.93994140625,0.0522772879258225,0.9781550168991088,0.93994140625,0.0160932775474645,,,
242,0,4,resize,hard,0.6200289589078648,False,0.865333080291748,0.94921875,0.0708348670704079,0.8677091598510742,0.94921875,0.0282308796967484,,,
242,0,5,resize,hard,0.4200289589078648,True,0.675299882888794,0.94482421875,0.0967036011907427,0.6808602809906006,0.9453125,0.0957834329102434,0.6808977127075195,0.94482421875,0.0957707730572052
243,0,0,move,hard,1.0,False,0.9851617217063904,0.9384765625,0.0495018341331971,0.9876589775085448,0.93896484375,0.0049357584569912,,,
243,0,1,move,hard,1.0,False,0.9915189743041992,0.9326171875,0.0493240609714054,0.9980750679969788,0.9365234375,0.0045976951804778,,,
243,0,2,rotate,medium,1.0,False,0.9834396839141846,0.92529296875,0.0398382893690759,0.9834396839141846,0.92529296875,0.0398382893690759,,,
243,0,3,rotate,hard,1.0,False,0.9818642139434814,0.95556640625,0.0416285287655551,0.9818642139434814,0.95556640625,0.0416285287655551,,,
243,0,4,rotate,hard,1.0,False,0.9424360990524292,0.9541015625,0.0410429558306349,0.9424360990524292,0.9541015625,0.0410429558306349,,,
243,0,5,resize,medium,1.1638785780832759,False,0.976264238357544,0.98291015625,0.0364274029825753,0.9804647564888,0.9833984375,0.0062455534645721,,,
243,0,6,resize,medium,0.8680607109583621,False,0.976083278656006,0.91357421875,0.045082236550865,0.9778386354446412,0.91357421875,0.0081532561768941,,,
243,0,7,resize,hard,0.6638785780832759,False,0.9451127052307128,0.90771484375,0.0553647200728094,0.9358226656913756,0.90771484375,0.0115816032175061,,,
243,0,8,resize,hard,0.4638785780832758,True,0.8562651872634888,0.91064453125,0.0727711500433976,0.8567897081375122,0.91162109375,0.0732885052608165,0.856556236743927,0.91162109375,0.0732793265940479
244,0,0,move,hard,1.0,False,0.981453001499176,0.95556640625,0.0326495520313289,0.9846578240394592,0.95263671875,0.003703996387968,,,
244,0,1,move,hard,1.0,False,0.9650327563285828,0.953125,0.0322164316951178,0.9741476774215698,0.95361328125,0.0035282656747442,,,
245,0,0,move,easy,1.0,False,0.9684706926345824,0.9794921875,0.0408771150736717,0.9742869138717652,0.97900390625,0.0189192912937532,,,
245,0,1,move,easy,1.0,False,0.9325320720672609,0.9765625,0.0448567557104142,0.9358081817626952,0.9765625,0.019967206394753,,,
245,0,2,move,hard,1.0,False,0.9653620719909668,0.98681640625,0.0427790303113115,0.9653140306472778,0.98681640625,0.0208056067955637,,,
245,0,3,rotate,easy,1.0,False,0.9624240398406982,0.98291015625,0.0431695817767487,0.9624240398406982,0.98291015625,0.0431695817767487,,,
245,0,4,rotate,medium,1.0,False,0.8451124429702759,0.98291015625,0.0460973868732303,0.8451124429702759,0.98291015625,0.0460973868732303,,,
245,0,5,rotate,hard,1.0,False,0.65733802318573,0.974609375,0.0429652652760467,0.65733802318573,0.974609375,0.0429652652760467,,,
245,0,6,resize,easy,1.2074231542231093,False,0.9450176954269408,0.9853515625,0.0360841317809481,0.9528757333755492,0.9853515625,0.0216932555578981,,,
245,0,7,resize,easy,1.4074231542231093,False,0.9040160179138184,0.990234375,0.0334675218889336,0.9076417684555054,0.990234375,0.0180225684930326,,,
245,0,8,resize,hard,2.3056736566733194,True,0.8117583990097046,0.98681640625,0.0366032556301637,0.8117740750312805,0.986328125,0.0366551141266976,0.8118299245834351,0.986328125,0.0366408541107226
245,0,9,resize,easy,0.8462884228884454,False,0.9085984230041504,0.97314453125,0.0437032119809052,0.9205551147460938,0.97314453125,0.0285824186892732,,,
245,0,10,resize,easy,0.7074231542231093,False,0.8125005960464478,0.98486328125,0.0569281501535993,0.8201404809951782,0.98486328125,0.040880666539047,,,
245,0,11,resize,hard,0.5074231542231092,True,0.6495779752731323,0.9833984375,0.0843972576567449,0.6782213449478149,0.98388671875,0.0788223741796741,0.6787369847297668,0.9833984375,0.0786735269680044
246,0,0,move,easy,1.0,False,0.9651230573654176,0.990234375,0.0129235175512965,0.9675332903862,0.990234375,0.0032427398560051,,,
246,0,1,move,medium,1.0,False,0.9700337052345276,0.982421875,0.012931261835047,0.9717909097671508,0.98388671875,0.0033317991191365,,,
246,0,2,move,hard,1.0,False,0.96830153465271,0.98095703125,0.0141987537885572,0.972762644290924,0.9794921875,0.0037658043992412,,,
246,0,3,rotate,easy,1.0,False,0.928402304649353,0.98193359375,0.0129993713933203,0.928402304649353,0.98193359375,0.0129993713933203,,,
246,0,4,rotate,medium,1.0,False,0.8730307221412659,0.98291015625,0.0136314420180963,0.8730307221412659,0.98291015625,0.0136314420180963,,,
246,0,5,rotate,hard,1.0,False,0.8308209180831909,0.986328125,0.0150591530923027,0.8308209180831909,0.986328125,0.0150591530923027,,,
246,0,6,resize,easy,1.15099224797522,False,0.9675135612487792,0.990234375,0.0114294874211214,0.964595913887024,0.990234375,0.0032596352779481,,,
246,0,7,resize,medium,1.3509922479752199,False,0.9500209093093872,0.9765625,0.0110626693727969,0.9419122934341432,0.97607421875,0.0023643737020057,,,
246,0,8,resize,hard,1.8824418598141484,True,0.909494936466217,0.97412109375,0.0104706443323148,0.909589946269989,0.97216796875,0.0104446978482278,0.9096491932868958,0.97216796875,0.0104397974188277
246,0,9,resize,easy,0.8745038760123901,False,0.9678208231925964,0.98828125,0.011677889666653,0.9696680307388306,0.98828125,0.0042712640031656,,,
246,0,10,resize,medium,0.6509922479752198,False,0.9148893356323242,0.98583984375,0.0148760210141284,0.918927788734436,0.98583984375,0.0056295897458907,,,
246,0,11,resize,hard,0.4509922479752198,True,0.7628113031387329,0.9833984375,0.0218785187737043,0.7660903930664062,0.984375,0.0216462996456106,0.7671762704849243,0.984375,0.021647256592567
247,0,0,move,medium,1.0,False,0.9399783611297609,0.92041015625,0.0366938740456158,0.9636216759681702,0.92236328125,0.0069724461299396,,,
247,0,1,move,medium,1.0,False,0.908924400806427,0.9072265625,0.0406748199959639,0.9386026859283448,0.90966796875,0.0083663853700368,,,
247,0,2,move,hard,1.0,False,0.9104454517364502,0.9111328125,0.0394808217804566,0.939967393875122,0.9111328125,0.0084036363374831,,,
247,0,3,rotate,medium,1.0,False,0.8780859112739563,0.93310546875,0.0304698398556376,0.8780859112739563,0.93310546875,0.0304698398556376,,,
247,0,4,rotate,medium,1.0,False,0.8459188342094421,0.94970703125,0.0311655394417658,0.8459188342094421,0.94970703125,0.0311655394417658,,,
247,0,5,rotate,hard,1.0,False,0.7937116622924805,0.93994140625,0.0331174356349764,0.7937116622924805,0.93994140625,0.0331174356349764,,,
247,0,6,resize,medium,0.8745038760123901,False,0.9066170454025269,0.93408203125,0.0333657960088605,0.9328523278236388,0.93408203125,0.010598676440863,,,
247,0,7,resize,hard,0.6509922479752198,False,0.8163382411003113,0.94482421875,0.0400539720272401,0.8507785201072693,0.94482421875,0.016622935868972,,,
247,0,8,resize,hard,0.4509922479752198,True,0.6566966772079468,0.9404296875,0.041344293903183,0.6578196287155151,0.94189453125,0.041257883635561,0.6574628949165344,0.94140625,0.0412382070806447
248,0,0,move,medium,1.0,False,0.9907795786857604,0.98291015625,0.0752886006514077,0.9947785139083862,0.98291015625,0.014476462494726,,,
248,0,1,move,medium,1.0,False,0.9832232594490052,0.978515625,0.0737751623131728,0.9877254962921144,0.978515625,0.0140011643798113,,,
248,0,2,rotate,medium,1.0,False,0.9855932593345642,0.9697265625,0.0645160394283256,0.9855932593345642,0.9697265625,0.0645160394283256,,,
248,0,3,rotate,hard,1.0,False,0.9797665476799012,0.97412109375,0.0652540591276197,0.9797665476799012,0.97412109375,0.0652540591276197,,,
248,0,4,rotate,hard,1.0,False,0.981148898601532,0.97998046875,0.066398376625735,0.981148898601532,0.97998046875,0.066398376625735,,,
248,0,5,resize,medium,0.8716388352767591,False,0.9815067052841188,0.95703125,0.0700842943196944,0.9841762781143188,0.95556640625,0.0264643964618798,,,
248,0,6,resize,hard,0.6567223294464818,False,0.9339406490325928,0.95068359375,0.0845471878631377,0.9373160004615784,0.947265625,0.039945535926813,,,
248,0,7,resize,hard,0.4567223294464818,True,0.8062816858291626,0.96875,0.1048924980931243,0.8046810030937195,0.9677734375,0.1049084030609416,0.8048810958862305,0.96728515625,0.1048679524456755
249,0,0,move,medium,1.0,False,0.9610646963119508,0.9599609375,0.0433447593657569,0.97204852104187,0.95849609375,0.0036421005183682,,,
249,0,1,rotate,medium,1.0,False,0.9286967515945436,0.9658203125,0.0373770119606907,0.9286967515945436,0.9658203125,0.0373770119606907,,,
249,0,4,resize,medium,1.156722329446482,False,0.959486961364746,0.94775390625,0.0327473842772438,0.9697069525718688,0.94873046875,0.0044607830299631,,,
249,0,5,resize,hard,1.3567223294464819,False,0.9359514117240906,0.9677734375,0.0293920777106983,0.9473482370376588,0.96728515625,0.0036391534062295,,,
249,0,6,resize,hard,1.5842696629213484,True,0.9064918160438538,0.966796875,0.0265552920628711,0.9067103862762452,0.96337890625,0.0265375175325014,0.9065874218940736,0.9619140625,0.026533508564051
250,0,0,move,easy,1.0,False,0.9362529516220092,0.97802734375,0.0579164548194324,0.9428537487983704,0.97802734375,0.0306926115053311,,,
250,0,1,move,easy,1.0,False,0.920784592628479,0.97412109375,0.0566013440325397,0.9223384261131288,0.9736328125,0.0312078608218935,,,
250,0,2,rotate,easy,1.0,False,0.9452868103981018,0.974609375,0.0499711622267551,0.9452868103981018,0.974609375,0.0499711622267551,,,
250,0,3,rotate,medium,1.0,False,0.8719114065170288,0.97705078125,0.0514209702660406,0.8719114065170288,0.97705078125,0.0514209702660406,,,
250,0,4,rotate,hard,1.0,False,0.7835468053817749,0.9765625,0.0534567163959022,0.7835468053817749,0.9765625,0.0534567163959022,,,
250,0,5,resize,easy,1.2797802655882111,False,0.8997092247009277,0.97900390625,0.0440632982221252,0.9023197293281556,0.97802734375,0.0286517825798595,,,
250,0,6,resize,easy,1.479780265588211,False,0.8676140308380127,0.98095703125,0.0434705160427044,0.8608425855636597,0.98046875,0.027540297735671,,,
250,0,7,resize,easy,0.8101098672058945,False,0.8912707567214966,0.97802734375,0.0658482694337758,0.8920252323150635,0.97802734375,0.0519436583338948,,,
250,0,8,resize,easy,0.7797802655882111,False,0.901482880115509,0.97705078125,0.0656024088214949,0.9018759727478028,0.97705078125,0.0516021887965085,,,
250,0,9,resize,medium,0.5797802655882112,True,0.8330832123756409,0.9755859375,0.0842062964876456,0.8339608907699585,0.97509765625,0.0834343384642299,0.8339874744415283,0.97509765625,0.0834485529887404
250,1,0,move,easy,1.0,False,0.9471031427383424,0.96533203125,0.0207387961966822,0.9634584784507751,0.9658203125,0.0063502125797776,,,
250,1,1,rotate,medium,1.0,False,0.9278664588928224,0.96435546875,0.0211007958538273,0.9278664588928224,0.96435546875,0.0211007958538273,,,
250,1,2,rotate,hard,1.0,False,0.8770663738250732,0.97412109375,0.022201576471653,0.8770663738250732,0.97412109375,0.022201576471653,,,
250,1,3,rotate,hard,1.0,False,0.8123774528503418,0.9775390625,0.0215301841734163,0.8123774528503418,0.9775390625,0.0215301841734163,,,
251,0,0,rotate,medium,1.0,False,0.966667115688324,0.92431640625,0.0423886178801184,0.966667115688324,0.92431640625,0.0423886178801184,,,
251,0,1,rotate,medium,1.0,False,0.9531861543655396,0.9267578125,0.0421405544984559,0.9531861543655396,0.9267578125,0.0421405544984559,,,
251,0,2,rotate,hard,1.0,False,0.9447394013404846,0.912109375,0.0428021910263863,0.9447394013404846,0.912109375,0.0428021910263863,,,
251,0,3,resize,medium,1.182571154381374,False,0.9659101366996764,0.9365234375,0.0392755097618873,0.9702814817428588,0.9365234375,0.0092641686661354,,,
251,0,4,resize,medium,1.382571154381374,False,0.945129692554474,0.974609375,0.0380988316469681,0.9450892806053162,0.97607421875,0.0080067102653286,,,
251,0,5,resize,hard,1.6740331491712708,True,0.9037746787071228,0.98388671875,0.0365307825340349,0.9031711220741272,0.98388671875,0.0366774290399316,0.9032445549964904,0.984375,0.0366756466322411
251,0,6,resize,easy,0.8587144228093131,False,0.950084626674652,0.89013671875,0.0457044234524533,0.9524428844451904,0.89013671875,0.0131679708538519,,,
251,0,7,resize,medium,0.6825711543813738,False,0.9138187766075134,0.87158203125,0.0503885012372326,0.923220992088318,0.87158203125,0.0160969376732841,,,
251,0,8,resize,hard,0.48257115438137377,True,0.841804027557373,0.8779296875,0.0581892337944226,0.8351253271102905,0.87451171875,0.0582840281271799,0.8355095982551575,0.875,0.058250291067214
252,0,2,move,hard,1.0,False,0.9468188881874084,0.9658203125,0.0273391179672943,0.9587866067886353,0.96630859375,0.0054322142411287,,,
253,0,0,move,medium,1.0,False,0.9559752941131592,0.98486328125,0.0469871086680608,0.9819902181625366,0.9853515625,0.005563382475882,,,
253,0,1,move,hard,1.0,False,0.9382647275924684,0.98681640625,0.0475101646731482,0.9603343605995178,0.98779296875,0.0049501122984755,,,
253,0,2,rotate,medium,1.0,False,0.9114502668380736,0.984375,0.0432524564799461,0.9114502668380736,0.984375,0.0432524564799461,,,
253,0,3,rotate,hard,1.0,False,0.8548645973205566,0.98681640625,0.0431734429916609,0.8548645973205566,0.98681640625,0.0431734429916609,,,
253,0,4,rotate,hard,1.0,False,0.7472504377365112,0.98095703125,0.0450879646822094,0.7472504377365112,0.98095703125,0.0450879646822094,,,
253,0,5,resize,medium,0.8731383435586509,False,0.9347966909408568,0.97314453125,0.0474934633135398,0.9329657554626464,0.97314453125,0.0085250900902897,,,
253,0,6,resize,hard,0.6537233128826981,False,0.9024419188499452,0.96875,0.0523414381899153,0.895662784576416,0.96875,0.0103771361432983,,,
253,0,7,resize,hard,0.4537233128826981,True,0.8034000992774963,0.974609375,0.0608094505827263,0.8042981028556824,0.97412109375,0.0601900404780016,0.8043758869171143,0.974609375,0.0601492523700335
254,0,0,move,easy,1.0,False,0.9709175229072572,0.9365234375,0.037452742573833,0.9808549880981444,0.93408203125,0.0102014761049752,,,
254,0,1,move,medium,1.0,False,0.9682415127754213,0.93798828125,0.0374919868360266,0.977198600769043,0.93896484375,0.0105215899006351,,,
254,0,2,move,medium,1.0,False,0.954661190509796,0.9560546875,0.0396299100969834,0.9451181888580322,0.9560546875,0.0118793905708992,,,
254,0,3,rotate,easy,1.0,False,0.965477466583252,0.89990234375,0.0348496249434065,0.965477466583252,0.89990234375,0.0348496249434065,,,
254,0,4,rotate,easy,1.0,False,0.9637882709503174,0.9384765625,0.0344533052935557,0.9637882709503174,0.9384765625,0.0344533052935557,,,
254,0,5,rotate,hard,1.0,False,0.9142353534698486,0.9306640625,0.0362847455303201,0.9142353534698486,0.9306640625,0.0362847455303201,,,
254,0,6,resize,easy,1.1537233128826982,False,0.9534981846809388,0.9716796875,0.0322336035106585,0.9616134166717528,0.97119140625,0.0132653940338565,,,
254,0,7,resize,easy,1.3537233128826982,False,0.9220129251480104,0.9423828125,0.0303317696365824,0.929069995880127,0.94873046875,0.0118807366133569,,,
254,0,8,resize,hard,1.9029248466202358,True,0.8892053961753845,0.93603515625,0.0257046605829075,0.8888944387435913,0.93603515625,0.0257738899447282,0.8889116048812866,0.9365234375,0.0257718387043779
254,0,9,resize,easy,0.8731383435586509,False,0.9475066661834716,0.91552734375,0.0399449876476507,0.9431785345077516,0.91552734375,0.0200534948852186,,,
254,0,10,resize,medium,0.6537233128826981,False,0.8622381091117859,0.91162109375,0.0448876552705599,0.861343502998352,0.91162109375,0.0265572759329238,,,
254,0,11,resize,hard,0.4537233128826981,True,0.6540845036506653,0.9150390625,0.0552498443638071,0.6561098098754883,0.916015625,0.0546279175027767,0.6560409069061279,0.91552734375,0.054629153323663
255,0,0,move,medium,1.0,False,0.9522204399108888,0.96435546875,0.0888760372725699,0.956241011619568,0.9677734375,0.0093834094761573,,,
255,0,1,move,medium,1.0,False,0.962141752243042,0.96826171875,0.0894834503010581,0.9769716858863832,0.966796875,0.0093236434548459,,,
255,0,2,move,hard,1.0,False,0.9373444318771362,0.9794921875,0.0905221251384701,0.9396159648895264,0.978515625,0.0094587175456151,,,
255,0,3,rotate,medium,1.0,False,0.9370306134223938,0.97998046875,0.0746795560071388,0.9370306134223938,0.97998046875,0.0746795560071388,,,
255,0,4,rotate,medium,1.0,False,0.8997421860694885,0.9853515625,0.0757801749444089,0.8997421860694885,0.9853515625,0.0757801749444089,,,
255,0,5,rotate,hard,1.0,False,0.8618247509002686,0.96533203125,0.0774578916239593,0.8618247509002686,0.96533203125,0.0774578916239593,,,
255,0,6,resize,easy,1.1810039362327067,False,0.9325498342514038,0.97216796875,0.0651071239306533,0.939019501209259,0.97412109375,0.0105550814243847,,,
255,0,7,resize,medium,1.3810039362327067,False,0.9173735976219176,0.95556640625,0.0583607837839218,0.9142735600471495,0.95849609375,0.0089021137966478,,,
255,0,8,resize,hard,1.6588921282798834,True,0.857300877571106,0.9619140625,0.0520930988029201,0.8575172424316406,0.96240234375,0.0519913201804527,0.8575396537780762,0.96240234375,0.0519759348277554
255,0,9,resize,easy,0.8594980318836467,False,0.9323341846466064,0.97802734375,0.0848132654881053,0.9477132558822632,0.97802734375,0.0180893078736523,,,
255,0,10,resize,medium,0.6810039362327067,False,0.8285833597183228,0.98095703125,0.1022621406762987,0.844980001449585,0.98095703125,0.0277030860414104,,,
255,0,11,resize,hard,0.48100393623270676,True,0.692989706993103,0.9794921875,0.1231036281126185,0.6931067705154419,0.98095703125,0.1230690672457947,0.6929412484169006,0.98046875,0.1230237125947375
256,0,0,move,easy,1.0,False,0.9736387729644777,0.98974609375,0.0616300496102055,0.9799193143844604,0.9892578125,0.0090570259401364,,,
256,0,1,rotate,easy,1.0,False,0.9752846360206604,0.99267578125,0.0531803389130659,0.9752846360206604,0.99267578125,0.0531803389130659,,,
256,0,2,rotate,easy,1.0,False,0.9391404390335084,0.9921875,0.0527719551978944,0.9391404390335084,0.9921875,0.0527719551978944,,,
256,0,3,rotate,hard,1.0,False,0.8519098162651062,0.9921875,0.0491116756780231,0.8519098162651062,0.9921875,0.0491116756780231,,,
256,0,4,resize,easy,1.1936876176009608,False,0.9619465470314026,0.99072265625,0.0488893494371716,0.9650334119796752,0.99072265625,0.0127221090041027,,,
256,0,5,resize,easy,1.3936876176009607,False,0.9416393041610718,0.99267578125,0.0467491606681396,0.92719304561615,0.9921875,0.0116634866028806,,,
256,0,6,resize,easy,0.8531561911995197,False,0.9502696394920348,0.9912109375,0.0561718361699555,0.9425758123397828,0.9912109375,0.0177001941828722,,,
256,0,7,resize,easy,0.6936876176009608,False,0.8871232867240906,0.99072265625,0.0602185707415253,0.87397301197052,0.99072265625,0.0239826368826581,,,
256,0,8,resize,hard,0.4936876176009607,True,0.775306224822998,0.9912109375,0.0736405741643865,0.7758364677429199,0.99072265625,0.0732686205381731,0.7760127782821655,0.99072265625,0.0732142100556815
256,1,0,move,medium,1.0,False,0.977707028388977,0.9833984375,0.0305655387519587,0.9821316003799438,0.98291015625,0.0036359224001046,,,
256,1,1,move,hard,1.0,False,0.9610432982444764,0.98095703125,0.0312779436256483,0.9720844030380248,0.98046875,0.0040159751034249,,,
256,1,2,rotate,medium,1.0,False,0.9629650115966796,0.98291015625,0.0266687871001262,0.9629650115966796,0.98291015625,0.0266687871001262,,,
256,1,3,rotate,hard,1.0,False,0.9334031939506532,0.98193359375,0.0269098280753578,0.9334031939506532,0.98193359375,0.0269098280753578,,,
256,1,4,rotate,hard,1.0,False,0.8934326171875,0.97998046875,0.0264235758417748,0.8934326171875,0.97998046875,0.0264235758417748,,,
256,1,5,resize,medium,1.1936876176009608,False,0.9566887021064758,0.986328125,0.02239147118313,0.9571515917778016,0.9873046875,0.0042375958809601,,,
256,1,6,resize,medium,1.3936876176009607,False,0.9279776215553284,0.98291015625,0.0209549618978952,0.9227254986763,0.982421875,0.0019972941191619,,,
256,1,7,resize,medium,0.8531561911995197,False,0.9467724561691284,0.98681640625,0.0292022052156846,0.947222113609314,0.98681640625,0.0074812081588713,,,
256,1,8,resize,hard,0.6936876176009608,False,0.8807026147842407,0.98486328125,0.033343143967441,0.8862781524658203,0.98486328125,0.0102197891849635,,,
256,1,9,resize,hard,0.4936876176009607,True,0.6973369717597961,0.9853515625,0.0390476388110703,0.7032351493835449,0.98583984375,0.0389979162928322,0.7032228112220764,0.98583984375,0.0389907549481433
257,0,2,move,hard,1.0,False,0.9484350085258484,0.89453125,0.0468382990744693,0.959020495414734,0.89453125,0.0062281980090574,,,
257,0,3,rotate,medium,1.0,False,0.9314167499542236,0.9248046875,0.0413260435578231,0.9314167499542236,0.9248046875,0.0413260435578231,,,
257,0,6,resize,medium,1.2541780973446148,False,0.9499388933181764,0.9345703125,0.0348529555675845,0.9443756341934204,0.93310546875,0.0076839020602318,,,
257,0,7,resize,medium,1.4541780973446148,False,0.9408165812492372,0.95458984375,0.0330930486383654,0.9396151304244996,0.95556640625,0.0068090492146917,,,
257,0,8,resize,hard,1.8764044943820224,True,0.883375883102417,0.962890625,0.0296626711622461,0.8831649422645569,0.96337890625,0.0296693545631617,0.8830747008323669,0.962890625,0.0296618129406197
258,0,0,move,easy,1.0,False,0.96139794588089,0.97802734375,0.0337988403557499,0.9690824747085572,0.97802734375,0.0056595928611152,,,
258,0,1,move,medium,1.0,False,0.9598877429962158,0.93505859375,0.033488272139817,0.9676036834716796,0.93798828125,0.0054895420367993,,,
258,0,2,rotate,medium,1.0,False,0.9263877868652344,0.9580078125,0.0320494835543183,0.9263877868652344,0.9580078125,0.0320494835543183,,,
259,0,0,move,medium,1.0,False,0.9727783203125,0.97314453125,0.0293006117580366,0.97160142660141,0.9736328125,0.0059488903307896,,,
259,0,1,move,hard,1.0,False,0.9533782601356506,0.9716796875,0.0296850465784884,0.950847327709198,0.9716796875,0.005929855388471,,,
259,0,2,rotate,medium,1.0,False,0.9594658613204956,0.9755859375,0.0245403035701067,0.9594658613204956,0.9755859375,0.0245403035701067,,,
259,0,3,rotate,hard,1.0,False,0.9535351991653442,0.9814453125,0.0257658070294184,0.9535351991653442,0.9814453125,0.0257658070294184,,,
259,0,4,rotate,hard,1.0,False,0.9145051836967468,0.9775390625,0.0251480368843967,0.9145051836967468,0.9775390625,0.0251480368843967,,,
259,0,5,resize,medium,1.2453898871652243,False,0.923658847808838,0.9892578125,0.021603876040651,0.9239647388458252,0.98876953125,0.0057653770043497,,,
259,0,6,resize,hard,1.3403141361256545,False,0.9133384227752686,0.9873046875,0.0203176120498818,0.9221862554550172,0.9873046875,0.0050604247975019,,,
259,0,7,resize,medium,0.8273050564173878,False,0.939261555671692,0.94580078125,0.0285957780130858,0.92791485786438,0.94580078125,0.0077362220956566,,,
259,0,8,resize,hard,0.7453898871652244,False,0.8907930254936218,0.94384765625,0.0314268855469839,0.879706859588623,0.94384765625,0.0091948243832317,,,
259,0,9,resize,hard,0.5453898871652243,True,0.8075094223022461,0.95947265625,0.038868171353863,0.8072110414505005,0.95654296875,0.0388261395357767,0.8073300123214722,0.95654296875,0.038826762229378
260,0,0,move,medium,1.0,False,0.9441219568252563,0.96484375,0.0612186931892899,0.9553093910217284,0.96533203125,0.0139792445119817,,,
260,0,1,move,medium,1.0,False,0.9515306353569032,0.9599609375,0.0596930858814121,0.966128945350647,0.958984375,0.0131453599230226,,,
260,0,2,rotate,medium,1.0,False,0.9424319267272948,0.9501953125,0.0490231150210253,0.9424319267272948,0.9501953125,0.0490231150210253,,,
260,0,3,rotate,hard,1.0,False,0.9294880628585817,0.96435546875,0.0511518402249764,0.9294880628585817,0.96435546875,0.0511518402249764,,,
260,0,4,rotate,hard,1.0,False,0.8626232147216797,0.9638671875,0.0519239468187839,0.8626232147216797,0.9638671875,0.0519239468187839,,,
260,0,5,resize,medium,1.2511627906976743,False,0.9269068241119384,0.96875,0.0417873771271744,0.9388573169708252,0.9697265625,0.0124325203074981,,,
260,0,6,resize,medium,0.8174726573727356,False,0.936055302619934,0.96630859375,0.0588502543686825,0.9456125497817992,0.96630859375,0.0205801431942184,,,
260,0,7,resize,medium,0.765054685254529,False,0.9215328693389891,0.966796875,0.0616439416887659,0.9289050698280334,0.966796875,0.022164240542203,,,
260,0,8,resize,hard,0.5650546852545291,True,0.845954418182373,0.9599609375,0.0742490472844946,0.8448522090911865,0.96142578125,0.0744131769247691,0.8447575569152832,0.9609375,0.0744013682201074
261,0,0,move,medium,1.0,False,0.9752922654151917,0.9453125,0.0565938492811967,0.9793316125869752,0.9443359375,0.0075988281255645,,,
261,0,1,move,hard,1.0,False,0.9835299253463744,0.9365234375,0.0560004926973041,0.9876307249069214,0.9326171875,0.0074379306584751,,,
261,0,2,rotate,medium,1.0,False,0.9627695679664612,0.94287109375,0.0468490944846929,0.9627695679664612,0.94287109375,0.0468490944846929,,,
261,0,3,rotate,hard,1.0,False,0.947723627090454,0.96630859375,0.0465098125947271,0.947723627090454,0.96630859375,0.0465098125947271,,,
261,0,4,rotate,hard,1.0,False,0.9000097513198853,0.93359375,0.0474383586647179,0.9000097513198853,0.93359375,0.0474383586647179,,,
261,0,5,resize,medium,1.265054685254529,False,0.9623698592185974,0.97802734375,0.0398929012062834,0.9600695371627808,0.97509765625,0.0074106309983683,,,
261,0,6,resize,hard,1.3290488431876606,False,0.9586835503578186,0.97314453125,0.039358585538258,0.9557088613510132,0.97216796875,0.007042674048507,,,
261,0,7,resize,medium,0.8697298089485852,False,0.9624139666557312,0.943359375,0.0527568150700022,0.9667441844940186,0.943359375,0.0118035042788133,,,
261,0,8,resize,hard,0.6605403821028295,False,0.8885427713394165,0.92919921875,0.0681289202991184,0.8939406871795654,0.92919921875,0.0182781336082832,,,
261,0,9,resize,hard,0.46054038210282955,True,0.7793508768081665,0.93603515625,0.0922024817656531,0.7743105888366699,0.93603515625,0.0918720848725963,0.7745459079742432,0.93603515625,0.0918763285024154
262,0,0,move,hard,1.0,False,0.9828604459762572,0.951171875,0.0776300050598394,0.9919248223304749,0.95263671875,0.0130053939657273,,,
262,0,1,move,hard,1.0,False,0.9746718406677246,0.95751953125,0.0755322949890154,0.9822659492492676,0.9580078125,0.0124497207250053,,,
262,0,2,rotate,hard,1.0,False,0.9745901226997375,0.947265625,0.0660173122570548,0.9745901226997375,0.947265625,0.0660173122570548,,,
262,0,3,rotate,hard,1.0,False,0.9552697539329528,0.943359375,0.0681948219254676,0.9552697539329528,0.943359375,0.0681948219254676,,,
262,0,4,rotate,hard,1.0,False,0.9456253051757812,0.955078125,0.0663284071844745,0.9456253051757812,0.955078125,0.0663284071844745,,,
262,0,5,resize,medium,1.1503416856492028,False,0.9614484310150146,0.9609375,0.0594643582373734,0.9680613279342652,0.9609375,0.0164002828365131,,,
262,0,6,resize,medium,0.8697298089485852,False,0.9586451053619384,0.93603515625,0.075944355922844,0.9638482332229614,0.93603515625,0.0208406761815658,,,
262,0,7,resize,hard,0.6605403821028295,False,0.8830978870391846,0.93798828125,0.0991757322420536,0.8684952855110168,0.93798828125,0.0305492944541411,,,
262,0,8,resize,hard,0.46054038210282955,True,0.692127525806427,0.92822265625,0.1284838168033445,0.6905797719955444,0.92626953125,0.1284697925496005,0.6907098293304443,0.92724609375,0.1284708487695477
263,0,0,move,easy,1.0,False,0.9570022225379944,0.98291015625,0.2511756316684588,0.9710628986358644,0.9853515625,0.048673616989905,,,
263,0,1,move,easy,1.0,False,0.927948832511902,0.97705078125,0.2501468472777416,0.9313169717788696,0.978515625,0.0498868184639342,,,
263,0,2,move,hard,1.0,False,0.9263759851455688,0.9814453125,0.2430073131288039,0.9415449500083924,0.9814453125,0.0476795515301933,,,
263,0,3,rotate,easy,1.0,False,0.9318180084228516,0.9912109375,0.2035628761657323,0.9318180084228516,0.9912109375,0.2035628761657323,,,
263,0,4,rotate,easy,1.0,False,0.9013403654098512,0.98193359375,0.2128885359673191,0.9013403654098512,0.98193359375,0.2128885359673191,,,
263,0,5,rotate,hard,1.0,False,0.8732141256332397,0.9912109375,0.2095110785730005,0.8732141256332397,0.9912109375,0.2095110785730005,,,
263,0,6,resize,easy,1.1605403821028297,False,0.9308162927627563,0.9853515625,0.1978764306404884,0.9388312101364136,0.984375,0.0688750406962614,,,
263,0,7,resize,easy,1.3605403821028297,False,0.9270120859146118,0.98291015625,0.1739109697933227,0.9158895015716552,0.97998046875,0.0520658305364187,,,
263,0,8,resize,hard,1.9540528657712217,True,0.7934175729751587,0.990234375,0.1295819777581287,0.793107271194458,0.990234375,0.1290871884798887,0.7931591272354126,0.990234375,0.1290661146713975
263,0,9,resize,easy,0.8697298089485852,False,0.920814335346222,0.986328125,0.2152687734898385,0.9219363927841188,0.986328125,0.0958328227499612,,,
263,0,10,resize,medium,0.6605403821028295,False,0.8515925407409668,0.9716796875,0.2388198706115185,0.8120843172073364,0.9716796875,0.1348217997971028,,,
263,0,11,resize,hard,0.46704899053062987,True,0.7102210521697998,0.97021484375,0.2443040907598268,0.7202101945877075,0.97998046875,0.2384709116155175,0.7202922105789185,0.98046875,0.2385375879502527
264,0,0,move,medium,1.0,False,0.9857661724090576,0.947265625,0.0786097399738879,0.993834376335144,0.95263671875,0.0125647420724487,,,
264,0,1,rotate,medium,1.0,False,0.9653527140617372,0.96875,0.067617957547604,0.9653527140617372,0.96875,0.067617957547604,,,
264,0,2,rotate,hard,1.0,False,0.9444278478622437,0.96337890625,0.0660967357433222,0.9444278478622437,0.96337890625,0.0660967357433222,,,
264,0,3,rotate,hard,1.0,False,0.9265272617340088,0.97607421875,0.0687991410576649,0.9265272617340088,0.97607421875,0.0687991410576649,,,
264,0,4,resize,medium,0.866475504734685,False,0.950465202331543,0.9365234375,0.0752302803159767,0.9540072083473206,0.9365234375,0.0187037084044934,,,
264,0,5,resize,hard,0.6670489905306299,False,0.89324551820755,0.94287109375,0.092608823936861,0.9191882610321044,0.94287109375,0.0251067786183533,,,
264,0,6,resize,hard,0.46704899053062987,True,0.7850092649459839,0.94384765625,0.1164970201465029,0.7861085534095764,0.939453125,0.116614898954311,0.7856651544570923,0.93994140625,0.1165749379131943
265,0,0,move,hard,1.0,False,0.9687830805778505,0.97216796875,0.0659091721743099,0.9793641567230223,0.9736328125,0.0133196830576617,,,
265,0,1,move,hard,1.0,False,0.968872606754303,0.9814453125,0.0672715992544586,0.9733127355575562,0.9765625,0.0138271658164613,,,
265,0,2,rotate,hard,1.0,False,0.9683240652084352,0.95458984375,0.0602964187158154,0.9683240652084352,0.95458984375,0.0602964187158154,,,
265,0,3,rotate,hard,1.0,False,0.9482865333557128,0.97314453125,0.0605341420745975,0.9482865333557128,0.97314453125,0.0605341420745975,,,
265,0,4,rotate,hard,1.0,False,0.8930776119232178,0.95654296875,0.0612775934475985,0.8930776119232178,0.95654296875,0.0612775934475985,,,
265,0,5,resize,hard,0.8568408904301068,False,0.9527755975723268,0.935546875,0.0707195505712897,0.9590737819671632,0.93505859375,0.0254002196456102,,,
265,0,6,resize,hard,0.6863182191397863,False,0.9151676297187804,0.93994140625,0.0868804276964872,0.9215508699417114,0.93994140625,0.0337413485724917,,,
265,0,7,resize,hard,0.48631821913978635,True,0.8021490573883057,0.94384765625,0.1131569559157833,0.8017692565917969,0.94091796875,0.1130515233889798,0.8018026351928711,0.94140625,0.113041095996219
266,0,1,move,hard,1.0,False,0.9735305309295654,0.94482421875,0.0267073970303651,0.982244610786438,0.94677734375,0.0051925085094205,,,
266,0,2,rotate,hard,1.0,False,0.9676278233528136,0.95458984375,0.0244009174883061,0.9676278233528136,0.95458984375,0.0244009174883061,,,
267,0,0,move,easy,1.0,False,0.9761492013931274,0.9423828125,0.0813446995557739,0.98594868183136,0.94384765625,0.0154219464015875,,,
267,0,1,move,medium,1.0,False,0.9556607604026794,0.92724609375,0.081941599759681,0.9624972343444824,0.9296875,0.0162500625830647,,,
267,0,2,move,hard,1.0,False,0.96988844871521,0.96826171875,0.0844256922824839,0.9825624227523804,0.96875,0.0181168869590547,,,
267,0,3,rotate,easy,1.0,False,0.961678683757782,0.947265625,0.0687297653851339,0.961678683757782,0.947265625,0.0687297653851339,,,
267,0,4,rotate,medium,1.0,False,0.9526578187942504,0.92431640625,0.0690835419470825,0.9526578187942504,0.92431640625,0.0690835419470825,,,
267,0,5,rotate,hard,1.0,False,0.9105291366577148,0.943359375,0.0701665759291211,0.9105291366577148,0.943359375,0.0701665759291211,,,
267,0,6,resize,easy,1.1373077706900088,False,0.9592803120613098,0.96044921875,0.0614275341521102,0.9620431661605836,0.9609375,0.0170313337281777,,,
267,0,7,resize,medium,1.3373077706900087,False,0.9435735940933228,0.9609375,0.0513833984700046,0.945898413658142,0.958984375,0.0128750269684273,,,
267,0,8,resize,easy,0.8813461146549957,False,0.9572407007217408,0.93310546875,0.075393691415077,0.9649693369865416,0.93310546875,0.0257727148538073,,,
267,0,9,resize,medium,0.6373077706900088,False,0.8812650442123413,0.9404296875,0.0959587551429948,0.89411461353302,0.939453125,0.0404735479097299,,,
267,0,10,resize,hard,0.4373077706900088,True,0.7664122581481934,0.951171875,0.1183600578002919,0.7764217853546143,0.95556640625,0.1183417910070943,0.7770143151283264,0.95556640625,0.1183209995351621
268,0,0,move,medium,1.0,False,0.9803577065467834,0.97802734375,0.0518589665586465,0.9901733994483948,0.978515625,0.0127055208418247,,,
268,0,1,move,medium,1.0,False,0.9708739519119264,0.98388671875,0.0539208991624204,0.9777762293815612,0.9833984375,0.0135917350210152,,,
268,0,2,rotate,medium,1.0,False,0.963415265083313,0.97314453125,0.0445123153621106,0.963415265083313,0.97314453125,0.0445123153621106,,,
268,0,3,rotate,hard,1.0,False,0.9247315526008606,0.962890625,0.046127322009923,0.9247315526008606,0.962890625,0.046127322009923,,,
268,0,4,rotate,hard,1.0,False,0.8283864259719849,0.98291015625,0.0478019452251109,0.8283864259719849,0.98291015625,0.0478019452251109,,,
268,0,5,resize,medium,0.814612747422771,False,0.9263482689857484,0.94091796875,0.0535733035038521,0.935615062713623,0.94140625,0.0221347797370053,,,
268,0,6,resize,medium,0.7707745051544581,False,0.925579309463501,0.93896484375,0.0555044248374299,0.9268636703491212,0.93896484375,0.0241111914948981,,,
268,0,7,resize,hard,0.5707745051544582,True,0.8345458507537842,0.93212890625,0.0693532411346939,0.8345239758491516,0.931640625,0.0695196832102839,0.8342686295509338,0.931640625,0.0694946715880356
269,0,0,move,medium,1.0,False,0.9799869656562804,0.9775390625,0.0353787240222123,0.983168125152588,0.9775390625,0.0123979909142855,,,
269,0,1,move,medium,1.0,False,0.9792689681053162,0.96875,0.0362557259258557,0.9807375073432922,0.96875,0.0121809455231183,,,
269,0,2,rotate,medium,1.0,False,0.9509780406951904,0.9716796875,0.0329671147603812,0.9509780406951904,0.9716796875,0.0329671147603812,,,
269,0,3,rotate,hard,1.0,False,0.9256003499031068,0.97705078125,0.0320967286300443,0.9256003499031068,0.97705078125,0.0320967286300443,,,
269,0,4,rotate,hard,1.0,False,0.7799534797668457,0.97607421875,0.0335979809994933,0.7799534797668457,0.97607421875,0.0335979809994933,,,
269,0,5,resize,medium,1.1403508771929824,False,0.9697639346122742,0.9765625,0.0297103727015081,0.9729386568069458,0.9765625,0.0143177214107786,,,
269,0,6,resize,medium,0.814612747422771,False,0.9359654784202576,0.9814453125,0.0361351214509197,0.935303509235382,0.9814453125,0.0199315103073525,,,
269,0,7,resize,medium,0.7707745051544581,False,0.9266552329063416,0.978515625,0.037075610019104,0.9285129904747008,0.97900390625,0.0208292171830564,,,
269,0,8,resize,hard,0.5707745051544582,True,0.8334283828735352,0.97509765625,0.0477067017283103,0.8336280584335327,0.974609375,0.0475730805142569,0.8337230682373047,0.974609375,0.0475598884242341
270,0,0,move,hard,1.0,False,0.975782036781311,0.97265625,0.0325978678495625,0.97832190990448,0.97314453125,0.0060799825641167,,,
271,0,0,move,easy,1.0,False,0.9841905832290648,0.97119140625,0.0369439563957801,0.985470712184906,0.970703125,0.0051860999278245,,,
271,0,1,move,medium,1.0,False,0.9627018570899964,0.9521484375,0.0370388442115197,0.9688923358917236,0.953125,0.0056507891886344,,,
271,0,2,move,hard,1.0,False,0.9766806364059448,0.9541015625,0.0374680593065581,0.9738317131996156,0.95458984375,0.0055798854786837,,,
271,0,3,rotate,medium,1.0,False,0.9614007472991944,0.96533203125,0.0337431437031622,0.9614007472991944,0.96533203125,0.0337431437031622,,,
271,0,4,rotate,hard,1.0,False,0.9229650497436525,0.9677734375,0.0340109770904408,0.9229650497436525,0.9677734375,0.0340109770904408,,,
271,0,5,rotate,hard,1.0,False,0.8060594201087952,0.9736328125,0.0345359039817652,0.8060594201087952,0.9736328125,0.0345359039817652,,,
271,0,6,resize,medium,0.8350077123182623,False,0.970462441444397,0.96630859375,0.0362585284947781,0.964076042175293,0.96630859375,0.009382395552671,,,
271,0,7,resize,medium,0.7299845753634755,False,0.9257928729057312,0.96533203125,0.0397730229507729,0.9343641996383668,0.96533203125,0.0115460232575156,,,
271,0,8,resize,hard,0.5299845753634755,True,0.8291710019111633,0.96484375,0.0468902795160617,0.8283904194831848,0.96435546875,0.0469981921846752,0.8286831378936768,0.96435546875,0.0469874644893418
271,1,0,move,easy,1.0,False,0.9631333947181702,0.97900390625,0.0738730643419027,0.9718446731567384,0.97900390625,0.0081205535582561,,,
271,1,1,move,medium,1.0,False,0.9667739272117616,0.9814453125,0.0777121814021613,0.9781894087791444,0.98193359375,0.0100099687974733,,,
271,1,2,move,hard,1.0,False,0.9437426924705504,0.970703125,0.0793968836684085,0.950149416923523,0.97119140625,0.0096063700098489,,,
271,1,3,resize,easy,1.1904168637058714,False,0.949619710445404,0.9794921875,0.0566077217577771,0.9555664658546448,0.97802734375,0.0109144173532193,,,
271,1,4,resize,medium,1.3904168637058714,False,0.9330523014068604,0.9638671875,0.0523548348754892,0.9369184970855712,0.958984375,0.0090654796800051,,,
272,0,0,move,easy,1.0,False,0.9737638831138612,0.97705078125,0.0366800328049483,0.9746330380439758,0.97802734375,0.0099525142113039,,,
272,0,1,move,medium,1.0,False,0.9501758813858032,0.98291015625,0.0372568740139734,0.9473339319229126,0.9833984375,0.0098379473117471,,,
272,0,2,rotate,easy,1.0,False,0.951471984386444,0.98681640625,0.0319701634135604,0.951471984386444,0.98681640625,0.0319701634135604,,,
272,0,3,rotate,medium,1.0,False,0.9158673882484436,0.984375,0.0325441063026439,0.9158673882484436,0.984375,0.0325441063026439,,,
272,0,4,rotate,hard,1.0,False,0.7418309450149536,0.974609375,0.0354646995598673,0.7418309450149536,0.974609375,0.0354646995598673,,,
272,0,5,resize,easy,1.1904168637058714,False,0.9662755727767944,0.9833984375,0.028775514871184,0.964918613433838,0.9833984375,0.0103437910043414,,,
272,0,6,resize,medium,1.374025974025974,False,0.9417754411697388,0.9892578125,0.0268455538086692,0.9400601387023926,0.9892578125,0.008429499341718,,,
272,0,7,resize,easy,0.8547915681470644,False,0.9523620009422302,0.9775390625,0.0353405762409978,0.9584510326385498,0.9775390625,0.0139921445081051,,,
272,0,8,resize,medium,0.6904168637058714,False,0.9034738540649414,0.97509765625,0.0420260354656653,0.9063054323196412,0.97509765625,0.0193805572050526,,,
272,0,9,resize,hard,0.49041686370587134,True,0.790768027305603,0.9736328125,0.0540385749836894,0.7929420471191406,0.9736328125,0.0533970910539948,0.7929829359054565,0.9736328125,0.0533810734893678
273,0,0,move,hard,1.0,False,0.9608602523803712,0.98193359375,0.0245073921441108,0.9761268496513368,0.9833984375,0.0030808531913791,,,
273,0,1,move,hard,1.0,False,0.9546124935150146,0.9755859375,0.0254575030951144,0.978417158126831,0.9755859375,0.0031911727589766,,,
273,0,2,move,hard,1.0,False,0.9497246742248536,0.9716796875,0.0264268713036738,0.9584418535232544,0.97265625,0.0032868060495387,,,
273,0,3,rotate,hard,1.0,False,0.9172685146331788,0.978515625,0.0195996363993619,0.9172685146331788,0.978515625,0.0195996363993619,,,
273,0,4,rotate,hard,1.0,False,0.858556866645813,0.9794921875,0.0201988424523244,0.858556866645813,0.9794921875,0.0201988424523244,,,
274,0,0,move,easy,1.0,False,0.9556537866592408,0.958984375,0.0279274410281609,0.9685750007629396,0.95751953125,0.0031320509172509,,,
274,0,1,move,medium,1.0,False,0.9580073356628418,0.95068359375,0.0278267891083248,0.9757193326950072,0.953125,0.0040110413286365,,,
274,0,2,move,hard,1.0,False,0.9364834427833556,0.95556640625,0.0302336320366023,0.9569026231765748,0.95556640625,0.0043803840158986,,,
274,0,3,rotate,easy,1.0,False,0.8158121109008789,0.95361328125,0.0248979859715009,0.8158121109008789,0.95361328125,0.0248979859715009,,,
274,0,4,rotate,medium,1.0,False,0.6971625685691833,0.94775390625,0.0251730496213544,0.6971625685691833,0.94775390625,0.0251730496213544,,,
274,0,5,rotate,hard,1.0,False,0.6018350124359131,0.9521484375,0.0263081290350719,0.6018350124359131,0.9521484375,0.0263081290350719,,,
274,0,6,resize,easy,1.253724471256745,False,0.8798773288726807,0.96923828125,0.0205286104945589,0.9283496737480164,0.9697265625,0.0042561162465693,,,
274,0,7,resize,medium,1.453724471256745,False,0.8692545890808105,0.9697265625,0.0196696163756579,0.9249948859214784,0.96923828125,0.0035056865656843,,,
274,0,8,resize,hard,2.5964912280701755,True,0.7243733406066895,0.98193359375,0.0160022558093439,0.7246590852737427,0.98095703125,0.0160113247193781,0.7246863842010498,0.98095703125,0.0160020458201101
274,0,9,resize,easy,0.8231377643716276,False,0.9158706665039062,0.966796875,0.0261400765936729,0.929918646812439,0.966796875,0.0068775449796401,,,
274,0,10,resize,medium,0.753724471256745,False,0.8784257173538208,0.95947265625,0.0270174025231031,0.8978085517883301,0.95947265625,0.0075917678583018,,,
274,0,11,resize,hard,0.5537244712567451,True,0.7698698043823242,0.96630859375,0.0303250067150147,0.7647552490234375,0.96435546875,0.0301717908849822,0.7654153108596802,0.96337890625,0.0301050820997252
275,0,0,move,medium,1.0,False,0.9808712005615234,0.9775390625,0.0360187761748839,0.9867594242095948,0.97802734375,0.0040042269204794,,,
275,0,1,move,medium,1.0,False,0.9772899746894836,0.9775390625,0.0364192090375779,0.9824178218841552,0.978515625,0.0040499802980057,,,
275,0,2,rotate,medium,1.0,False,0.9709957242012024,0.97998046875,0.0309548056864408,0.9709957242012024,0.97998046875,0.0309548056864408,,,
275,0,3,rotate,hard,1.0,False,0.9313161373138428,0.982421875,0.0319531589324291,0.9313161373138428,0.982421875,0.0319531589324291,,,
275,0,4,rotate,hard,1.0,False,0.8429977893829346,0.98583984375,0.032191338552648,0.8429977893829346,0.98583984375,0.032191338552648,,,
275,0,5,resize,medium,1.134087229559002,False,0.9757368564605712,0.98681640625,0.0281448804943548,0.9774844646453856,0.98779296875,0.0054600958584577,,,
275,0,6,resize,medium,0.882956385220499,False,0.9715341329574584,0.9833984375,0.0348827524316629,0.9719308018684388,0.9833984375,0.007057727400592,,,
275,0,7,resize,hard,0.634087229559002,False,0.92266047000885,0.9814453125,0.0455692715932707,0.9214485883712769,0.9814453125,0.0110327621540739,,,
275,0,8,resize,hard,0.43408722955900203,True,0.727463960647583,0.978515625,0.0629531126187538,0.7263497114181519,0.97900390625,0.0626549789632139,0.7262190580368042,0.97900390625,0.062628128416597
276,0,0,move,easy,1.0,False,0.9468402862548828,0.984375,0.0548619346682637,0.9518896341323853,0.984375,0.0110999817372589,,,
276,0,1,move,easy,1.0,False,0.9472836256027222,0.97705078125,0.0556925756508454,0.961113214492798,0.97705078125,0.0116153675186747,,,
276,0,2,move,medium,1.0,False,0.9250327348709106,0.98388671875,0.054669862150981,0.9529049396514891,0.984375,0.0107063255464043,,,
276,0,3,rotate,easy,1.0,False,0.9318192005157472,0.97314453125,0.0495700938283347,0.9318192005157472,0.97314453125,0.0495700938283347,,,
276,0,4,rotate,easy,1.0,False,0.9138888716697692,0.93603515625,0.0457566540175106,0.9138888716697692,0.93603515625,0.0457566540175106,,,
276,0,5,rotate,hard,1.0,False,0.911547064781189,0.98046875,0.0486685359675283,0.911547064781189,0.98046875,0.0486685359675283,,,
276,0,6,resize,easy,0.882956385220499,False,0.9394651651382446,0.98046875,0.0478503576149645,0.9366470575332642,0.98046875,0.0175649208867515,,,
276,0,7,resize,medium,0.634087229559002,False,0.8472046852111816,0.97705078125,0.0518717249432754,0.8236969709396362,0.97705078125,0.0244033350660698,,,
276,0,8,resize,hard,0.43408722955900203,True,0.7440148591995239,0.97900390625,0.0567845101898336,0.7491503357887268,0.9794921875,0.056665228267009,0.7493273615837097,0.97900390625,0.0566711923631503
276,1,0,move,easy,1.0,False,0.9563019871711732,0.99072265625,0.0592361312986082,0.9715001583099364,0.99072265625,0.0089150431554127,,,
276,1,1,move,medium,1.0,False,0.953218400478363,0.98876953125,0.0589317431259935,0.9622185230255128,0.98828125,0.0085803104466041,,,
276,1,2,move,hard,1.0,False,0.9474399089813232,0.98779296875,0.0591594842825603,0.9651652574539183,0.98779296875,0.0085821611490417,,,
276,1,3,rotate,easy,1.0,False,0.8767736554145813,0.986328125,0.0485285753049399,0.8767736554145813,0.986328125,0.0485285753049399,,,
276,1,4,resize,easy,0.8770843762638056,False,0.9516780376434326,0.98974609375,0.0513669810164618,0.964816689491272,0.98974609375,0.0152753114785811,,,
276,1,5,resize,medium,0.6458312474723886,False,0.8459063768386841,0.98876953125,0.0617729050999133,0.8655095100402832,0.98876953125,0.0233519572703633,,,
276,1,6,resize,hard,0.44583124747238867,True,0.7916228771209717,0.98876953125,0.066681150277937,0.7927911281585693,0.9892578125,0.0665410257014299,0.7932088375091553,0.9892578125,0.0665647578837524
277,0,0,move,medium,1.0,False,0.97445410490036,0.94873046875,0.0503203362157831,0.9752665758132936,0.9462890625,0.0159909435183057,,,
277,0,1,rotate,medium,1.0,False,0.9767732620239258,0.97802734375,0.0475395577367271,0.9767732620239258,0.97802734375,0.0475395577367271,,,
277,0,2,rotate,medium,1.0,False,0.9561688303947448,0.97119140625,0.0487652990737089,0.9561688303947448,0.97119140625,0.0487652990737089,,,
277,0,3,rotate,hard,1.0,False,0.8765162229537964,0.97119140625,0.0488263461628886,0.8765162229537964,0.97119140625,0.0488263461628886,,,
277,0,4,resize,easy,1.1458312474723888,False,0.9768536686897278,0.9736328125,0.0434205872192723,0.9773712158203124,0.9736328125,0.0209399854863868,,,
277,0,5,resize,medium,1.3458312474723888,False,0.965296983718872,0.95361328125,0.0370985474411523,0.9677194356918336,0.95458984375,0.0152172109509079,,,
277,0,6,resize,easy,0.8770843762638056,False,0.96921569108963,0.98193359375,0.0516728243790453,0.9696256518363952,0.9814453125,0.0243277028580866,,,
277,0,7,resize,hard,0.6458312474723886,False,0.9078998565673828,0.97216796875,0.0709358310898637,0.90892094373703,0.97216796875,0.0401929140438762,,,
277,0,8,resize,hard,0.44583124747238867,True,0.7549047470092773,0.974609375,0.1014969355284294,0.7558101415634155,0.97607421875,0.1017548945710365,0.7560397982597351,0.9755859375,0.1017014610099852
278,1,0,move,medium,1.0,False,0.937652051448822,0.9921875,0.0357980479087745,0.9470877647399902,0.9921875,0.0111055547041706,,,
278,1,1,resize,easy,0.8689911478964899,False,0.95076584815979,0.99267578125,0.0282940782774196,0.9476832747459412,0.99267578125,0.0152416913902124,,,
278,1,2,resize,medium,0.6620177042070202,False,0.9019999504089355,0.994140625,0.033911898614101,0.8918418884277344,0.994140625,0.0216833183069912,,,
278,1,3,resize,hard,0.4620177042070202,True,0.8386940360069275,0.99462890625,0.0560770004503196,0.8399142622947693,0.99462890625,0.0558354271092424,0.8398292064666748,0.99462890625,0.0557394711479784
278,2,0,move,easy,1.0,False,0.9667840003967284,0.99365234375,0.0695307422084221,0.9738771915435792,0.9931640625,0.0239022409780476,,,
278,2,1,rotate,easy,1.0,False,0.9460254907608032,0.994140625,0.0566399200271663,0.9460254907608032,0.994140625,0.0566399200271663,,,
278,2,2,rotate,easy,1.0,False,0.9235443472862244,0.994140625,0.0534450406996569,0.9235443472862244,0.994140625,0.0534450406996569,,,
278,2,3,rotate,hard,1.0,False,0.860397458076477,0.9951171875,0.063012867825858,0.860397458076477,0.9951171875,0.063012867825858,,,
278,2,4,resize,easy,1.1620177042070203,False,0.9514178037643432,0.994140625,0.0474120644940509,0.9558919668197632,0.994140625,0.0277230522960662,,,
278,2,5,resize,easy,1.3620177042070203,False,0.9422675371170044,0.99560546875,0.0452872129620054,0.9419046640396118,0.99560546875,0.0225892882324737,,,
278,2,6,resize,medium,1.9651327815526516,True,0.8103774189949036,0.994140625,0.0365478676667057,0.810292661190033,0.994140625,0.0365854882795566,0.8101987838745117,0.994140625,0.036606782966076
278,2,7,resize,easy,0.8689911478964899,False,0.9619640111923218,0.994140625,0.0546014978004504,0.960760533809662,0.994140625,0.0382656413806248,,,
278,2,8,resize,easy,0.6620177042070202,False,0.8818058967590332,0.99462890625,0.0658033460215306,0.8780504465103149,0.99462890625,0.0548592307725847,,,
278,2,9,resize,hard,0.4620177042070202,True,0.7953087091445923,0.994140625,0.0664345155184113,0.7943582534790039,0.99462890625,0.0664648737454909,0.7944382429122925,0.99462890625,0.0664416586306653
279,0,0,move,easy,1.0,False,0.9651831388473512,0.984375,0.0949875561137859,0.97166645526886,0.984375,0.0673917016391372,,,
279,0,1,move,easy,1.0,False,0.9429510831832886,0.98828125,0.0871829633395469,0.9430947303771972,0.98828125,0.0658618844928244,,,
279,0,2,move,hard,1.0,False,0.9772024154663086,0.99072265625,0.1044987389973782,0.9782764911651612,0.99072265625,0.0787251080740718,,,
279,0,3,rotate,easy,1.0,False,0.899328351020813,0.98388671875,0.0929381179396139,0.899328351020813,0.98388671875,0.0929381179396139,,,
279,0,4,rotate,easy,1.0,False,0.7592225074768066,0.98779296875,0.0844082331055202,0.7592225074768066,0.98779296875,0.0844082331055202,,,
279,0,5,rotate,medium,1.0,False,0.6392278671264648,0.98828125,0.1113766651065369,0.6392278671264648,0.98828125,0.1113766651065369,,,
279,0,6,resize,easy,0.8876718769097962,False,0.9699641466140748,0.98486328125,0.0842623778317363,0.9699641466140748,0.98486328125,0.0842623778317363,,,
279,0,7,resize,medium,0.6246562461804076,False,0.8683254718780518,0.98681640625,0.1159843137254901,0.8683254718780518,0.98681640625,0.1159843137254901,,,
279,0,8,resize,hard,0.4246562461804076,True,0.801666259765625,0.9892578125,0.138048028200044,0.8014500141143799,0.990234375,0.1392781082470441,0.8013188242912292,0.990234375,0.1392377175589336
280,0,0,move,easy,1.0,False,0.9243125319480896,0.97900390625,0.0910560909863003,0.9390405416488647,0.978515625,0.0214179683172704,,,
280,0,1,move,medium,1.0,False,0.9046108722686768,0.984375,0.0915686274509804,0.9124412536621094,0.98486328125,0.022613917506739,,,
280,0,2,move,medium,1.0,False,0.9283595681190492,0.9873046875,0.0935676304420073,0.944294571876526,0.9853515625,0.0228056571027657,,,
280,0,3,rotate,easy,1.0,False,0.8941724300384521,0.98779296875,0.0780672176552784,0.8941724300384521,0.98779296875,0.0780672176552784,,,
280,0,4,rotate,medium,1.0,False,0.8161436915397644,0.97900390625,0.0762888597089019,0.8161436915397644,0.97900390625,0.0762888597089019,,,
280,0,5,rotate,hard,1.0,False,0.6860026717185974,0.97900390625,0.082518023916235,0.6860026717185974,0.97900390625,0.082518023916235,,,
280,0,6,resize,easy,1.218394305359625,False,0.9227055311203004,0.98486328125,0.0668623626606819,0.9229183197021484,0.9853515625,0.0250438636993258,,,
280,0,7,resize,easy,1.4183943053596249,False,0.8855589628219604,0.97802734375,0.0615154956331426,0.9031037092208862,0.9765625,0.0206323053381876,,,
280,0,8,resize,hard,2.2167487684729066,True,0.7623668909072876,0.9716796875,0.0481413072899351,0.7622073292732239,0.97216796875,0.0481729309750327,0.7623285055160522,0.97216796875,0.0481454002210954
280,0,9,resize,easy,0.8408028473201876,False,0.9178669452667236,0.9765625,0.0845150073481262,0.9221292734146118,0.9765625,0.0391406054647077,,,
280,0,10,resize,easy,0.7183943053596249,False,0.8667442798614502,0.97119140625,0.0925398012150056,0.8690701723098755,0.97119140625,0.0491188484869598,,,
280,0,11,resize,hard,0.5183943053596248,True,0.7568516731262207,0.97216796875,0.1094011028661836,0.7579047679901123,0.9716796875,0.1091371280569225,0.757704496383667,0.9716796875,0.1091398706523434
281,0,0,move,medium,1.0,False,0.9739547967910768,0.953125,0.1451805639250253,0.991997003555298,0.95263671875,0.013257224638267,,,
281,0,1,rotate,medium,1.0,False,0.9356544017791748,0.9521484375,0.1316045604478411,0.9356544017791748,0.9521484375,0.1316045604478411,,,
281,0,2,rotate,hard,1.0,False,0.9200373888015748,0.96337890625,0.1312953897592956,0.9200373888015748,0.96337890625,0.1312953897592956,,,
281,0,3,rotate,hard,1.0,False,0.8851282000541687,0.95654296875,0.132464700444998,0.8851282000541687,0.95654296875,0.132464700444998,,,
281,0,4,resize,medium,1.1280677341642331,False,0.9355803728103638,0.9677734375,0.1147560707559899,0.9583653807640076,0.96923828125,0.0176613506940734,,,
281,0,5,resize,hard,1.328067734164233,False,0.925780951976776,0.9677734375,0.095675315854749,0.9340811371803284,0.966796875,0.0132739787907075,,,
281,0,6,resize,medium,0.8859661329178835,False,0.9317543506622314,0.93896484375,0.1434894232607132,0.9491424560546876,0.939453125,0.0286303819515042,,,
281,0,7,resize,hard,0.628067734164233,False,0.8058395385742188,0.9296875,0.1836096612905753,0.8494143486022949,0.927734375,0.0452961160483377,,,
281,0,8,resize,hard,0.42806773416423305,True,0.6874140501022339,0.931640625,0.2160905268456999,0.7083036303520203,0.93212890625,0.2187877666789986,0.7067462801933289,0.93212890625,0.2185175612417794
282,0,1,move,hard,1.0,False,0.9497772455215454,0.93896484375,0.0340921688403453,0.967172145843506,0.93896484375,0.0023524257825518,,,
282,0,2,rotate,hard,1.0,False,0.9611246585845948,0.96484375,0.0290062739448907,0.9611246585845948,0.96484375,0.0290062739448907,,,
283,0,0,move,medium,1.0,False,0.9617841243743896,0.9638671875,0.0510985949510271,0.9783779978752136,0.966796875,0.0114180061158024,,,
283,0,1,move,hard,1.0,False,0.97163724899292,0.9765625,0.0500480865171569,0.9765197038650512,0.97607421875,0.0111350211056342,,,
283,0,2,move,hard,1.0,False,0.9722052812576294,0.978515625,0.0522837824622758,0.9811294078826904,0.978515625,0.0123346495945235,,,
283,0,3,rotate,medium,1.0,False,0.9645982980728148,0.98828125,0.044038929369641,0.9645982980728148,0.98828125,0.044038929369641,,,
283,0,4,rotate,medium,1.0,False,0.9531512260437012,0.9873046875,0.0439667437026701,0.9531512260437012,0.9873046875,0.0439667437026701,,,
283,0,5,rotate,hard,1.0,False,0.9425324201583862,0.96923828125,0.0454302260343737,0.9425324201583862,0.96923828125,0.0454302260343737,,,
283,0,6,resize,medium,0.8859661329178835,False,0.9577353000640868,0.97021484375,0.0462500601978936,0.9685702919960022,0.96923828125,0.0167010813393938,,,
283,0,7,resize,hard,0.628067734164233,False,0.913801908493042,0.97607421875,0.0579256925898027,0.9175658226013184,0.97607421875,0.0248691963673198,,,
283,0,8,resize,hard,0.42806773416423305,True,0.8192919492721558,0.96728515625,0.0685914011355437,0.8207802772521973,0.9677734375,0.0686436549370077,0.8212536573410034,0.96728515625,0.0686374267061262
284,0,0,move,easy,1.0,False,0.978069305419922,0.97705078125,0.0372176739277517,0.9831392765045166,0.97705078125,0.0125896143499499,,,
284,0,1,rotate,medium,1.0,False,0.9701269865036012,0.98095703125,0.0334516611290035,0.9701269865036012,0.98095703125,0.0334516611290035,,,
284,0,2,rotate,medium,1.0,False,0.9580552577972412,0.98193359375,0.0340622526239362,0.9580552577972412,0.98193359375,0.0340622526239362,,,
284,0,3,rotate,hard,1.0,False,0.915079653263092,0.9853515625,0.0347551508529108,0.915079653263092,0.9853515625,0.0347551508529108,,,
284,0,4,resize,easy,1.2662635816479733,False,0.9755165576934814,0.98291015625,0.0273886275783988,0.9750568866729736,0.982421875,0.0112380362850629,,,
284,0,5,resize,easy,0.8168682091760134,False,0.9626023769378662,0.98193359375,0.0363817680615699,0.969970405101776,0.98193359375,0.0200719616650907,,,
284,0,6,resize,medium,0.7662635816479734,False,0.9473182559013368,0.97900390625,0.0403146519101207,0.9528957009315492,0.97900390625,0.0232237483336159,,,
284,0,7,resize,hard,0.5662635816479733,True,0.9066072702407836,0.9794921875,0.0547443320684737,0.904942750930786,0.982421875,0.0546603776437329,0.9053399562835692,0.98193359375,0.0546541289350487
285,0,2,rotate,hard,1.0,False,0.982315480709076,0.88623046875,0.0374813460384483,0.982315480709076,0.88623046875,0.0374813460384483,,,
285,0,3,rotate,hard,1.0,False,0.9758155345916748,0.9560546875,0.0385202241114078,0.9758155345916748,0.9560546875,0.0385202241114078,,,
285,0,5,resize,hard,1.2178217821782178,False,0.9819737672805786,0.9921875,0.0320676671668355,0.9868000745773317,0.9921875,0.0041733834006384,,,
286,0,0,move,hard,1.0,False,0.9714633226394652,0.9375,0.0465283185268596,0.9785178899765016,0.93310546875,0.0066106957193257,,,
286,0,1,move,medium,1.0,False,0.9732558727264404,0.9755859375,0.0462804986502581,0.9789530038833618,0.974609375,0.0065665191326272,,,
286,0,2,rotate,medium,1.0,False,0.9708390831947328,0.9619140625,0.0407568831515925,0.9708390831947328,0.9619140625,0.0407568831515925,,,
286,0,3,rotate,hard,1.0,False,0.9562352895736694,0.966796875,0.0408250222951618,0.9562352895736694,0.966796875,0.0408250222951618,,,
286,0,4,rotate,hard,1.0,False,0.9302387237548828,0.955078125,0.0424527808777652,0.9302387237548828,0.955078125,0.0424527808777652,,,
286,0,5,resize,medium,0.8382066537037672,False,0.956056833267212,0.958984375,0.0475157197517058,0.9630016088485718,0.95947265625,0.0122383292613804,,,
286,0,6,resize,hard,0.7235866925924656,False,0.9418874979019164,0.955078125,0.0542562132659114,0.9509228467941284,0.95458984375,0.0159606365826642,,,
286,0,7,resize,hard,0.5235866925924655,True,0.8647779226303101,0.95849609375,0.0680844957083906,0.8646378517150879,0.95849609375,0.0679013682613721,0.8648158311843872,0.95849609375,0.0678943248980253
287,0,0,rotate,medium,1.0,False,0.964031457901001,0.984375,0.0593756479877861,0.964031457901001,0.984375,0.0593756479877861,,,
287,0,1,rotate,hard,1.0,False,0.928752303123474,0.97705078125,0.059092107806042,0.928752303123474,0.97705078125,0.059092107806042,,,
287,0,2,rotate,hard,1.0,False,0.879479169845581,0.96435546875,0.0582918637994895,0.879479169845581,0.96435546875,0.0582918637994895,,,
287,0,3,resize,medium,1.1419068736141906,False,0.9654178619384766,0.9873046875,0.0516185440169508,0.9717346429824828,0.98779296875,0.0149166957190839,,,
287,0,4,resize,medium,0.8200302384160403,False,0.9622178077697754,0.96923828125,0.067877284765821,0.9697447419166564,0.96875,0.0245958082152253,,,
287,0,5,resize,medium,0.7599395231679195,False,0.9487541913986206,0.9697265625,0.0720717034273365,0.95657217502594,0.9697265625,0.0271695835638799,,,
287,0,6,resize,hard,0.5599395231679194,True,0.9069193601608276,0.96337890625,0.0861288731004539,0.9087767601013184,0.9638671875,0.0863781214084212,0.908818781375885,0.9638671875,0.0863782374998548
288,0,0,move,hard,1.0,False,0.9846389889717102,0.96630859375,0.0599290927869644,0.9929404854774476,0.966796875,0.0047437808787732,,,
288,0,1,move,hard,1.0,False,0.9781554937362672,0.96630859375,0.0605821981190511,0.984423279762268,0.96875,0.0049463745420613,,,
288,0,2,rotate,hard,1.0,False,0.971180021762848,0.96533203125,0.0485041487366892,0.971180021762848,0.96533203125,0.0485041487366892,,,
288,0,3,rotate,hard,1.0,False,0.9684602618217468,0.96630859375,0.0489573021192245,0.9684602618217468,0.96630859375,0.0489573021192245,,,
288,0,4,rotate,hard,1.0,False,0.9186171293258668,0.95068359375,0.0485070839656334,0.9186171293258668,0.95068359375,0.0485070839656334,,,
288,0,5,resize,medium,1.1041666666666667,False,0.9787889122962952,0.9775390625,0.0455637210868681,0.9827569723129272,0.97802734375,0.0056583538880681,,,
288,0,6,resize,hard,0.8200302384160403,False,0.9647822976112366,0.9541015625,0.0554223488117843,0.9706588983535768,0.95361328125,0.0086067363247733,,,
288,0,7,resize,hard,0.7599395231679195,False,0.9541617631912231,0.96142578125,0.0578522840549848,0.9570131301879884,0.96142578125,0.0100571849863231,,,
288,0,8,resize,hard,0.5599395231679194,True,0.8722213506698608,0.9658203125,0.0668978105037959,0.8741669654846191,0.96484375,0.066700278349013,0.8741937875747681,0.96533203125,0.0666964307914226
289,0,0,move,hard,1.0,False,0.9775254130363464,0.98193359375,0.0205553616579369,0.9854918122291564,0.98193359375,0.0017616315260592,,,
290,0,0,rotate,hard,1.0,False,0.9599380493164062,0.96630859375,0.0316120800495268,0.9599380493164062,0.96630859375,0.0316120800495268,,,
291,0,3,rotate,easy,1.0,False,0.933146595954895,0.99169921875,0.0420977871626021,0.933146595954895,0.99169921875,0.0420977871626021,,,
291,0,4,rotate,easy,1.0,False,0.9126945734024048,0.99462890625,0.0412205093744252,0.9126945734024048,0.99462890625,0.0412205093744252,,,
291,0,6,resize,easy,1.1060484305234208,False,0.9214876294136048,0.98779296875,0.0405885334189126,0.9378169775009156,0.98779296875,0.0226733025738691,,,
291,0,7,resize,easy,1.3060484305234208,False,0.881415843963623,0.98828125,0.0393698138984439,0.9031513929367064,0.98974609375,0.0218647890968628,,,
292,0,0,move,easy,1.0,False,0.9639623165130616,0.95947265625,0.0564157058937852,0.9805066585540771,0.95263671875,0.0080043324670611,,,
292,0,1,move,hard,1.0,False,0.9318312406539916,0.9755859375,0.0561523208090811,0.9467463493347168,0.97509765625,0.0079267035671309,,,
292,0,2,rotate,easy,1.0,False,0.9420884251594543,0.97412109375,0.0482550555460601,0.9420884251594543,0.97412109375,0.0482550555460601,,,
292,0,3,rotate,medium,1.0,False,0.9274262189865112,0.978515625,0.0484997376954261,0.9274262189865112,0.978515625,0.0484997376954261,,,
292,0,4,rotate,hard,1.0,False,0.8222147226333618,0.978515625,0.0483165731695807,0.8222147226333618,0.978515625,0.0483165731695807,,,
292,0,5,resize,easy,0.8969757847382896,False,0.9289205074310304,0.9697265625,0.050630028421338,0.9391125440597534,0.9697265625,0.012699222516173,,,
292,0,6,resize,medium,0.6060484305234206,False,0.8419418931007385,0.96435546875,0.0644418919679392,0.8382718563079834,0.96435546875,0.022718447772713,,,
292,0,7,resize,hard,0.4060484305234207,True,0.6821168661117554,0.9599609375,0.083494405367797,0.6813473701477051,0.95947265625,0.0838482816927308,0.6811890006065369,0.9599609375,0.0838529910734809
293,0,0,move,easy,1.0,False,0.978284239768982,0.98486328125,0.0437326931266837,0.984608232975006,0.9853515625,0.0158055560099035,,,
293,0,1,move,medium,1.0,False,0.9593013525009156,0.9775390625,0.0437778250299718,0.9612337350845336,0.97802734375,0.0155558463382881,,,
293,0,2,move,hard,1.0,False,0.9703737497329712,0.9873046875,0.0432479340795545,0.9738448858261108,0.98779296875,0.0156664649361459,,,
293,0,3,rotate,easy,1.0,False,0.960864007472992,0.97802734375,0.0372352135465982,0.960864007472992,0.97802734375,0.0372352135465982,,,
293,0,4,rotate,medium,1.0,False,0.9471173286437988,0.9853515625,0.0380077101245598,0.9471173286437988,0.9853515625,0.0380077101245598,,,
293,0,5,rotate,hard,1.0,False,0.8773358464241028,0.98046875,0.0375496508882887,0.8773358464241028,0.98046875,0.0375496508882887,,,
293,0,6,resize,easy,0.8654274603764592,False,0.951210618019104,0.986328125,0.0413192273200998,0.9546597003936768,0.986328125,0.0261307835866114,,,
293,0,7,resize,medium,0.6691450792470816,False,0.9116082787513732,0.9833984375,0.0503592434313691,0.9161378741264344,0.98388671875,0.0365106750199993,,,
293,0,8,resize,hard,0.4691450792470816,True,0.7334250211715698,0.982421875,0.0575832411032371,0.7326180934906006,0.982421875,0.0582211429924398,0.7327605485916138,0.98193359375,0.0582599622269576
294,0,1,rotate,hard,1.0,False,0.9535636901855468,0.982421875,0.0255562599096735,0.9535636901855468,0.982421875,0.0255562599096735,,,
294,0,2,rotate,hard,1.0,False,0.8876516819000244,0.97216796875,0.0255425918832035,0.8876516819000244,0.97216796875,0.0255425918832035,,,
295,0,1,move,medium,1.0,False,0.9874074459075928,0.97265625,0.0370456279437425,0.9917409420013428,0.97265625,0.0085041981197907,,,
295,0,2,move,hard,1.0,False,0.966576874256134,0.9833984375,0.0367553085983414,0.9656016230583192,0.9833984375,0.0084455040418609,,,
295,0,3,rotate,easy,1.0,False,0.9603711366653442,0.97021484375,0.0328254966044467,0.9603711366653442,0.97021484375,0.0328254966044467,,,
295,0,4,rotate,medium,1.0,False,0.9520079493522644,0.97412109375,0.0326485403270202,0.9520079493522644,0.97412109375,0.0326485403270202,,,
296,0,0,move,easy,1.0,False,0.9781845808029176,0.9755859375,0.042971751455453,0.9834476113319396,0.9755859375,0.0051413527199129,,,
296,0,1,move,medium,1.0,False,0.9894190430641174,0.9677734375,0.0426356254629929,0.9965230226516724,0.96826171875,0.0048723250061238,,,
296,0,2,move,hard,1.0,False,0.9657192230224608,0.9794921875,0.0429292756220446,0.973864495754242,0.9794921875,0.0050258979894631,,,
296,0,3,rotate,easy,1.0,False,0.9835604429244996,0.97509765625,0.0367857883906289,0.9835604429244996,0.97509765625,0.0367857883906289,,,
296,0,4,rotate,medium,1.0,False,0.9642994403839112,0.974609375,0.0375016153221581,0.9642994403839112,0.974609375,0.0375016153221581,,,
296,0,5,rotate,hard,1.0,False,0.9318286180496216,0.978515625,0.0375141185567391,0.9318286180496216,0.978515625,0.0375141185567391,,,
296,0,6,resize,easy,1.239978022748403,False,0.967529594898224,0.9765625,0.0333930011827634,0.976153552532196,0.9765625,0.0059834319565702,,,
296,0,7,resize,medium,1.439978022748403,False,0.9575462937355042,0.974609375,0.0317480645507528,0.962055802345276,0.97509765625,0.0052221122381673,,,
296,0,8,resize,easy,0.8300109886257986,False,0.9691888093948364,0.97607421875,0.0383260873771112,0.9754077196121216,0.97607421875,0.0090125016160985,,,
296,0,9,resize,medium,0.7399780227484029,False,0.9504823088645936,0.9755859375,0.0404170881162056,0.9430722594261168,0.9755859375,0.0110483189963159,,,
296,0,10,resize,hard,0.5399780227484028,True,0.7691894769668579,0.9765625,0.0481062287320609,0.7744337320327759,0.97998046875,0.0480316730923764,0.7746277451515198,0.97998046875,0.0480294973441366
296,1,0,move,easy,1.0,False,0.939683735370636,0.97265625,0.0705612897820034,0.958738088607788,0.97216796875,0.0075139590671832,,,
296,1,1,move,easy,1.0,False,0.9735732078552246,0.96630859375,0.0719738252033555,0.9862617254257202,0.9658203125,0.0084355694048105,,,
296,1,2,move,medium,1.0,False,0.944683074951172,0.98046875,0.0706695885937063,0.9676617383956908,0.9814453125,0.0075967150098683,,,
296,1,3,rotate,easy,1.0,False,0.8874703049659729,0.9794921875,0.0633419932979404,0.8874703049659729,0.9794921875,0.0633419932979404,,,
296,1,4,rotate,medium,1.0,False,0.8460592031478882,0.978515625,0.0636936538889571,0.8460592031478882,0.978515625,0.0636936538889571,,,
296,1,5,rotate,hard,1.0,False,0.7680400609970093,0.96875,0.0643658212179405,0.7680400609970093,0.96875,0.0643658212179405,,,
296,1,6,resize,easy,1.239978022748403,False,0.951055645942688,0.97119140625,0.0519297235713857,0.9573336839675904,0.97021484375,0.0100747136775199,,,
296,1,7,resize,medium,1.439978022748403,False,0.9265854358673096,0.97607421875,0.047869598927168,0.91973614692688,0.97705078125,0.0085341204276322,,,
296,1,8,resize,easy,0.8300109886257986,False,0.9272948503494264,0.9755859375,0.0732189126983744,0.9381504058837892,0.9755859375,0.0225621279600348,,,
296,1,9,resize,easy,0.7399780227484029,False,0.8833135366439819,0.97509765625,0.0743379718564394,0.8870952129364014,0.97509765625,0.022970014900641,,,
296,1,10,resize,hard,0.5399780227484028,True,0.7890260219573975,0.9755859375,0.0912144702842377,0.7929784655570984,0.97509765625,0.090913006029285,0.7923328280448914,0.9755859375,0.0908256067284795
297,0,0,move,easy,1.0,False,0.9491027593612672,0.8994140625,0.0543286772368319,0.9584113955497742,0.90625,0.0068769150540013,,,
297,0,1,rotate,easy,1.0,False,0.9550145864486694,0.95751953125,0.0497797585162969,0.9550145864486694,0.95751953125,0.0497797585162969,,,
297,0,2,rotate,easy,1.0,False,0.919758915901184,0.92626953125,0.0503702248697398,0.919758915901184,0.92626953125,0.0503702248697398,,,
297,0,3,rotate,medium,1.0,False,0.9031033515930176,0.9345703125,0.0498356444579738,0.9031033515930176,0.9345703125,0.0498356444579738,,,
297,0,4,resize,easy,0.898077761962572,False,0.9108707904815674,0.943359375,0.055357955856838,0.9126617908477784,0.943359375,0.0163428678007673,,,
297,0,5,resize,medium,0.6038444760748559,False,0.6158134937286377,0.9228515625,0.0798730631273193,0.6519073247909546,0.9228515625,0.0324882022769104,,,
297,0,6,resize,hard,0.403844476074856,True,0.4943104386329651,0.93701171875,0.1059952527663858,0.4823896884918213,0.9443359375,0.1109429855882692,0.4824804365634918,0.94287109375,0.11049274652629
297,1,0,move,easy,1.0,False,0.943644106388092,0.94921875,0.0774240044276417,0.957271933555603,0.94921875,0.0154155194416074,,,
297,1,1,move,easy,1.0,False,0.9535718560218812,0.9462890625,0.0793535324577592,0.9621669054031372,0.9462890625,0.0160626439630578,,,
297,1,2,resize,easy,0.898077761962572,False,0.9302074909210204,0.91796875,0.0709984091388265,0.9349603652954102,0.91796875,0.0346196864896748,,,
297,1,3,resize,medium,0.6038444760748559,False,0.832518458366394,0.90673828125,0.0955994213449064,0.8319065570831299,0.90673828125,0.065756135857675,,,
297,1,4,resize,hard,0.403844476074856,True,0.661314845085144,0.9150390625,0.1157733398632348,0.6652085781097412,0.9169921875,0.1134661079973154,0.6656084060668945,0.91748046875,0.1134467601409975
298,0,0,move,medium,1.0,False,0.978830873966217,0.9638671875,0.0216196976647269,0.9819636344909668,0.96484375,0.0041171007536755,,,
298,0,1,move,hard,1.0,False,0.9651439189910888,0.96630859375,0.0208532423308614,0.9708622694015504,0.9677734375,0.0035441963316737,,,
298,0,2,move,hard,1.0,False,0.9805705547332764,0.9228515625,0.0214993536042948,0.9831759333610536,0.923828125,0.0037766065073868,,,
298,0,3,rotate,medium,1.0,False,0.976353406906128,0.93017578125,0.0199528357130287,0.976353406906128,0.93017578125,0.0199528357130287,,,
298,0,4,rotate,hard,1.0,False,0.967203974723816,0.95166015625,0.0202069986471093,0.967203974723816,0.95166015625,0.0202069986471093,,,
298,0,5,rotate,hard,1.0,False,0.9210408926010132,0.95458984375,0.0214142473420433,0.9210408926010132,0.95458984375,0.0214142473420433,,,
298,0,6,resize,medium,1.1495327102803738,False,0.9759618043899536,0.958984375,0.0178200716055733,0.9764055013656616,0.9599609375,0.0038847971948607,,,
298,0,7,resize,medium,0.8361889531898904,False,0.9631129503250122,0.923828125,0.0228740495353969,0.9655333757400512,0.923828125,0.0063254518730987,,,
298,0,8,resize,medium,0.7276220936202193,False,0.9448121786117554,0.923828125,0.0257072700693339,0.9463618993759156,0.923828125,0.0077848183159284,,,
298,0,9,resize,hard,0.5276220936202193,True,0.8791413307189941,0.92333984375,0.0327878196680134,0.8779717683792114,0.9248046875,0.0329578325158554,0.8783007860183716,0.92529296875,0.0329118945229864
299,0,0,move,medium,1.0,False,0.9779453277587892,0.98486328125,0.0516308051098209,0.9857807755470276,0.98486328125,0.0087027659635968,,,
299,0,1,move,hard,1.0,False,0.969490885734558,0.9853515625,0.0518352257309611,0.9708003401756288,0.98583984375,0.0094348978692348,,,
299,0,2,move,hard,1.0,False,0.9792122840881348,0.98583984375,0.0509577833213118,0.9859258532524108,0.986328125,0.0080173530095183,,,
299,0,3,rotate,easy,1.0,False,0.9712616205215454,0.978515625,0.0433509525205026,0.9712616205215454,0.978515625,0.0433509525205026,,,
299,0,4,rotate,medium,1.0,False,0.9688796401023864,0.9853515625,0.0430919978469291,0.9688796401023864,0.9853515625,0.0430919978469291,,,
299,0,5,rotate,hard,1.0,False,0.8373041749000549,0.9697265625,0.0443013375319727,0.8373041749000549,0.9697265625,0.0443013375319727,,,
299,0,6,resize,easy,1.1195792781722784,False,0.9776705503463744,0.99072265625,0.0395622615385178,0.9828782677650452,0.99072265625,0.0111485403103719,,,
299,0,7,resize,medium,1.3195792781722784,False,0.9649984836578368,0.98828125,0.0355158384543818,0.9691983461380004,0.98828125,0.0093227677407992,,,
299,0,8,resize,easy,0.8902103609138609,False,0.9665248394012452,0.98193359375,0.0463701928134936,0.9738335609436036,0.982421875,0.0154945300290243,,,
299,0,9,resize,hard,0.6195792781722782,False,0.9283657670021056,0.97802734375,0.0607313400869609,0.930045485496521,0.978515625,0.0261900733887964,,,
299,0,10,resize,hard,0.41957927817227825,True,0.8024219274520874,0.978515625,0.0761662824615125,0.8003407120704651,0.9794921875,0.0761688310860836,0.8004032373428345,0.978515625,0.0761721442980259
300,0,6,resize,easy,1.1195792781722784,False,0.9215832948684692,0.9775390625,0.0583192499761875,0.92270028591156,0.9775390625,0.0230906278773364,,,
300,0,7,resize,easy,1.3195792781722784,False,0.8301644325256348,0.96533203125,0.0523567269575773,0.845521092414856,0.96484375,0.0199744929087,,,
300,0,8,resize,medium,1.6468445862920869,True,0.7176117300987244,0.98046875,0.0453587114410939,0.7117713093757629,0.98095703125,0.0460567247004191,0.7135934829711914,0.98046875,0.0459517758600224
301,0,0,move,easy,1.0,False,0.9741824865341188,0.98681640625,0.028759250865666,0.9764585494995116,0.9873046875,0.015350989358971,,,
301,0,1,move,medium,1.0,False,0.9605278968811036,0.98681640625,0.0286357790626116,0.9615047574043274,0.9873046875,0.0161444909981783,,,
301,0,2,move,medium,1.0,False,0.9807635545730592,0.9794921875,0.0289011476293831,0.9817475080490112,0.97900390625,0.0159469754198741,,,
301,0,3,rotate,easy,1.0,False,0.960058569908142,0.98779296875,0.0276498150940448,0.960058569908142,0.98779296875,0.0276498150940448,,,
301,0,4,rotate,medium,1.0,False,0.9280580282211304,0.99072265625,0.0299686562603779,0.9280580282211304,0.99072265625,0.0299686562603779,,,
301,0,5,rotate,hard,1.0,False,0.8460860848426819,0.9853515625,0.0322787505323013,0.8460860848426819,0.9853515625,0.0322787505323013,,,
301,0,6,resize,easy,1.2911701733566814,False,0.9411428570747375,0.9814453125,0.0276244852341284,0.9455348253250122,0.98193359375,0.0189388204791654,,,
301,0,7,resize,medium,1.4642857142857142,False,0.922286868095398,0.98486328125,0.025354887523906,0.9260969161987304,0.98583984375,0.0166034166668382,,,
301,0,8,resize,easy,0.8044149133216594,False,0.9578351974487304,0.9873046875,0.0318715238510652,0.9568588137626648,0.9873046875,0.0256839929830715,,,
301,0,9,resize,easy,0.7911701733566813,False,0.9600855708122252,0.986328125,0.0314094739491094,0.9592502117156982,0.98583984375,0.0253446130761288,,,
301,0,10,resize,medium,0.5911701733566812,True,0.9067128896713256,0.98291015625,0.0374345737434573,0.9024813175201416,0.9833984375,0.0385183685577192,0.9026217460632324,0.9833984375,0.0384910944373447
302,0,0,move,easy,1.0,False,0.9804004430770874,0.9833984375,0.029729803958188,0.9807902574539183,0.98291015625,0.0098032502134604,,,
302,0,1,move,easy,1.0,False,0.9586294889450072,0.978515625,0.0300337447519861,0.9632458090782166,0.978515625,0.010109632298775,,,
302,0,2,move,medium,1.0,False,0.9765067100524902,0.97021484375,0.031524397351931,0.97616446018219,0.97021484375,0.0104988962310731,,,
302,0,3,rotate,easy,1.0,False,0.9572101831436156,0.9833984375,0.0258165966800779,0.9572101831436156,0.9833984375,0.0258165966800779,,,
302,0,4,rotate,easy,1.0,False,0.8741536140441895,0.9814453125,0.0294803201858073,0.8741536140441895,0.9814453125,0.0294803201858073,,,
302,0,5,rotate,medium,1.0,False,0.8071346282958984,0.9833984375,0.0298759842687931,0.8071346282958984,0.9833984375,0.0298759842687931,,,
302,0,6,resize,easy,1.1388333961494888,False,0.975162923336029,0.98095703125,0.028351901688178,0.9748743772506714,0.98046875,0.0147870511075455,,,
302,0,7,resize,easy,1.3388333961494887,False,0.9070218801498412,0.978515625,0.0279069228720015,0.9016177654266356,0.97900390625,0.013628401428329,,,
302,0,8,resize,medium,1.7912504711211659,True,0.8223896026611328,0.98681640625,0.0274994370808534,0.8239372968673706,0.986328125,0.0276920467131607,0.8235595226287842,0.986328125,0.0276775173135672
302,0,9,resize,easy,0.8805833019252557,False,0.9772071838378906,0.98583984375,0.0265208071899363,0.977204203605652,0.98583984375,0.0145512867474738,,,
302,0,10,resize,medium,0.6388333961494888,False,0.919219732284546,0.98583984375,0.0407333757318977,0.9208130836486816,0.98583984375,0.0294673008536443,,,
302,0,11,resize,hard,0.4388333961494888,True,0.7380958795547485,0.9853515625,0.0467739638228172,0.7364531755447388,0.98583984375,0.0467866242542214,0.7365440130233765,0.98583984375,0.0468075139660384
303,0,0,move,easy,1.0,False,0.9807804822921752,0.9609375,0.0240704652538899,0.987084984779358,0.9609375,0.0052723515198104,,,
303,0,1,move,medium,1.0,False,0.9880255460739136,0.96484375,0.0236899129193187,0.9903075695037842,0.96484375,0.0051048783042941,,,
303,0,2,move,hard,1.0,False,0.97957444190979,0.98486328125,0.0225665845293203,0.9818993806838988,0.98486328125,0.0055162298975987,,,
303,0,3,rotate,easy,1.0,False,0.9839493036270142,0.98095703125,0.0245302809841137,0.9839493036270142,0.98095703125,0.0245302809841137,,,
303,0,4,rotate,medium,1.0,False,0.9581313729286194,0.9658203125,0.0242432836164235,0.9581313729286194,0.9658203125,0.0242432836164235,,,
303,0,5,rotate,hard,1.0,False,0.8822249174118042,0.9833984375,0.0241293130031073,0.8822249174118042,0.9833984375,0.0241293130031073,,,
303,0,6,resize,easy,1.1388333961494888,False,0.985064685344696,0.966796875,0.0231431135321609,0.9857891798019408,0.966796875,0.0080472470535025,,,
303,0,7,resize,medium,1.3388333961494887,False,0.968630075454712,0.986328125,0.0214405524425226,0.9707790613174438,0.986328125,0.0057765138823399,,,
303,0,8,resize,medium,1.5917808219178082,True,0.9513793587684632,0.96728515625,0.021364006079269,0.950925350189209,0.96875,0.0216981110952837,0.9509809017181396,0.96923828125,0.0216840440032843
303,0,9,resize,easy,0.8805833019252557,False,0.9799442291259766,0.978515625,0.0257054910553076,0.9808285236358644,0.978515625,0.0101495871635798,,,
303,0,10,resize,medium,0.6388333961494888,False,0.8983043432235718,0.9814453125,0.0334246298092893,0.9034157991409302,0.9814453125,0.0168554853782644,,,
303,0,11,resize,hard,0.4388333961494888,True,0.6298806071281433,0.98291015625,0.0406627719580983,0.6290337443351746,0.98291015625,0.0400753946936461,0.6282901167869568,0.98291015625,0.0400061927358462
304,0,0,move,medium,1.0,False,0.970172107219696,0.97900390625,0.0454660695090468,0.9821192026138306,0.97900390625,0.0057253675610265,,,
304,0,1,move,medium,1.0,False,0.9718623161315918,0.97900390625,0.0463582395112617,0.9838000535964966,0.978515625,0.0064789891534719,,,
304,0,2,rotate,medium,1.0,False,0.9595153331756592,0.9755859375,0.0397058406430004,0.9595153331756592,0.9755859375,0.0397058406430004,,,
304,0,3,rotate,hard,1.0,False,0.928335428237915,0.98193359375,0.0396615944842453,0.928335428237915,0.98193359375,0.0396615944842453,,,
304,0,4,rotate,hard,1.0,False,0.8317960500717163,0.970703125,0.0404862104392462,0.8317960500717163,0.970703125,0.0404862104392462,,,
304,0,5,resize,medium,1.2247312115022277,False,0.9492804408073424,0.9814453125,0.0349110336786508,0.967869758605957,0.9814453125,0.0068199784686362,,,
304,0,6,resize,medium,1.3309002433090025,False,0.9369022846221924,0.966796875,0.0328243493352353,0.9417245984077454,0.97021484375,0.0059126097436949,,,
304,0,7,resize,medium,0.8376343942488862,False,0.9643312096595764,0.9560546875,0.0442532891249484,0.9716641902923584,0.9560546875,0.0117080551537219,,,
304,0,8,resize,medium,0.7247312115022277,False,0.9456773996353148,0.95166015625,0.0470092251413395,0.9472769498825072,0.95166015625,0.0135859475734316,,,
304,0,9,resize,hard,0.5247312115022277,True,0.872819185256958,0.95166015625,0.0543805554229113,0.8722677230834961,0.951171875,0.0543860885805479,0.8721280097961426,0.951171875,0.0543691101242383
305,0,2,move,hard,1.0,False,0.9395808577537536,0.97802734375,0.0282215587333182,0.9463233947753906,0.97802734375,0.0066234428866035,,,
305,0,6,resize,easy,1.2247312115022277,False,0.8908349275588989,0.95654296875,0.0232437340779599,0.8915680646896362,0.95703125,0.0092652345641956,,,
305,0,7,resize,easy,1.366721771122163,False,0.7868174314498901,0.9716796875,0.021100322856094,0.7932026386260986,0.97265625,0.008268532892964,,,
305,0,8,resize,hard,2.000413283416222,True,0.7076156139373779,0.9755859375,0.017535316671109,0.7084585428237915,0.97607421875,0.0175727918679961,0.7082090973854065,0.97607421875,0.017569450614373
306,0,0,move,easy,1.0,False,0.9459899067878724,0.978515625,0.0214732237970163,0.9490361213684082,0.9775390625,0.005475548162079,,,
306,0,1,move,medium,1.0,False,0.8811386823654175,0.98828125,0.0207045557800588,0.886477530002594,0.98828125,0.0057169402621003,,,
306,0,2,move,hard,1.0,False,0.8904625177383423,0.984375,0.0247888381405243,0.8983343839645386,0.984375,0.0075736515799671,,,
306,0,3,rotate,easy,1.0,False,0.8920732736587524,0.98828125,0.0214446446816485,0.8920732736587524,0.98828125,0.0214446446816485,,,
306,0,4,rotate,medium,1.0,False,0.8099393844604492,0.9658203125,0.0244972383653997,0.8099393844604492,0.9658203125,0.0244972383653997,,,
306,0,5,rotate,hard,1.0,False,0.7235190868377686,0.9755859375,0.0274915866878818,0.7235190868377686,0.9755859375,0.0274915866878818,,,
306,0,6,resize,easy,1.1667217711221631,False,0.9314895868301392,0.98974609375,0.0196585277828325,0.9269161224365234,0.990234375,0.0073496688699437,,,
306,0,7,resize,medium,1.366721771122163,False,0.9132214188575744,0.98291015625,0.0201074725711137,0.907888412475586,0.9833984375,0.0073546276020035,,,
306,0,8,resize,medium,1.5549132947976878,True,0.8797842264175415,0.95361328125,0.018694728939395,0.8788617849349976,0.9541015625,0.0189480734219831,0.8789824843406677,0.9541015625,0.0189460301754958
306,0,9,resize,easy,0.8666391144389185,False,0.9324681162834167,0.98583984375,0.0216640737276233,0.9332700371742249,0.98583984375,0.008163540719482,,,
306,0,10,resize,medium,0.6667217711221629,False,0.8754235506057739,0.98486328125,0.0281898785551497,0.8801119327545166,0.98486328125,0.0118417452210817,,,
306,0,11,resize,hard,0.46672177112216295,True,0.808242917060852,0.9765625,0.043014629593637,0.8077878952026367,0.97802734375,0.0430959416280997,0.8073259592056274,0.97802734375,0.0430796041061638
307,1,0,move,easy,1.0,False,0.9806179404258728,0.962890625,0.1489194951249856,0.9874199032783508,0.96337890625,0.0207420885680897,,,
307,1,1,move,medium,1.0,False,0.9764719605445862,0.95947265625,0.1507706060777676,0.979739546775818,0.96142578125,0.0216770828956446,,,
307,1,2,move,hard,1.0,False,0.9845816493034364,0.9638671875,0.1515048878025075,0.9883912205696106,0.96484375,0.0214688801077125,,,
307,1,3,rotate,easy,1.0,False,0.9580233693122864,0.9619140625,0.1300474561078197,0.9580233693122864,0.9619140625,0.1300474561078197,,,
307,1,4,rotate,medium,1.0,False,0.8912405371665955,0.96484375,0.1314701909086176,0.8912405371665955,0.96484375,0.1314701909086176,,,
307,1,5,resize,easy,1.2103008834346614,False,0.9607042074203492,0.97021484375,0.116586765001971,0.9649394750595092,0.9697265625,0.0259785733259564,,,
307,1,6,resize,medium,1.4103008834346613,False,0.9369339942932128,0.9658203125,0.1037773159864388,0.9360489249229432,0.96484375,0.0208899836021618,,,
307,1,7,resize,easy,0.8448495582826694,False,0.9629948139190674,0.96923828125,0.1394902850727443,0.9600157737731934,0.96923828125,0.0437164880790406,,,
307,1,8,resize,easy,0.7103008834346614,False,0.895496129989624,0.9658203125,0.1527779134283852,0.9030091762542723,0.9658203125,0.0574027550939817,,,
307,1,9,resize,hard,0.5103008834346613,True,0.8344364166259766,0.966796875,0.1675537050019237,0.8317521810531616,0.966796875,0.1678924224077496,0.8316519260406494,0.96630859375,0.1678952548877983
308,0,0,move,easy,1.0,False,0.9840377569198608,0.98193359375,0.0435385960608176,0.9903911352157592,0.9814453125,0.0088170120433069,,,
308,0,1,rotate,easy,1.0,False,0.9588620662689208,0.98681640625,0.0373733554930575,0.9588620662689208,0.98681640625,0.0373733554930575,,,
308,0,2,rotate,medium,1.0,False,0.9261441230773926,0.97802734375,0.0384468097681666,0.9261441230773926,0.97802734375,0.0384468097681666,,,
309,0,0,move,easy,1.0,False,0.976103127002716,0.9404296875,0.0914862976655517,0.98344087600708,0.94140625,0.0437400973493012,,,
309,0,1,move,medium,1.0,False,0.9429088830947876,0.96435546875,0.0944210507951462,0.949465274810791,0.96484375,0.0460274411471293,,,
309,0,2,move,medium,1.0,False,0.9713299870491028,0.93701171875,0.095051489818608,0.9769827127456664,0.9375,0.0462076118969791,,,
309,0,3,rotate,easy,1.0,False,0.9152388572692872,0.93701171875,0.0759448603683897,0.9152388572692872,0.93701171875,0.0759448603683897,,,
309,0,4,rotate,easy,1.0,False,0.853817880153656,0.97607421875,0.0795509127843836,0.853817880153656,0.97607421875,0.0795509127843836,,,
309,0,5,rotate,hard,1.0,False,0.7886524200439453,0.9716796875,0.0816667420295787,0.7886524200439453,0.9716796875,0.0816667420295787,,,
309,0,6,resize,easy,1.1840725556138423,False,0.9552338123321532,0.96630859375,0.0721756419284863,0.9528599977493286,0.9658203125,0.0478894064477081,,,
309,0,7,resize,easy,1.3840725556138422,False,0.92649245262146,0.970703125,0.0667906782817345,0.9231503009796144,0.970703125,0.0422253369325541,,,
309,0,8,resize,hard,2.1305441671038166,True,0.8035256862640381,0.9677734375,0.054489147555864,0.8035928010940552,0.9619140625,0.0544827262494108,0.8035763502120972,0.96142578125,0.0544783988472359
309,0,9,resize,easy,0.8579637221930789,False,0.9418150782585144,0.958984375,0.0786131713905355,0.9407280683517456,0.958984375,0.0601666059596067,,,
309,0,10,resize,easy,0.6840725556138422,False,0.854133129119873,0.9677734375,0.0912381830369278,0.8540471196174622,0.9677734375,0.0778978257969854,,,
309,0,11,resize,hard,0.48407255561384216,True,0.6767874360084534,0.95947265625,0.1212092672190661,0.6787827014923096,0.96142578125,0.1218959258034673,0.6794970035552979,0.96142578125,0.1218939219360031
310,0,0,move,easy,1.0,False,0.9565146565437316,0.98388671875,0.0347174990817336,0.9576339721679688,0.9833984375,0.0097090193969494,,,
310,0,1,move,easy,1.0,False,0.9409661293029784,0.9501953125,0.0347264620646143,0.9490790963172911,0.9501953125,0.0097878116320771,,,
310,0,2,move,hard,1.0,False,0.9369198083877563,0.96630859375,0.0345101202621408,0.9371870160102844,0.96630859375,0.0094819571639716,,,
310,0,3,rotate,easy,1.0,False,0.9474493265151978,0.97314453125,0.0312620657610209,0.9474493265151978,0.97314453125,0.0312620657610209,,,
310,0,4,rotate,easy,1.0,False,0.9274058938026428,0.9609375,0.0314162473040977,0.9274058938026428,0.9609375,0.0314162473040977,,,
310,0,5,rotate,medium,1.0,False,0.8826778531074524,0.96533203125,0.032484499804174,0.8826778531074524,0.96533203125,0.032484499804174,,,
310,0,6,resize,easy,1.1071893362140734,False,0.9548516273498536,0.96484375,0.0294339850584308,0.9603549242019652,0.96484375,0.0122765170664052,,,
310,0,7,resize,easy,1.3071893362140734,False,0.9243633151054382,0.966796875,0.0265415101480092,0.922745943069458,0.966796875,0.0099646618707408,,,
310,0,8,resize,medium,1.5539200216055504,True,0.8931078910827637,0.97216796875,0.0244391207361393,0.8937582969665527,0.97314453125,0.0245674610122088,0.8938263058662415,0.9736328125,0.0245646046284743
310,0,9,resize,easy,0.8964053318929633,False,0.9466829895973206,0.95849609375,0.0329325192961556,0.9559813737869264,0.95849609375,0.0162659256242143,,,
310,0,10,resize,medium,0.6071893362140733,False,0.8522242307662964,0.96484375,0.0399758385266251,0.8641996383666992,0.96533203125,0.0252063066828798,,,
310,0,11,resize,hard,0.40718933621407344,True,0.6817736625671387,0.96630859375,0.0476138828633405,0.6822596788406372,0.9658203125,0.0485907305800122,0.6825059652328491,0.9658203125,0.0485939205761841
311,0,0,move,medium,1.0,False,0.9823384284973145,0.9794921875,0.055899420868161,0.9871199131011964,0.98046875,0.0134100069365266,,,
311,0,1,move,medium,1.0,False,0.9657814502716064,0.9892578125,0.0554617450470625,0.978484034538269,0.98974609375,0.0138369995307792,,,
311,0,2,rotate,medium,1.0,False,0.9643173217773438,0.97998046875,0.0470669834744288,0.9643173217773438,0.97998046875,0.0470669834744288,,,
311,0,3,rotate,hard,1.0,False,0.9667634963989258,0.98388671875,0.0474719903879311,0.9667634963989258,0.98388671875,0.0474719903879311,,,
311,0,4,rotate,hard,1.0,False,0.8510839343070984,0.98974609375,0.0494991697980122,0.8510839343070984,0.98974609375,0.0494991697980122,,,
311,0,5,resize,medium,1.1516587677725119,False,0.956047773361206,0.9912109375,0.0428830830349542,0.9616326093673706,0.99169921875,0.0147811028863734,,,
311,0,6,resize,medium,0.828881407585774,False,0.9516124129295348,0.98486328125,0.0551056496915706,0.957921862602234,0.98486328125,0.0218754343267361,,,
311,0,7,resize,hard,0.7422371848284522,False,0.9537301063537598,0.986328125,0.0606030242191545,0.954169988632202,0.986328125,0.0248882282110651,,,
311,0,8,resize,hard,0.5422371848284522,True,0.8814180493354797,0.98779296875,0.0730457653475634,0.8807041645050049,0.986328125,0.0732872957141359,0.8807292580604553,0.98583984375,0.0732696966242602
312,0,0,move,easy,1.0,False,0.9787037372589112,0.97802734375,0.04795246143173,0.9816777110099792,0.9775390625,0.0160466108713474,,,
312,0,1,move,medium,1.0,False,0.9697853922843932,0.96484375,0.0481249608996548,0.9716550707817078,0.96142578125,0.0151501476537697,,,
312,0,2,rotate,easy,1.0,False,0.9639033675193788,0.96142578125,0.0458152501513949,0.9639033675193788,0.96142578125,0.0458152501513949,,,
312,0,3,rotate,medium,1.0,False,0.9538135528564452,0.97705078125,0.0443479846912441,0.9538135528564452,0.97705078125,0.0443479846912441,,,
312,0,4,rotate,hard,1.0,False,0.917701005935669,0.97216796875,0.0463348731480433,0.917701005935669,0.97216796875,0.0463348731480433,,,
312,0,5,resize,easy,1.1307446233055474,False,0.9515838027000428,0.96923828125,0.0411948921416227,0.9563772082328796,0.97119140625,0.0210347667050519,,,
312,0,6,resize,easy,0.8846276883472264,False,0.9631167054176332,0.98193359375,0.04882426673551,0.9632917642593384,0.982421875,0.026143830597584,,,
312,0,7,resize,medium,0.6307446233055473,False,0.8879625797271729,0.98046875,0.068790039270364,0.8888170123100281,0.98046875,0.0446284742360244,,,
312,0,8,resize,hard,0.4307446233055473,True,0.71771240234375,0.974609375,0.095839915745129,0.7075892686843872,0.97265625,0.0993582933365481,0.7075734734535217,0.97216796875,0.0993254754615222
313,0,0,move,medium,1.0,False,0.9593150019645692,0.9609375,0.0662443182656056,0.96760892868042,0.9609375,0.0109089453186573,,,
313,0,1,move,hard,1.0,False,0.9500554800033568,0.93408203125,0.0672383605675312,0.9669994711875916,0.9345703125,0.0110736639457301,,,
313,0,2,rotate,medium,1.0,False,0.9560906887054444,0.96240234375,0.0567849854975327,0.9560906887054444,0.96240234375,0.0567849854975327,,,
313,0,3,rotate,hard,1.0,False,0.9404230117797852,0.94384765625,0.056734223306441,0.9404230117797852,0.94384765625,0.056734223306441,,,
313,0,4,rotate,hard,1.0,False,0.9157781600952148,0.95458984375,0.0563510318499952,0.9157781600952148,0.95458984375,0.0563510318499952,,,
313,0,5,resize,medium,1.1155555555555556,False,0.9578839540481568,0.943359375,0.0522527085764244,0.9658265709877014,0.94287109375,0.0124058801733709,,,
313,0,6,resize,medium,0.8846276883472264,False,0.951366662979126,0.951171875,0.061445658362305,0.9629687666893004,0.951171875,0.0154273860533067,,,
313,0,7,resize,hard,0.6307446233055473,False,0.8718580603599548,0.9462890625,0.0738920664991531,0.8862526416778564,0.9462890625,0.0222057820022997,,,
313,0,8,resize,hard,0.4307446233055473,True,0.7383338212966919,0.94775390625,0.0902155333555086,0.7355827689170837,0.94677734375,0.090213802197005,0.7360939383506775,0.9462890625,0.0901894011057156
314,0,0,move,medium,1.0,False,0.9760097861289978,0.93408203125,0.0428837269961552,0.9847750663757324,0.93408203125,0.0080331557406037,,,
314,0,1,rotate,medium,1.0,False,0.9559285640716552,0.927734375,0.035203720554039,0.9559285640716552,0.927734375,0.035203720554039,,,
314,0,2,rotate,hard,1.0,False,0.9483038783073424,0.9248046875,0.035835999766634,0.9483038783073424,0.9248046875,0.035835999766634,,,
314,0,3,rotate,hard,1.0,False,0.9181265830993652,0.951171875,0.0366374331241824,0.9181265830993652,0.951171875,0.0366374331241824,,,
314,0,4,resize,medium,1.1116279069767443,False,0.9587044715881348,0.9580078125,0.0316446500527713,0.9637883901596068,0.95654296875,0.0083864111962579,,,
314,0,5,resize,medium,0.8846276883472264,False,0.9610137939453124,0.90966796875,0.0387538623277251,0.9656416177749634,0.90966796875,0.0101938495478279,,,
314,0,6,resize,hard,0.6307446233055473,False,0.8609005212783813,0.9208984375,0.054025982989175,0.8660951256752014,0.92041015625,0.0164018419618373,,,
314,0,7,resize,hard,0.4307446233055473,True,0.7113184332847595,0.9208984375,0.0671824897968841,0.7153147459030151,0.9248046875,0.0672008847916137,0.715623140335083,0.92431640625,0.0671702773522504
315,0,0,move,hard,1.0,False,0.9834415912628174,0.98291015625,0.0362422815493763,0.9872234463691713,0.9833984375,0.0033907563312098,,,
316,0,0,move,easy,1.0,False,0.9875153303146362,0.9814453125,0.0197188569938176,0.9869834780693054,0.98193359375,0.0073227149049226,,,
316,0,1,move,medium,1.0,False,0.9832499027252196,0.97705078125,0.0194267065410314,0.9826380610466005,0.9765625,0.0060733807670289,,,
316,0,2,move,hard,1.0,False,0.9696616530418396,0.986328125,0.0195889448102541,0.9687166213989258,0.986328125,0.0068116312019114,,,
316,0,3,rotate,easy,1.0,False,0.9589102268218994,0.98095703125,0.0182025190626052,0.9589102268218994,0.98095703125,0.0182025190626052,,,
316,0,4,rotate,easy,1.0,False,0.903396487236023,0.98046875,0.0178390227552005,0.903396487236023,0.98046875,0.0178390227552005,,,
316,0,5,rotate,medium,1.0,False,0.8675282001495361,0.9736328125,0.0191608764923065,0.8675282001495361,0.9736328125,0.0191608764923065,,,
316,0,6,resize,easy,1.1080657775663658,False,0.9883928298950196,0.9736328125,0.0188744249929982,0.9886965751647948,0.9736328125,0.0074088367204667,,,
316,0,7,resize,easy,1.3080657775663658,False,0.975643277168274,0.97607421875,0.0194516663299951,0.9752545356750488,0.9765625,0.0073643371423228,,,
316,0,8,resize,easy,0.8959671112168172,False,0.9777922034263612,0.98291015625,0.0169473750300992,0.9763196706771852,0.98291015625,0.0075892336596132,,,
316,0,9,resize,medium,0.6080657775663657,False,0.9270901083946228,0.98681640625,0.0237549953314659,0.9267698526382446,0.98681640625,0.0136176283846872,,,
316,0,10,resize,hard,0.40806577756636575,True,0.8573459982872009,0.98583984375,0.0403371711204458,0.8574634790420532,0.9853515625,0.0402903326357037,0.8574686646461487,0.9853515625,0.040274499908467
316,1,0,move,easy,1.0,False,0.9916478395462036,0.98095703125,0.0359792301398559,0.9912901520729064,0.98046875,0.0262436288040138,,,
316,1,1,move,easy,1.0,False,0.9877544641494752,0.982421875,0.0257937212878332,0.9879289865493774,0.98291015625,0.0172824083359598,,,
316,1,2,resize,easy,1.1080657775663658,False,0.992048442363739,0.98583984375,0.0287743041714911,0.9917720556259156,0.98583984375,0.0224773118885071,,,
316,1,3,resize,easy,0.8959671112168172,False,0.9875419735908508,0.98486328125,0.0353430006012759,0.987318754196167,0.98486328125,0.0296650814846049,,,
316,1,4,resize,medium,0.6419491462342342,False,0.957545518875122,0.98583984375,0.0298619216592525,0.9577199816703796,0.986328125,0.0268678544810226,,,
316,1,5,resize,hard,0.44194914623423415,True,0.9247640371322632,0.98828125,0.042714518540921,0.9245097637176514,0.98828125,0.042756187307828,0.9244832992553712,0.98828125,0.0427447620007728
317,0,0,move,easy,1.0,False,0.9678704142570496,0.990234375,0.0191639522258414,0.9689323902130128,0.99072265625,0.0055094141557065,,,
317,0,1,move,easy,1.0,False,0.9697441458702089,0.9931640625,0.0176361683067948,0.973930597305298,0.9931640625,0.0044093491401404,,,
317,0,2,move,hard,1.0,False,0.9708751440048218,0.990234375,0.0166036572484167,0.9756816625595092,0.990234375,0.003979214670918,,,
317,0,3,rotate,easy,1.0,False,0.9476048946380616,0.99169921875,0.0164762216494644,0.9476048946380616,0.99169921875,0.0164762216494644,,,
317,0,4,rotate,medium,1.0,False,0.9511877298355104,0.99169921875,0.0177672959843576,0.9511877298355104,0.99169921875,0.0177672959843576,,,
317,0,5,rotate,hard,1.0,False,0.9086452126502992,0.9921875,0.0229893993236642,0.9086452126502992,0.9921875,0.0229893993236642,,,
317,0,6,resize,easy,1.1419491462342342,False,0.9552141427993774,0.99365234375,0.0156957130433272,0.9591548442840576,0.99365234375,0.0043586769006886,,,
317,0,7,resize,medium,1.3419491462342341,False,0.91467547416687,0.9912109375,0.0154955691269174,0.9080542325973512,0.99072265625,0.0039678635723769,,,
317,0,8,resize,hard,1.814618596756756,True,0.8483567237854004,0.98681640625,0.015329743399284,0.8486568927764893,0.986328125,0.0153552327062006,0.8485105037689209,0.98583984375,0.0153549895166295
317,0,9,resize,easy,0.879025426882883,False,0.9690970182418824,0.99169921875,0.0209470833250557,0.9660897254943848,0.99169921875,0.0065720245545026,,,
317,0,10,resize,medium,0.6419491462342342,False,0.8695836067199707,0.9912109375,0.0229531399217235,0.8443798422813416,0.9912109375,0.0087495586335742,,,
317,0,11,resize,hard,0.44194914623423415,True,0.7223055362701416,0.99072265625,0.0347969701071416,0.7081971168518066,0.990234375,0.0354107972722989,0.708397626876831,0.990234375,0.035429474406555
318,0,2,move,hard,1.0,False,0.9378737211227416,0.98974609375,0.0085242328529691,0.9407403469085692,0.98974609375,0.0019583772806401,,,
318,0,4,rotate,easy,1.0,False,0.8697709441184998,0.9892578125,0.0106826599801788,0.8697709441184998,0.9892578125,0.0106826599801788,,,
318,0,5,rotate,hard,1.0,False,0.8292449116706848,0.98681640625,0.0109958619520468,0.8292449116706848,0.98681640625,0.0109958619520468,,,
318,0,6,resize,easy,1.100066968663185,False,0.9623429775238036,0.98876953125,0.0091139938272086,0.97599458694458,0.98876953125,0.0023843858367287,,,
318,0,7,resize,easy,1.300066968663185,False,0.9692155122756958,0.9892578125,0.0095430192970559,0.968575358390808,0.98876953125,0.0023471198037332,,,
318,0,8,resize,medium,1.5005022649738866,True,0.9525488615036012,0.98974609375,0.0093242601805954,0.9524586200714112,0.9892578125,0.0092091586987367,0.9524770975112916,0.9892578125,0.0091945965981004
318,0,9,resize,easy,0.8999665156684076,False,0.935166835784912,0.990234375,0.0092986149252865,0.937654972076416,0.990234375,0.0029673992923228,,,
319,0,0,move,easy,1.0,False,0.8988299369812012,0.98291015625,0.0457805575452634,0.9111629724502563,0.98291015625,0.0294540823952588,,,
319,0,1,move,easy,1.0,False,0.8742539286613464,0.98486328125,0.0391821038879862,0.8674746751785278,0.98486328125,0.0258269905328728,,,
319,0,2,move,medium,1.0,False,0.8913639187812805,0.97509765625,0.0383308971544265,0.8930830359458923,0.97509765625,0.023920753332518,,,
319,0,3,rotate,easy,1.0,False,0.9088720083236694,0.97802734375,0.0381545171049208,0.9088720083236694,0.97802734375,0.0381545171049208,,,
319,0,4,rotate,easy,1.0,False,0.907147228717804,0.984375,0.0405032640903459,0.907147228717804,0.984375,0.0405032640903459,,,
319,0,5,rotate,medium,1.0,False,0.7875229120254517,0.98486328125,0.0411958881393714,0.7875229120254517,0.98486328125,0.0411958881393714,,,
319,0,6,resize,easy,1.100066968663185,False,0.919620394706726,0.9814453125,0.0321901209920341,0.9237490892410278,0.9814453125,0.025583794743633,,,
319,0,7,resize,easy,1.300066968663185,False,0.9103874564170836,0.9853515625,0.0340005518176208,0.9168967008590698,0.9853515625,0.0264666385033607,,,
319,0,8,resize,easy,1.5005022649738866,True,0.8938347101211548,0.98583984375,0.0300149545906742,0.8937109708786011,0.986328125,0.0301024999197715,0.8936992287635803,0.98681640625,0.0300995902998406
319,0,9,resize,easy,0.8999665156684076,False,0.8937029838562012,0.98486328125,0.0422608191063003,0.8939911127090454,0.98486328125,0.0362355637901995,,,
319,0,10,resize,medium,0.6000669686631849,False,0.7973900437355042,0.9765625,0.0502985440093424,0.7907936573028564,0.9765625,0.0462440499734956,,,
319,0,11,resize,hard,0.4000669686631849,True,0.6527388095855713,0.9775390625,0.0681483096791388,0.6540327072143555,0.9775390625,0.0682621890276036,0.6540743112564087,0.9775390625,0.0682888416410741
320,0,0,move,hard,1.0,False,0.9736596345901488,0.94384765625,0.0433943770026773,0.9812860488891602,0.94287109375,0.006951498347255,,,
320,0,1,move,hard,1.0,False,0.9737393260002136,0.916015625,0.0431890678611333,0.9827443361282348,0.91943359375,0.0070899299175634,,,
320,0,2,rotate,hard,1.0,False,0.9731699824333192,0.919921875,0.0358014578003345,0.9731699824333192,0.919921875,0.0358014578003345,,,
320,0,3,rotate,hard,1.0,False,0.959541916847229,0.947265625,0.0366902307769111,0.959541916847229,0.947265625,0.0366902307769111,,,
320,0,4,rotate,hard,1.0,False,0.9127371907234192,0.9560546875,0.0364845055025699,0.9127371907234192,0.9560546875,0.0364845055025699,,,
320,0,5,resize,hard,0.8613388146832193,False,0.9648522734642028,0.89794921875,0.0393757589398796,0.9624231457710266,0.89794921875,0.009739063053562,,,
320,0,6,resize,hard,0.6773223706335615,False,0.9200937747955322,0.892578125,0.0465379303770333,0.9187182188034058,0.892578125,0.0134033198730181,,,
320,0,7,resize,hard,0.4773223706335615,True,0.810666561126709,0.8876953125,0.0557211710582501,0.8138843178749084,0.88916015625,0.0555326336135841,0.8142024278640747,0.888671875,0.0555443373476118
321,0,0,rotate,hard,1.0,False,0.9808374047279358,0.955078125,0.0186337438394674,0.9808374047279358,0.955078125,0.0186337438394674,,,
321,0,1,rotate,hard,1.0,False,0.975174069404602,0.97509765625,0.0187713587203602,0.975174069404602,0.97509765625,0.0187713587203602,,,
321,0,2,rotate,hard,1.0,False,0.9550506472587584,0.96044921875,0.0188653616620878,0.9550506472587584,0.96044921875,0.0188653616620878,,,
322,0,0,move,easy,1.0,False,0.9350569844245912,0.9658203125,0.0948475965370156,0.935272216796875,0.96630859375,0.0276394917642193,,,
322,0,1,move,medium,1.0,False,0.9195914268493652,0.96875,0.0944806834753439,0.920698881149292,0.9677734375,0.0279870216001346,,,
322,0,2,move,hard,1.0,False,0.9605774879455566,0.97900390625,0.0933983393516349,0.9580872058868408,0.9794921875,0.0269663997482461,,,
322,0,3,rotate,easy,1.0,False,0.9214519262313844,0.96533203125,0.081010869941062,0.9214519262313844,0.96533203125,0.081010869941062,,,
322,0,4,rotate,medium,1.0,False,0.9139360189437866,0.96240234375,0.0824899355533116,0.9139360189437866,0.96240234375,0.0824899355533116,,,
322,0,5,rotate,hard,1.0,False,0.8681612014770508,0.96728515625,0.0813972022223589,0.8681612014770508,0.96728515625,0.0813972022223589,,,
322,0,6,resize,easy,1.1939338480721822,False,0.9298747777938844,0.974609375,0.0678191346147181,0.935768187046051,0.974609375,0.0288155907331255,,,
322,0,7,resize,easy,1.3939338480721821,False,0.9149740934371948,0.97412109375,0.0625583794112176,0.9108303785324096,0.97412109375,0.024997020976503,,,
322,0,8,resize,hard,2.204503860541366,True,0.8434935808181763,0.98095703125,0.0420021364505776,0.8439216613769531,0.98095703125,0.0418598402748853,0.8439304828643799,0.98095703125,0.0418559008833798
322,0,9,resize,easy,0.853033075963909,False,0.9286500215530396,0.9619140625,0.0894942183609983,0.9240863919258118,0.9619140625,0.0447485733499202,,,
322,0,10,resize,medium,0.6939338480721822,False,0.8773363828659058,0.96240234375,0.103395061728395,0.8701631426811218,0.96240234375,0.0604717249218527,,,
322,0,11,resize,hard,0.49393384807218216,True,0.7526426315307617,0.96337890625,0.1152290066850568,0.7519665956497192,0.96240234375,0.1160416511344715,0.7522906064987183,0.96240234375,0.1159944332612639
323,0,0,move,medium,1.0,False,0.9671691656112672,0.97509765625,0.0429269472005564,0.9730669260025024,0.97509765625,0.0074594857660067,,,
323,0,1,move,hard,1.0,False,0.9610763788223268,0.91796875,0.0424483581059781,0.9671329259872437,0.9169921875,0.0067545998468262,,,
323,0,2,rotate,medium,1.0,False,0.9627898931503296,0.96337890625,0.0365104646424486,0.9627898931503296,0.96337890625,0.0365104646424486,,,
323,0,3,rotate,hard,1.0,False,0.9499510526657104,0.9765625,0.0382860317485393,0.9499510526657104,0.9765625,0.0382860317485393,,,
323,0,4,rotate,hard,1.0,False,0.8559206128120422,0.9560546875,0.0392369446661416,0.8559206128120422,0.9560546875,0.0392369446661416,,,
323,0,5,resize,medium,0.853033075963909,False,0.958301842212677,0.96337890625,0.0415322621360763,0.9623069763183594,0.962890625,0.0117470833940383,,,
323,0,6,resize,hard,0.6939338480721822,False,0.9158737659454346,0.9453125,0.0475331055065876,0.907429337501526,0.9453125,0.0153302997588464,,,
323,0,7,resize,hard,0.49393384807218216,True,0.8104568123817444,0.947265625,0.0601275656461414,0.8035056591033936,0.9462890625,0.0611398492145396,0.8035483956336975,0.9462890625,0.0611315359477124
324,0,0,move,medium,1.0,False,0.9202373027801514,0.9482421875,0.0198795543705773,0.9472607970237732,0.94677734375,0.0045440295703088,,,
324,0,1,move,hard,1.0,False,0.9123460054397584,0.94482421875,0.0198406460694649,0.9370399713516236,0.94580078125,0.004580158707056,,,
324,0,2,rotate,medium,1.0,False,0.8720338344573975,0.9482421875,0.0183731128310595,0.8720338344573975,0.9482421875,0.0183731128310595,,,
324,0,3,rotate,hard,1.0,False,0.7538310289382935,0.94287109375,0.0179628930704576,0.7538310289382935,0.94287109375,0.0179628930704576,,,
324,0,4,rotate,hard,1.0,False,0.6984306573867798,0.9326171875,0.018297052654805,0.6984306573867798,0.9326171875,0.018297052654805,,,
324,0,5,resize,medium,1.2760736196319018,False,0.8670796155929565,0.876953125,0.0161953339873185,0.89241623878479,0.8798828125,0.0049593115579396,,,
324,0,6,resize,medium,0.8049860999141061,False,0.8731842637062073,0.955078125,0.0192791787605175,0.8689797520637512,0.95556640625,0.0080198914039662,,,
324,0,7,resize,medium,0.790027800171788,False,0.8628659248352051,0.953125,0.0193259409325647,0.864600419998169,0.95263671875,0.0080154257500488,,,
324,0,8,resize,hard,0.590027800171788,True,0.7984912395477295,0.953125,0.0218482574937546,0.8003682494163513,0.953125,0.0218926705392088,0.8002743721008301,0.95361328125,0.0218963888406886
325,0,0,move,easy,1.0,False,0.964591145515442,0.986328125,0.0327560642437752,0.9701930284500122,0.98583984375,0.0071828559691092,,,
325,0,1,move,medium,1.0,False,0.949137806892395,0.97119140625,0.033926252394598,0.9479937553405762,0.96923828125,0.0083612860107692,,,
325,0,2,move,hard,1.0,False,0.950697898864746,0.982421875,0.0302299728065706,0.9563634395599364,0.982421875,0.0072181325446773,,,
325,0,3,rotate,medium,1.0,False,0.7979795932769775,0.98486328125,0.0275565535619479,0.7979795932769775,0.98486328125,0.0275565535619479,,,
325,0,4,rotate,hard,1.0,False,0.7507039308547974,0.97412109375,0.0281335165701178,0.7507039308547974,0.97412109375,0.0281335165701178,,,
325,0,5,rotate,hard,1.0,False,0.6340531706809998,0.98828125,0.0354638334478463,0.6340531706809998,0.98828125,0.0354638334478463,,,
325,0,6,resize,medium,1.290027800171788,False,0.9261760711669922,0.98681640625,0.024023853212419,0.92723548412323,0.986328125,0.0074826842720786,,,
325,0,7,resize,medium,1.490027800171788,False,0.8975400924682617,0.986328125,0.0226623656546061,0.8918975591659546,0.98583984375,0.005672114538435,,,
325,0,8,resize,hard,1.7105263157894737,True,0.8224438428878784,0.98828125,0.0225871070926054,0.8225021958351135,0.98974609375,0.0225888639720646,0.8222970366477966,0.98974609375,0.0225799252542756
325,0,9,resize,easy,0.8049860999141061,False,0.9418487548828124,0.98388671875,0.0282153159771371,0.9434303045272828,0.98388671875,0.010917551100042,,,
325,0,10,resize,easy,0.790027800171788,False,0.933342456817627,0.98486328125,0.0278776600828063,0.9362317323684692,0.98486328125,0.0116412665514188,,,
325,0,11,resize,hard,0.590027800171788,True,0.8600478172302246,0.9873046875,0.0369391202173753,0.8589833974838257,0.9873046875,0.0368590316488407,0.8588366508483887,0.98779296875,0.0368646664846891
326,0,0,move,easy,1.0,False,0.987534761428833,0.98779296875,0.0241745658294523,0.9937521815299988,0.98779296875,0.0089995959933687,,,
326,0,1,move,easy,1.0,False,0.974267303943634,0.98828125,0.0261415509210886,0.9815195202827454,0.98828125,0.0102600748300044,,,
326,0,2,move,hard,1.0,False,0.9629859924316406,0.984375,0.0255432714594036,0.9667966365814208,0.98388671875,0.0093159176154266,,,
326,0,3,rotate,easy,1.0,False,0.950998067855835,0.984375,0.0245905369573192,0.950998067855835,0.984375,0.0245905369573192,,,
326,0,4,rotate,easy,1.0,False,0.9576750993728638,0.9111328125,0.0233563925353935,0.9576750993728638,0.9111328125,0.0233563925353935,,,
326,0,5,rotate,hard,1.0,False,0.8981444835662842,0.98388671875,0.0275869774984619,0.8981444835662842,0.98388671875,0.0275869774984619,,,
326,0,6,resize,easy,1.1124620060790273,False,0.968100130558014,0.9755859375,0.0217365219279789,0.9752793312072754,0.97509765625,0.0116457815540142,,,
326,0,7,resize,easy,0.8855987801419226,False,0.9512735605239868,0.97216796875,0.025737016851469,0.953227400779724,0.97216796875,0.0157680608629678,,,
326,0,8,resize,medium,0.6288024397161547,False,0.9029800295829772,0.98486328125,0.0356289042586378,0.9062505960464478,0.98486328125,0.025304610855525,,,
326,0,9,resize,hard,0.4288024397161547,True,0.81276535987854,0.9833984375,0.0419959584046271,0.8122009038925171,0.97900390625,0.0421133046520043,0.8125656247138977,0.978515625,0.0420245503836835
327,0,0,move,medium,1.0,False,0.9558491110801696,0.99267578125,0.0450023392566104,0.9895634651184082,0.9931640625,0.0020297693830325,,,
327,0,1,move,medium,1.0,False,0.9520073533058168,0.990234375,0.0448232063796792,0.9710707664489746,0.990234375,0.0021525590581365,,,
327,0,2,move,hard,1.0,False,0.9383323192596436,0.98291015625,0.044758838488387,0.9553656578063964,0.9833984375,0.0022450729940065,,,
327,0,3,rotate,medium,1.0,False,0.9422131180763244,0.99072265625,0.0371971723595591,0.9422131180763244,0.99072265625,0.0371971723595591,,,
328,0,0,move,easy,1.0,False,0.976033329963684,0.99169921875,0.0209643184832645,0.981775403022766,0.99169921875,0.0043545068065512,,,
328,0,1,move,medium,1.0,False,0.9739421606063844,0.9912109375,0.0206990457039736,0.9780768752098083,0.9912109375,0.0043457461103404,,,
328,0,2,move,medium,1.0,False,0.9656683802604676,0.9951171875,0.021759558284595,0.967435359954834,0.9951171875,0.0048872287645062,,,
328,0,3,rotate,easy,1.0,False,0.9134588241577148,0.99365234375,0.0215285827695463,0.9134588241577148,0.99365234375,0.0215285827695463,,,
328,0,4,rotate,medium,1.0,False,0.8580343127250671,0.9833984375,0.0216961174842352,0.8580343127250671,0.9833984375,0.0216961174842352,,,
328,0,5,rotate,hard,1.0,False,0.7776178121566772,0.99072265625,0.0227093710381283,0.7776178121566772,0.99072265625,0.0227093710381283,,,
328,0,6,resize,easy,1.1773425771320305,False,0.9676697254180908,0.9921875,0.0202944455407303,0.9697130918502808,0.99267578125,0.0063404814153736,,,
328,0,7,resize,easy,0.8613287114339848,False,0.9502207040786744,0.99169921875,0.0217730938674921,0.9499828219413756,0.9921875,0.0085363708231731,,,
328,0,8,resize,medium,0.6773425771320305,False,0.9258986711502076,0.994140625,0.0245634294389077,0.9297893643379213,0.994140625,0.0115117711913872,,,
328,0,9,resize,hard,0.47734257713203043,True,0.8347357511520386,0.99462890625,0.0266971395403674,0.8347868919372559,0.99462890625,0.0265932657367603,0.8348654508590698,0.99462890625,0.0265562629615521
329,0,0,move,easy,1.0,False,0.942196249961853,0.99267578125,0.0471704350727143,0.9434022903442384,0.9921875,0.0451147202887342,,,
329,0,1,move,medium,1.0,False,0.92505943775177,0.99267578125,0.0456479080417937,0.9250752925872804,0.9921875,0.0435564047738197,,,
329,0,2,rotate,easy,1.0,False,0.8771965503692627,0.990234375,0.0473083034003013,0.8771965503692627,0.990234375,0.0473083034003013,,,
329,0,3,rotate,medium,1.0,False,0.8516194820404053,0.9912109375,0.0463736863654974,0.8516194820404053,0.9912109375,0.0463736863654974,,,
329,0,4,rotate,hard,1.0,False,0.8490638136863708,0.9892578125,0.0555019970951343,0.8490638136863708,0.9892578125,0.0555019970951343,,,
329,0,5,resize,easy,1.2350449889469404,False,0.9417197704315186,0.99267578125,0.0433506941301194,0.9417197704315186,0.99267578125,0.0433506941301194,,,
329,0,6,resize,easy,1.4350449889469403,False,0.9328067302703856,0.9921875,0.0415045094387848,0.9327658414840698,0.9921875,0.0414073830649578,,,
329,0,7,resize,easy,1.5128205128205128,True,0.9263919591903688,0.99169921875,0.0422080918526165,0.9281102418899536,0.99169921875,0.0427823010602991,0.9280608892440796,0.9912109375,0.0427740887606205
330,0,0,move,easy,1.0,False,0.9555819034576416,0.9814453125,0.0451822168415001,0.9607771039009094,0.98193359375,0.009003091838285,,,
330,0,1,move,medium,1.0,False,0.946371853351593,0.9599609375,0.0449723239495011,0.9527485370635986,0.96044921875,0.0086666049992467,,,
330,0,2,move,hard,1.0,False,0.9484938383102416,0.9609375,0.0440966465864127,0.9513182640075684,0.9599609375,0.0081179886260355,,,
330,0,3,rotate,medium,1.0,False,0.8994060754776001,0.95703125,0.0433439643322398,0.8994060754776001,0.95703125,0.0433439643322398,,,
330,0,4,rotate,hard,1.0,False,0.750085711479187,0.97216796875,0.0422082823611222,0.750085711479187,0.97216796875,0.0422082823611222,,,
330,0,5,rotate,hard,1.0,False,0.628694474697113,0.97900390625,0.0440396357104978,0.628694474697113,0.97900390625,0.0440396357104978,,,
330,0,6,resize,medium,1.2985210995722336,False,0.938053011894226,0.9794921875,0.0339805340776967,0.9392023086547852,0.98046875,0.0098792458615277,,,
330,0,7,resize,medium,1.4985210995722336,False,0.914626955986023,0.98095703125,0.0319483151910553,0.9129651784896852,0.98095703125,0.0081636853053457,,,
330,0,8,resize,hard,1.935593220338983,True,0.8591061234474182,0.9638671875,0.0300617999365387,0.8585949540138245,0.96435546875,0.0300458544364163,0.8585531711578369,0.96484375,0.030009327755409
330,0,9,resize,easy,0.8007394502138833,False,0.9265466332435608,0.93896484375,0.0473129854115171,0.9335980415344238,0.93896484375,0.0165877432391092,,,
330,0,10,resize,easy,0.7985210995722337,False,0.9275365471839904,0.94384765625,0.0467736048554904,0.93454909324646,0.94384765625,0.0158544958314676,,,
330,0,11,resize,hard,0.5985210995722337,True,0.8677345514297485,0.953125,0.0539056245721306,0.8678831458091736,0.95166015625,0.0540161402898473,0.8679227828979492,0.95166015625,0.0540288063365912
331,0,0,move,easy,1.0,False,0.9799426198005676,0.97021484375,0.0440929266150531,0.9831560254096984,0.97119140625,0.0073334437225225,,,
331,0,1,move,medium,1.0,False,0.960729956626892,0.96728515625,0.0448938192155955,0.9610298275947572,0.96826171875,0.0075735182484017,,,
331,0,2,move,hard,1.0,False,0.9346761703491212,0.9599609375,0.0475806100949888,0.9446828961372375,0.962890625,0.0085805780323463,,,
331,0,3,rotate,medium,1.0,False,0.9034700393676758,0.9619140625,0.0397814270521267,0.9034700393676758,0.9619140625,0.0397814270521267,,,
331,0,6,resize,medium,1.2985210995722336,False,0.960709273815155,0.970703125,0.0358301819516166,0.962370991706848,0.97216796875,0.0088330723985279,,,
331,0,7,resize,medium,1.4985210995722336,False,0.9411078691482544,0.97412109375,0.0349302708732652,0.942517876625061,0.97509765625,0.0071793266744904,,,
331,0,8,resize,hard,1.9547511312217194,True,0.8900416493415833,0.931640625,0.0358054614960679,0.8901128172874451,0.93017578125,0.0358260693649095,0.8901395797729492,0.93017578125,0.0358103580855933
332,0,0,move,easy,1.0,False,0.9827817678451538,0.947265625,0.0547204053817306,0.9886149168014526,0.94921875,0.0125195104225946,,,
332,0,1,move,easy,1.0,False,0.953479826450348,0.96044921875,0.0574265211697295,0.9577628374099731,0.95947265625,0.0141155232208237,,,
332,0,2,move,hard,1.0,False,0.943799614906311,0.96923828125,0.0579319384769976,0.9484291672706604,0.96923828125,0.0140362769306985,,,
332,0,3,rotate,easy,1.0,False,0.9244986772537231,0.97509765625,0.0485277277243562,0.9244986772537231,0.97509765625,0.0485277277243562,,,
332,0,4,rotate,medium,1.0,False,0.8576012849807739,0.9677734375,0.0489722791313134,0.8576012849807739,0.9677734375,0.0489722791313134,,,
332,0,5,rotate,hard,1.0,False,0.7559682130813599,0.96044921875,0.0550262633665641,0.7559682130813599,0.96044921875,0.0550262633665641,,,
332,0,6,resize,easy,1.258807921009462,False,0.9566354751586914,0.96240234375,0.0410319580647053,0.9580469131469728,0.96240234375,0.0145972461447033,,,
332,0,7,resize,medium,1.4588079210094618,False,0.9236015677452089,0.96044921875,0.0383181401712189,0.9327275156974792,0.96142578125,0.0120176270126834,,,
332,0,8,resize,easy,0.8205960394952692,False,0.95156991481781,0.958984375,0.0558985413703139,0.9581960439682008,0.958984375,0.0251517360610662,,,
332,0,9,resize,easy,0.7588079210094619,False,0.924647092819214,0.95654296875,0.0628257252157205,0.9309186935424804,0.95654296875,0.029511262072633,,,
332,0,10,resize,hard,0.5588079210094619,True,0.841604471206665,0.958984375,0.0811626571946253,0.8400833606719971,0.958984375,0.0806204366467538,0.8399279117584229,0.95849609375,0.0806152043006894
333,0,0,move,hard,1.0,False,0.9241132140159608,0.96142578125,0.0656751006044925,0.947149932384491,0.96142578125,0.0192426452883103,,,
333,0,1,resize,easy,1.2625456387670042,False,0.9509136080741882,0.98095703125,0.0467261838732626,0.952395796775818,0.97705078125,0.0179098377426452,,,
333,0,2,resize,medium,1.4625456387670042,False,0.8774231672286987,0.9599609375,0.0455491327746937,0.8881732225418091,0.9482421875,0.0144976478532398,,,
333,0,3,resize,easy,0.818727180616498,False,0.926194190979004,0.9677734375,0.06264406604438,0.9616968035697936,0.9677734375,0.0312873766983801,,,
333,0,4,resize,easy,0.7625456387670041,False,0.9188205599784852,0.96875,0.0627210459678323,0.9511705636978148,0.96875,0.0320968136410377,,,
333,0,5,resize,medium,0.562545638767004,True,0.8137212991714478,0.96875,0.071023550081746,0.8222391605377197,0.970703125,0.0730260479120205,0.8222782611846924,0.970703125,0.0729981558890146
333,1,0,move,easy,1.0,False,0.970177948474884,0.98193359375,0.0348863561341279,0.9741399884223938,0.98193359375,0.0166902536956012,,,
333,1,1,move,medium,1.0,False,0.954274833202362,0.98291015625,0.0406174640042732,0.955524742603302,0.9833984375,0.0199769531320333,,,
333,1,2,move,hard,1.0,False,0.9630123376846312,0.98388671875,0.0337160073701963,0.9631983637809752,0.98388671875,0.0162030285024937,,,
333,1,3,rotate,easy,1.0,False,0.9392942190170288,0.98486328125,0.0326271725485395,0.9392942190170288,0.98486328125,0.0326271725485395,,,
333,1,4,rotate,medium,1.0,False,0.839185357093811,0.982421875,0.0355776840556596,0.839185357093811,0.982421875,0.0355776840556596,,,
333,1,5,rotate,hard,1.0,False,0.6963617205619812,0.9853515625,0.0367208298907555,0.6963617205619812,0.9853515625,0.0367208298907555,,,
333,1,6,resize,easy,0.818727180616498,False,0.9352056980133056,0.98388671875,0.0386260077111812,0.9362810254096984,0.98388671875,0.0272080450156563,,,
333,1,7,resize,easy,0.7625456387670041,False,0.9276154041290284,0.9833984375,0.037430679342444,0.9247442483901978,0.9833984375,0.028340801808939,,,
333,1,8,resize,medium,0.562545638767004,True,0.8147400617599487,0.9833984375,0.0510640553161123,0.8156958222389221,0.98388671875,0.0503277438014495,0.8157837390899658,0.98388671875,0.050261116127115
334,0,0,move,medium,1.0,False,0.951928973197937,0.97998046875,0.0149865597137597,0.9550933837890624,0.97998046875,0.0067857075751286,,,
334,0,2,rotate,medium,1.0,False,0.9401934146881104,0.97021484375,0.0137722319164291,0.9401934146881104,0.97021484375,0.0137722319164291,,,
334,0,3,rotate,medium,1.0,False,0.9000128507614136,0.97900390625,0.0134583064311643,0.9000128507614136,0.97900390625,0.0134583064311643,,,
334,0,4,rotate,hard,1.0,False,0.8340336084365845,0.98583984375,0.0141051667265916,0.8340336084365845,0.98583984375,0.0141051667265916,,,
334,0,5,resize,easy,0.8344813444774835,False,0.9498499631881714,0.98291015625,0.0148600463340289,0.9510408043861388,0.98291015625,0.0101573038852839,,,
335,0,0,move,easy,1.0,False,0.9569997787475586,0.95751953125,0.0550611530381477,0.9621661901474,0.95849609375,0.0339873401639034,,,
335,0,1,move,easy,1.0,False,0.9736022353172302,0.9638671875,0.0557240191442763,0.9744867086410522,0.9638671875,0.0341093097250808,,,
335,0,2,move,hard,1.0,False,0.9339618682861328,0.97509765625,0.0536276158907633,0.9318246245384216,0.97509765625,0.0341203680799485,,,
335,0,3,rotate,easy,1.0,False,0.9249268770217896,0.978515625,0.0541532037169111,0.9249268770217896,0.978515625,0.0541532037169111,,,
335,0,4,rotate,medium,1.0,False,0.913971185684204,0.9775390625,0.0496911977625574,0.913971185684204,0.9775390625,0.0496911977625574,,,
335,0,5,rotate,hard,1.0,False,0.8593522310256958,0.9833984375,0.0558866131257661,0.8593522310256958,0.9833984375,0.0558866131257661,,,
335,0,6,resize,easy,1.2760518013037234,False,0.9513646960258484,0.9814453125,0.040543807007083,0.9498904943466188,0.9814453125,0.0320870553900798,,,
335,0,7,resize,easy,1.4760518013037234,False,0.936347246170044,0.9833984375,0.0386937390621093,0.9316695928573608,0.98388671875,0.029128826029501,,,
335,0,8,resize,medium,1.6806282722513088,True,0.9045724868774414,0.96875,0.035998434598775,0.9034912586212158,0.96923828125,0.0361659370738243,0.9035187363624572,0.96875,0.0361559971168444
335,0,9,resize,easy,0.8119740993481384,False,0.9229958653450012,0.9658203125,0.0571761038917745,0.923198401927948,0.9658203125,0.0519535962296936,,,
335,0,10,resize,easy,0.7760518013037234,False,0.8968042731285095,0.966796875,0.0589333906522413,0.8962690830230713,0.966796875,0.0535406367175372,,,
335,0,11,resize,medium,0.5760518013037234,True,0.8121799230575562,0.96337890625,0.087127348565257,0.8305900692939758,0.96533203125,0.0822482501494847,0.8305221796035767,0.96533203125,0.0822792850389074
336,0,0,move,medium,1.0,False,0.9666330814361572,0.98095703125,0.1123176586982377,0.9731458425521852,0.98193359375,0.0192978530119403,,,
336,0,1,move,hard,1.0,False,0.9585406184196472,0.97021484375,0.1146166446041974,0.9595803022384644,0.96923828125,0.0199249029298394,,,
336,0,2,rotate,medium,1.0,False,0.9146793484687804,0.9814453125,0.0985223734962798,0.9146793484687804,0.9814453125,0.0985223734962798,,,
336,0,3,rotate,hard,1.0,False,0.8516386151313782,0.97314453125,0.0999298164094075,0.8516386151313782,0.97314453125,0.0999298164094075,,,
336,0,4,rotate,hard,1.0,False,0.7481260895729065,0.96533203125,0.0991714717595207,0.7481260895729065,0.96533203125,0.0991714717595207,,,
336,0,5,resize,medium,1.2760518013037234,False,0.956479787826538,0.9755859375,0.0802381250791584,0.9633411765098572,0.97509765625,0.0215685283739326,,,
336,0,6,resize,medium,0.8119740993481384,False,0.9132585525512696,0.97412109375,0.1134046364347225,0.9271659255027772,0.97412109375,0.0396085567799625,,,
336,0,7,resize,medium,0.7760518013037234,False,0.9274622797966005,0.974609375,0.1152051985919141,0.9122080206871032,0.974609375,0.0427298765749429,,,
336,0,8,resize,hard,0.5760518013037234,True,0.7761145830154419,0.970703125,0.1413112950067594,0.7751271724700928,0.97119140625,0.1415436950555068,0.7753888368606567,0.970703125,0.1415423994454789
337,0,0,move,easy,1.0,False,0.955864191055298,0.970703125,0.0303409944235324,0.9740062952041626,0.970703125,0.0058776100049176,,,
337,0,1,move,medium,1.0,False,0.9027708768844604,0.96826171875,0.0372049990094298,0.921036183834076,0.96728515625,0.008922211987465,,,
337,0,2,move,hard,1.0,False,0.8855849504470825,0.97021484375,0.0343962730052265,0.8996909856796265,0.97021484375,0.0076753417013252,,,
337,0,3,rotate,easy,1.0,False,0.9536207914352416,0.9580078125,0.0269077327900857,0.9536207914352416,0.9580078125,0.0269077327900857,,,
337,0,4,rotate,medium,1.0,False,0.7976453900337219,0.970703125,0.0270147815624641,0.7976453900337219,0.970703125,0.0270147815624641,,,
337,0,5,rotate,hard,1.0,False,0.7130987644195557,0.96142578125,0.0299079138016706,0.7130987644195557,0.96142578125,0.0299079138016706,,,
337,0,6,resize,easy,1.2760518013037234,False,0.9372451901435852,0.97216796875,0.0246932006633499,0.9453343152999878,0.97509765625,0.0073397717295873,,,
337,0,7,resize,medium,1.4760518013037234,False,0.9030141830444336,0.96630859375,0.0230928973188085,0.9187478423118592,0.962890625,0.0058832590481814,,,
337,0,8,resize,hard,1.8825622775800712,True,0.8303654789924622,0.96533203125,0.0207197233508105,0.8308054804801941,0.96533203125,0.0206874585653335,0.8307431936264038,0.96484375,0.0206906669321331
337,0,9,resize,easy,0.8119740993481384,False,0.9007937908172609,0.9599609375,0.0259035305263744,0.9243990182876588,0.9599609375,0.0112704934246625,,,
337,0,10,resize,easy,0.7760518013037234,False,0.8512899875640869,0.9599609375,0.0268133710952462,0.8872426748275757,0.9599609375,0.0120421141845447,,,
337,0,11,resize,hard,0.5760518013037234,True,0.7667070627212524,0.96240234375,0.0320027669437711,0.7717939615249634,0.9599609375,0.0319344135897404,0.7719797492027283,0.96044921875,0.0319370110171936
338,0,0,move,easy,1.0,False,0.973822057247162,0.96435546875,0.029230282086871,0.9799456000328064,0.9638671875,0.0073464656483723,,,
338,0,1,move,medium,1.0,False,0.9595348834991456,0.95947265625,0.0310454998855943,0.9698023796081544,0.9580078125,0.00793768276234,,,
338,0,2,move,medium,1.0,False,0.9587860703468324,0.97705078125,0.0306874017831618,0.9719580411911012,0.97705078125,0.0078737946147102,,,
338,0,3,rotate,easy,1.0,False,0.9578346610069276,0.9677734375,0.0275259087653326,0.9578346610069276,0.9677734375,0.0275259087653326,,,
338,0,4,rotate,medium,1.0,False,0.9420120716094972,0.97021484375,0.0263081334777624,0.9420120716094972,0.97021484375,0.0263081334777624,,,
338,0,5,rotate,hard,1.0,False,0.854649543762207,0.95263671875,0.0262258755870317,0.854649543762207,0.95263671875,0.0262258755870317,,,
338,0,6,resize,easy,1.2760518013037234,False,0.9563090801239014,0.96630859375,0.0257864868687431,0.9556773900985718,0.9658203125,0.0087767801622131,,,
338,0,7,resize,medium,1.4455475353142602,False,0.9327632784843444,0.94970703125,0.024763800970957,0.9322945475578308,0.95068359375,0.0077158438834851,,,
338,0,8,resize,hard,1.8380281690140845,True,0.879726767539978,0.9287109375,0.0224800941006152,0.8798640966415405,0.9287109375,0.0226125062538587,0.8795694708824158,0.927734375,0.0226238995869792
338,0,9,resize,easy,0.82722623234287,False,0.945348858833313,0.96337890625,0.0273986535653374,0.9566563367843628,0.96337890625,0.0113258146224047,,,
338,0,10,resize,easy,0.7455475353142602,False,0.9392183423042296,0.96142578125,0.0300193557265127,0.939275085926056,0.96142578125,0.0142625689177366,,,
338,0,11,resize,hard,0.5455475353142601,True,0.8567352294921875,0.96142578125,0.0313450213009863,0.8560670614242554,0.9609375,0.0314566405436158,0.8558725118637085,0.9609375,0.0314826598940937
339,0,0,move,medium,1.0,False,0.9644923210144044,0.97802734375,0.0113272715161204,0.968543529510498,0.9775390625,0.0041482304352596,,,
339,0,1,move,hard,1.0,False,0.9574309587478638,0.95849609375,0.0117928402376138,0.9594177007675172,0.95751953125,0.0042140209401106,,,
339,0,2,rotate,medium,1.0,False,0.9267879128456116,0.9755859375,0.0096461120447619,0.9267879128456116,0.9755859375,0.0096461120447619,,,
339,0,3,rotate,hard,1.0,False,0.8597076535224915,0.97998046875,0.0118199240642227,0.8597076535224915,0.97998046875,0.0118199240642227,,,
339,0,4,rotate,hard,1.0,False,0.7656903266906738,0.958984375,0.0116621335822024,0.7656903266906738,0.958984375,0.0116621335822024,,,
339,0,5,resize,medium,1.1720430107526882,False,0.9498891830444336,0.9814453125,0.0118313753459405,0.9524248838424684,0.9814453125,0.0044714204619885,,,
339,0,6,resize,medium,0.82722623234287,False,0.9555877447128296,0.9755859375,0.0104426550800381,0.9577743411064148,0.9755859375,0.0054657651981078,,,
339,0,7,resize,medium,0.7455475353142602,False,0.9605086445808412,0.97021484375,0.0109106213772949,0.964595913887024,0.97021484375,0.0055314034545516,,,
339,0,8,resize,hard,0.5455475353142601,True,0.8962239623069763,0.97412109375,0.0153702376462953,0.8939542770385742,0.97314453125,0.015415188328881,0.8941401243209839,0.97265625,0.0154060402397457
340,0,0,move,easy,1.0,False,0.9726171493530272,0.9755859375,0.0430303480360379,0.9765044450759888,0.97607421875,0.0265253462263816,,,
340,0,1,move,medium,1.0,False,0.9644569158554076,0.970703125,0.0420132387004638,0.9694576263427734,0.970703125,0.0258929588872409,,,
340,0,2,rotate,easy,1.0,False,0.9560896754264832,0.958984375,0.0367637749150813,0.9560896754264832,0.958984375,0.0367637749150813,,,
340,0,3,rotate,medium,1.0,False,0.961569845676422,0.9658203125,0.0375166207360358,0.961569845676422,0.9658203125,0.0375166207360358,,,
340,0,4,rotate,hard,1.0,False,0.9420018196105956,0.9697265625,0.0428595925195274,0.9420018196105956,0.9697265625,0.0428595925195274,,,
340,0,5,resize,easy,1.2455475353142602,False,0.9508614540100098,0.9736328125,0.033437982783589,0.951485514640808,0.97265625,0.0238059719434665,,,
340,0,6,resize,medium,1.4455475353142602,False,0.9296462535858154,0.982421875,0.0324435681735153,0.9313002824783324,0.98193359375,0.0221234709296478,,,
340,0,7,resize,medium,1.6071428571428572,True,0.8981512784957886,0.97705078125,0.0329186543606276,0.8980941772460938,0.97705078125,0.0329561970257207,0.8981637954711914,0.97705078125,0.0329431129184624
340,0,8,resize,easy,0.82722623234287,False,0.963143229484558,0.97119140625,0.0416760791088078,0.964752197265625,0.97119140625,0.0328676617148753,,,
340,0,9,resize,easy,0.7455475353142602,False,0.94691264629364,0.97216796875,0.0439170566478239,0.9468412399291992,0.97216796875,0.0353364274916042,,,
340,0,10,resize,hard,0.5455475353142601,True,0.8850589990615845,0.97119140625,0.051898282490288,0.884391188621521,0.97021484375,0.0523032913138549,0.8844272494316101,0.9697265625,0.0522907236222481
341,0,0,move,medium,1.0,False,0.9403634667396544,0.96630859375,0.0823947004830051,0.9590506553649902,0.96484375,0.006650550184301,,,
341,0,1,move,medium,1.0,False,0.9634917378425598,0.95947265625,0.0820360851882603,0.9791975021362304,0.95654296875,0.0064784742918362,,,
341,0,2,rotate,medium,1.0,False,0.8537092208862305,0.95361328125,0.0731371470585063,0.8537092208862305,0.95361328125,0.0731371470585063,,,
341,0,3,rotate,hard,1.0,False,0.7626870274543762,0.9423828125,0.0732200718824497,0.7626870274543762,0.9423828125,0.0732200718824497,,,
341,0,4,rotate,hard,1.0,False,0.6280711889266968,0.953125,0.0783753314856105,0.6280711889266968,0.953125,0.0783753314856105,,,
341,0,5,resize,medium,0.82722623234287,False,0.9202667474746704,0.95068359375,0.0762000749749024,0.935940146446228,0.95068359375,0.0111446803824143,,,
341,0,6,resize,medium,0.7455475353142602,False,0.9027094841003418,0.9501953125,0.0823720873266674,0.8773505091667175,0.9501953125,0.0141219329261759,,,
341,0,7,resize,hard,0.5455475353142601,True,0.8032032251358032,0.94873046875,0.0943085793861863,0.8039944767951965,0.95361328125,0.0944712705277358,0.8040888905525208,0.95361328125,0.0944580629041981
342,0,0,move,easy,1.0,False,0.985243558883667,0.97314453125,0.0205035994915265,0.9857022762298584,0.9736328125,0.0075479328446192,,,
342,0,1,move,medium,1.0,False,0.9912766218185424,0.97509765625,0.0213204941589221,0.9913358688354492,0.97509765625,0.0070437625279649,,,
342,0,2,move,hard,1.0,False,0.967239499092102,0.97314453125,0.0179426145108138,0.9687522053718568,0.97314453125,0.0061294763118549,,,
342,0,3,rotate,easy,1.0,False,0.9668479561805724,0.982421875,0.0178158863908381,0.9668479561805724,0.982421875,0.0178158863908381,,,
342,0,4,rotate,medium,1.0,False,0.9492047429084778,0.96826171875,0.019056495362878,0.9492047429084778,0.96826171875,0.019056495362878,,,
342,0,5,rotate,hard,1.0,False,0.9008923768997192,0.966796875,0.0241589252964577,0.9008923768997192,0.966796875,0.0241589252964577,,,
342,0,6,resize,easy,1.2358255964599165,False,0.9719035029411316,0.99169921875,0.0177235675364453,0.972808599472046,0.99169921875,0.0078652109551255,,,
342,0,7,resize,medium,1.4358255964599165,False,0.948082447052002,0.982421875,0.0163708879601639,0.9494473338127136,0.98193359375,0.005510722605664,,,
342,0,8,resize,hard,1.7619047619047619,True,0.8566354513168335,0.96240234375,0.0175931875404004,0.856533408164978,0.9619140625,0.0175442019391569,0.8564798831939697,0.96142578125,0.0175443629171432
342,0,9,resize,easy,0.8320872017700418,False,0.9758825898170472,0.97314453125,0.0195269586482796,0.9763717651367188,0.97314453125,0.009806389874629,,,
342,0,10,resize,medium,0.7358255964599165,False,0.9608153104782104,0.97216796875,0.0209804570136993,0.9573237895965576,0.97216796875,0.0109693178520064,,,
342,0,11,resize,hard,0.5358255964599165,True,0.870617151260376,0.97021484375,0.0254513188527101,0.8717051148414612,0.970703125,0.0253461216536999,0.8717369437217712,0.970703125,0.0253333150381682
343,0,0,move,medium,1.0,False,0.9646165370941162,0.94775390625,0.048144128895168,0.9688229560852052,0.9501953125,0.0072013325897938,,,
343,0,1,move,medium,1.0,False,0.981604814529419,0.96240234375,0.0478138185664595,0.988936185836792,0.96142578125,0.0070070969479951,,,
343,0,2,move,hard,1.0,False,0.9556622505187988,0.96142578125,0.0473398589764126,0.9632816314697266,0.96142578125,0.0075260489748429,,,
343,0,3,rotate,medium,1.0,False,0.9432073831558228,0.98046875,0.0411390913430712,0.9432073831558228,0.98046875,0.0411390913430712,,,
343,0,4,rotate,medium,1.0,False,0.9313074350357056,0.9453125,0.044679022917099,0.9313074350357056,0.9453125,0.044679022917099,,,
343,0,5,rotate,hard,1.0,False,0.8135729432106018,0.95166015625,0.0470663704114054,0.8135729432106018,0.95166015625,0.0470663704114054,,,
343,0,6,resize,medium,1.2358255964599165,False,0.9579907059669496,0.9853515625,0.0356790975423487,0.9577493071556092,0.98486328125,0.0086922978169838,,,
343,0,7,resize,medium,1.3333333333333333,False,0.9449423551559448,0.97802734375,0.0350320866425905,0.944497525691986,0.97802734375,0.0083144077010952,,,
343,0,8,resize,easy,0.8320872017700418,False,0.9548088312149048,0.96533203125,0.0507211970229101,0.9576701521873474,0.96533203125,0.01523130062556,,,
343,0,9,resize,medium,0.7358255964599165,False,0.9198935031890868,0.96142578125,0.0600427388469512,0.9262767434120178,0.96142578125,0.0172553767269619,,,
343,0,10,resize,hard,0.5358255964599165,True,0.824433445930481,0.9609375,0.0781734617848376,0.8229728937149048,0.96240234375,0.0780417070818619,0.8228964805603027,0.962890625,0.0780315362159806
344,0,0,move,easy,1.0,False,0.9640002250671388,0.97216796875,0.0680994931205604,0.9681398868560792,0.9716796875,0.0148419170585005,,,
344,0,1,move,medium,1.0,False,0.9723514318466188,0.97705078125,0.0688063347202516,0.981515884399414,0.978515625,0.0151243917067134,,,
344,0,2,rotate,easy,1.0,False,0.9456145763397216,0.9765625,0.0579083240517695,0.9456145763397216,0.9765625,0.0579083240517695,,,
344,0,3,rotate,medium,1.0,False,0.929122507572174,0.978515625,0.0584511779099226,0.929122507572174,0.978515625,0.0584511779099226,,,
344,0,4,rotate,hard,1.0,False,0.8978296518325806,0.970703125,0.0602123271204241,0.8978296518325806,0.970703125,0.0602123271204241,,,
344,0,5,resize,easy,1.2358255964599165,False,0.9319835901260376,0.97900390625,0.0486667404001622,0.9380717277526855,0.97998046875,0.0146375033136184,,,
344,0,6,resize,medium,1.4358255964599165,False,0.9282228350639344,0.9736328125,0.04364476170117,0.9320406317710876,0.9736328125,0.0127058199758678,,,
344,0,7,resize,hard,1.6292834890965733,True,0.9101780652999878,0.96044921875,0.0408280418385597,0.9096595644950868,0.95947265625,0.0410177652801583,0.9096301794052124,0.95947265625,0.0410125014599758
344,0,8,resize,easy,0.8320872017700418,False,0.9291338920593262,0.98095703125,0.0664609969050656,0.9396466016769408,0.9814453125,0.0242731160301608,,,
344,0,9,resize,medium,0.7358255964599165,False,0.8743064403533936,0.97412109375,0.0737323363066662,0.860914409160614,0.97412109375,0.0287972905665706,,,
344,0,10,resize,hard,0.5358255964599165,True,0.8150119781494141,0.97412109375,0.0931947052284467,0.810181200504303,0.97412109375,0.0946566525609767,0.8102641105651855,0.9736328125,0.0946533311328872
345,0,0,move,medium,1.0,False,0.9770896434783936,0.97705078125,0.048975942559547,0.9828477501869202,0.9755859375,0.0095716854269468,,,
345,0,1,resize,medium,0.8320872017700418,False,0.9513094425201416,0.97509765625,0.0504583663818401,0.956731915473938,0.9755859375,0.0175707425554136,,,
345,0,2,resize,hard,0.6637423665033829,False,0.8987889289855957,0.97802734375,0.0619486915864972,0.8895703554153442,0.97802734375,0.0247756970453599,,,
345,0,3,resize,hard,0.46374236650338285,True,0.7282837629318237,0.97216796875,0.075167516932494,0.7281710505485535,0.97216796875,0.0755541292383968,0.7282600402832031,0.97265625,0.0755437834167528
345,1,0,move,easy,1.0,False,0.9791107773780824,0.9873046875,0.0241659725445397,0.983424186706543,0.9873046875,0.0104625171446863,,,
345,1,1,move,easy,1.0,False,0.9660696983337402,0.986328125,0.0252903201609008,0.9700846076011658,0.986328125,0.0104948140091295,,,
345,1,2,rotate,easy,1.0,False,0.9801476001739502,0.98388671875,0.0254178060666894,0.9801476001739502,0.98388671875,0.0254178060666894,,,
345,1,3,rotate,easy,1.0,False,0.9389666318893432,0.98876953125,0.0236022878940256,0.9389666318893432,0.98876953125,0.0236022878940256,,,
345,1,4,rotate,hard,1.0,False,0.8044688701629639,0.98876953125,0.030805982096235,0.8044688701629639,0.98876953125,0.030805982096235,,,
345,1,5,resize,easy,0.8681288167483086,False,0.9508389234542848,0.9873046875,0.0236278588721998,0.9525763988494872,0.9873046875,0.015598888875062,,,
345,1,6,resize,medium,0.6637423665033829,False,0.9101510047912598,0.986328125,0.0292332321254599,0.9058184027671814,0.986328125,0.0212380465934564,,,
345,1,7,resize,hard,0.46374236650338285,True,0.7670442461967468,0.98681640625,0.0505675192130786,0.7657945156097412,0.98583984375,0.0510871113622151,0.7656011581420898,0.986328125,0.0511238111794403
345,2,0,move,easy,1.0,False,0.96625816822052,0.98291015625,0.0246773108215574,0.9669817090034484,0.98291015625,0.0111493744130061,,,
345,2,1,move,easy,1.0,False,0.9518593549728394,0.98291015625,0.0239489886613481,0.9527589678764344,0.98291015625,0.0090827962677087,,,
345,2,2,rotate,easy,1.0,False,0.9487522840499878,0.98193359375,0.0267181002210635,0.9487522840499878,0.98193359375,0.0267181002210635,,,
345,2,3,rotate,easy,1.0,False,0.8779956102371216,0.98681640625,0.0256331736830047,0.8779956102371216,0.98681640625,0.0256331736830047,,,
345,2,4,rotate,hard,1.0,False,0.811834454536438,0.98193359375,0.0314209900923617,0.811834454536438,0.98193359375,0.0314209900923617,,,
345,2,5,resize,easy,1.163742366503383,False,0.9348018765449524,0.9814453125,0.0229228503073994,0.940949320793152,0.98193359375,0.0129879263445903,,,
345,2,6,resize,easy,1.363742366503383,False,0.93459290266037,0.98046875,0.0221536644770831,0.9351381659507751,0.97998046875,0.0108695188656809,,,
345,2,7,resize,easy,0.8681288167483086,False,0.9280201196670532,0.97412109375,0.0245205407546323,0.9242101907730104,0.97412109375,0.0144805679227966,,,
345,2,8,resize,medium,0.6637423665033829,False,0.8556845188140869,0.9775390625,0.0362537953741407,0.8563092350959778,0.9775390625,0.0237204751236051,,,
345,2,9,resize,hard,0.46374236650338285,True,0.7878278493881226,0.97705078125,0.0554246146675987,0.7883491516113281,0.9765625,0.0545435378452456,0.7885446548461914,0.97607421875,0.0545712795587957
346,0,0,move,easy,1.0,False,0.9682250618934632,0.98681640625,0.0263503454286654,0.9771237373352052,0.98681640625,0.0113557966569484,,,
346,0,3,rotate,medium,1.0,False,0.939894676208496,0.98974609375,0.024297007358265,0.939894676208496,0.98974609375,0.024297007358265,,,
347,0,0,move,medium,1.0,False,0.9784463047981262,0.97021484375,0.0377959052642982,0.9889039993286132,0.97216796875,0.0060698866922527,,,
347,0,1,move,hard,1.0,False,0.9588565826416016,0.95166015625,0.0368631395311094,0.9718641042709352,0.94970703125,0.0060329222875091,,,
347,0,2,rotate,medium,1.0,False,0.9695279598236084,0.97998046875,0.0327287535478173,0.9695279598236084,0.97998046875,0.0327287535478173,,,
347,0,3,rotate,hard,1.0,False,0.9380489587783812,0.96826171875,0.0336857852519718,0.9380489587783812,0.96826171875,0.0336857852519718,,,
347,0,4,rotate,hard,1.0,False,0.8856338262557983,0.92724609375,0.034384064304584,0.8856338262557983,0.92724609375,0.034384064304584,,,
347,0,5,resize,medium,1.163742366503383,False,0.9618991613388062,0.9541015625,0.0297504879677359,0.974197804927826,0.9501953125,0.0072016178450633,,,
347,0,6,resize,hard,1.4281524926686218,False,0.9461642503738404,0.96240234375,0.0274490699216521,0.9521482586860656,0.96240234375,0.0060833515469607,,,
347,0,7,resize,medium,0.8298375999735702,False,0.963254451751709,0.9599609375,0.0379882063232826,0.9708080291748048,0.9599609375,0.0121735806678573,,,
347,0,8,resize,hard,0.7403248000528597,False,0.9590755105018616,0.95947265625,0.0414116308068254,0.9654950499534608,0.95947265625,0.0142547786787235,,,
347,0,9,resize,hard,0.5403248000528597,True,0.9025487899780272,0.95849609375,0.0521026976918834,0.9056792259216307,0.9580078125,0.0523645580314711,0.9057888984680176,0.95849609375,0.0523637131692892
348,0,0,move,medium,1.0,False,0.9613578915596008,0.9765625,0.0560007422283473,0.9733020067214966,0.9775390625,0.0034136490552803,,,
348,0,1,move,medium,1.0,False,0.9582329988479614,0.97607421875,0.0565004577719104,0.9615669846534728,0.9765625,0.003512247734174,,,
348,0,2,move,hard,1.0,False,0.9619827270507812,0.9638671875,0.0590426972440692,0.9850327372550964,0.95947265625,0.0039268948030914,,,
348,0,3,rotate,medium,1.0,False,0.8944052457809448,0.974609375,0.046410383121693,0.8944052457809448,0.974609375,0.046410383121693,,,
348,0,4,rotate,hard,1.0,False,0.8181649446487427,0.96484375,0.0491387380700645,0.8181649446487427,0.96484375,0.0491387380700645,,,
348,0,5,rotate,hard,1.0,False,0.7334161996841431,0.9306640625,0.0526526429790237,0.7334161996841431,0.9306640625,0.0526526429790237,,,
348,0,6,resize,medium,1.2403248000528597,False,0.9561532735824584,0.9833984375,0.0411974948465438,0.9499078989028932,0.98388671875,0.0046981399534339,,,
348,0,7,resize,medium,1.401253918495298,False,0.9314674735069276,0.98974609375,0.0397767942619168,0.9317309856414796,0.9892578125,0.0039426994061464,,,
348,0,8,resize,medium,0.8298375999735702,False,0.9447076320648192,0.9443359375,0.0489109709284256,0.958349585533142,0.9443359375,0.007519528667608,,,
348,0,9,resize,medium,0.7403248000528597,False,0.9354590177536012,0.95361328125,0.0533653957335058,0.9318057298660278,0.95361328125,0.0095810134148611,,,
348,0,10,resize,hard,0.5403248000528597,True,0.8526262640953064,0.95166015625,0.0600827054574482,0.8512900471687317,0.9541015625,0.0597190694954864,0.8516141772270203,0.95361328125,0.0597265808094029
349,0,0,move,medium,1.0,False,0.9763968586921692,0.96240234375,0.0456884647427367,0.9805138111114502,0.96337890625,0.00696039107775,,,
349,0,1,move,medium,1.0,False,0.9732190370559692,0.9658203125,0.0452832716501553,0.9754443168640136,0.96875,0.0069570302819136,,,
349,0,2,move,hard,1.0,False,0.9772018194198608,0.96630859375,0.0490457534631514,0.9794899821281432,0.96435546875,0.0075053134370538,,,
349,0,3,rotate,medium,1.0,False,0.9604337811470032,0.96826171875,0.0405236302945606,0.9604337811470032,0.96826171875,0.0405236302945606,,,
349,0,4,rotate,hard,1.0,False,0.8927827477455139,0.953125,0.0416967556697491,0.8927827477455139,0.953125,0.0416967556697491,,,
349,0,5,rotate,hard,1.0,False,0.7765651941299438,0.95361328125,0.0451574132670648,0.7765651941299438,0.95361328125,0.0451574132670648,,,
349,0,6,resize,medium,1.2403248000528597,False,0.957926869392395,0.9130859375,0.0337220566194921,0.9630283117294312,0.91748046875,0.0067239120357308,,,
349,0,7,resize,medium,1.4403248000528597,False,0.9327161312103271,0.96630859375,0.0308900736175612,0.938868761062622,0.9658203125,0.0055891739338293,,,
349,0,8,resize,medium,0.8298375999735702,False,0.9570512175559998,0.95068359375,0.0500980939611745,0.957670032978058,0.95068359375,0.0146862569248895,,,
349,0,9,resize,medium,0.7403248000528597,False,0.9430819749832152,0.9482421875,0.0537233397325282,0.9464361667633056,0.94921875,0.0159614920876512,,,
349,0,10,resize,hard,0.5403248000528597,True,0.8629411458969116,0.9404296875,0.0735314075336756,0.8637562990188599,0.9404296875,0.0725715600573842,0.8638202548027039,0.93994140625,0.0725560634983247
350,1,0,move,easy,1.0,False,0.9429713487625122,0.9736328125,0.0792679582990589,0.9478159546852112,0.97509765625,0.0143045402894537,,,
350,1,1,move,medium,1.0,False,0.9389034509658812,0.95361328125,0.0802774877017487,0.9478158950805664,0.95458984375,0.0136625053450694,,,
350,1,2,move,hard,1.0,False,0.911357879638672,0.96923828125,0.0819244281180796,0.9190364480018616,0.96875,0.0141695387974798,,,
350,1,3,rotate,easy,1.0,False,0.9506641626358032,0.97998046875,0.0602097037399339,0.9506641626358032,0.97998046875,0.0602097037399339,,,
350,1,4,rotate,easy,1.0,False,0.9221973419189452,0.97119140625,0.0617232554986033,0.9221973419189452,0.97119140625,0.0617232554986033,,,
350,1,5,rotate,medium,1.0,False,0.8758491277694702,0.9765625,0.063638010120163,0.8758491277694702,0.9765625,0.063638010120163,,,
350,1,6,resize,easy,1.1042804706358187,False,0.957899808883667,0.98046875,0.0578655383899915,0.95406574010849,0.98095703125,0.0162734434358379,,,
350,1,7,resize,easy,1.3042804706358186,False,0.91451495885849,0.9658203125,0.0547791442854995,0.915152907371521,0.9677734375,0.0136691151766528,,,
350,1,8,resize,medium,1.53210352976864,True,0.8958867788314819,0.9443359375,0.0520558658619362,0.8957460522651672,0.93701171875,0.0521521772663325,0.8958419561386108,0.93701171875,0.0521285202993502
350,1,9,resize,easy,0.8978597646820907,False,0.9476277828216552,0.9716796875,0.0643812974973201,0.9522308111190796,0.9716796875,0.0239181733995965,,,
350,1,10,resize,medium,0.6042804706358187,False,0.7339114546775818,0.9755859375,0.0870521943213347,0.75638347864151,0.9755859375,0.0411413642981504,,,
350,1,11,resize,hard,0.4042804706358187,True,0.550710916519165,0.96240234375,0.1215986625096019,0.5528559684753418,0.96240234375,0.1213060200357762,0.5525368452072144,0.962890625,0.1212991093143235
351,0,0,move,easy,1.0,False,0.976622760295868,0.97314453125,0.0283890134327411,0.9812297821044922,0.97412109375,0.0074306508576478,,,
351,0,1,move,medium,1.0,False,0.9764262437820436,0.92333984375,0.0280848754514122,0.9783779382705688,0.92333984375,0.0066709807141713,,,
351,0,2,rotate,easy,1.0,False,0.970218300819397,0.95556640625,0.0261242535973381,0.970218300819397,0.95556640625,0.0261242535973381,,,
352,0,0,move,easy,1.0,False,0.9650232791900636,0.98486328125,0.034173561174257,0.969701051712036,0.98486328125,0.0203220064798516,,,
352,0,1,move,medium,1.0,False,0.9666330814361572,0.96875,0.0298838811794724,0.9698878526687622,0.96875,0.016286881256794,,,
352,0,2,move,hard,1.0,False,0.9378557205200196,0.98681640625,0.0392748145419151,0.9442999958992004,0.98681640625,0.0253475301819482,,,
352,0,3,rotate,easy,1.0,False,0.8880912661552429,0.97900390625,0.0296316756654352,0.8880912661552429,0.97900390625,0.0296316756654352,,,
352,0,4,rotate,easy,1.0,False,0.8610638380050659,0.974609375,0.0292185675507635,0.8610638380050659,0.974609375,0.0292185675507635,,,
352,0,5,rotate,medium,1.0,False,0.8104594945907593,0.97607421875,0.031262378975858,0.8104594945907593,0.97607421875,0.031262378975858,,,
352,0,6,resize,easy,1.1042804706358187,False,0.9579075574874878,0.9501953125,0.0311392422379791,0.956844687461853,0.95068359375,0.0246886081994399,,,
352,0,7,resize,easy,1.3042804706358186,False,0.9414713382720948,0.9482421875,0.0277937278558256,0.9402377605438232,0.9501953125,0.019935178165956,,,
352,0,8,resize,medium,1.53210352976864,True,0.9008436799049376,0.93212890625,0.0290023075157358,0.9008642435073853,0.93212890625,0.0290912253995868,0.9008568525314332,0.9326171875,0.0290910320998393
352,0,9,resize,easy,0.8978597646820907,False,0.9479861259460448,0.98291015625,0.0299646188364362,0.9523656368255616,0.98291015625,0.0250164149088644,,,
352,0,10,resize,medium,0.6042804706358187,False,0.8942583799362183,0.96923828125,0.0441978127553916,0.8956831693649292,0.96923828125,0.0411835409739248,,,
352,0,11,resize,hard,0.4042804706358187,True,0.7578150033950806,0.9765625,0.0568418582274322,0.7600923180580139,0.97607421875,0.0555135471304021,0.7603614926338196,0.9765625,0.0554896093685828
353,0,0,move,easy,1.0,False,0.9825459122657776,0.99072265625,0.0285696115650696,0.9859050512313844,0.990234375,0.0054899381807546,,,
353,0,3,rotate,easy,1.0,False,0.9378278851509094,0.9853515625,0.0268682298094062,0.9378278851509094,0.9853515625,0.0268682298094062,,,
353,0,4,rotate,medium,1.0,False,0.8895039558410645,0.9833984375,0.030250752738844,0.8895039558410645,0.9833984375,0.030250752738844,,,
353,0,8,resize,hard,2.0642201834862384,True,0.8714082837104797,0.97900390625,0.0221871028669193,0.8713444471359253,0.97998046875,0.0221802956554912,0.8712948560714722,0.9794921875,0.0221693309213846
353,0,9,resize,easy,0.8473203783909403,False,0.9675556421279908,0.97021484375,0.0285750130155017,0.9726359844207764,0.97021484375,0.0105382655750808,,,
354,0,0,move,easy,1.0,False,0.975110113620758,0.93017578125,0.0444677406677986,0.9814749360084534,0.93359375,0.0100130786807326,,,
354,0,1,move,easy,1.0,False,0.9516117572784424,0.96728515625,0.0423005133650772,0.9603561758995056,0.96826171875,0.0097425710775125,,,
354,0,2,move,hard,1.0,False,0.9380099177360536,0.927734375,0.0451441227643117,0.9426219463348388,0.927734375,0.0109315831762817,,,
354,0,3,rotate,easy,1.0,False,0.9573400020599364,0.9853515625,0.0425459045596729,0.9573400020599364,0.9853515625,0.0425459045596729,,,
354,0,4,rotate,medium,1.0,False,0.8952015042304993,0.9794921875,0.043864966336562,0.8952015042304993,0.9794921875,0.043864966336562,,,
354,0,5,rotate,hard,1.0,False,0.7976508736610413,0.96630859375,0.0471574537345727,0.7976508736610413,0.96630859375,0.0471574537345727,,,
354,0,6,resize,easy,1.2053592432181195,False,0.9430573582649232,0.9755859375,0.036879072345162,0.94054913520813,0.9755859375,0.0143204404783681,,,
354,0,7,resize,easy,1.4053592432181194,False,0.9442416429519652,0.97900390625,0.0314919821439189,0.9387159943580629,0.97998046875,0.0095787766937892,,,
354,0,8,resize,hard,2.290194324135896,True,0.8148944973945618,0.9658203125,0.029108487074052,0.8147754669189453,0.96728515625,0.0291983407255639,0.8148792386054993,0.96728515625,0.0291759204286415
354,0,9,resize,easy,0.8473203783909403,False,0.9468662738800048,0.98193359375,0.0414998728814228,0.9500589966773988,0.98193359375,0.0159648300006158,,,
354,0,10,resize,easy,0.7053592432181195,False,0.8940978050231934,0.9716796875,0.0486720183693578,0.8960883617401123,0.9716796875,0.0209272367314837,,,
354,0,11,resize,hard,0.5053592432181194,True,0.7443541288375854,0.9697265625,0.0553888581004407,0.744461715221405,0.97119140625,0.0553822605758319,0.7446962594985962,0.9716796875,0.0553567501473447
355,0,0,move,medium,1.0,False,0.9839790463447572,0.9833984375,0.0215017284413386,0.9880658388137816,0.984375,0.004805994111598,,,
356,0,0,move,medium,1.0,False,0.9882916212081908,0.9755859375,0.0187393370946112,0.9912258982658386,0.97607421875,0.0043665837439791,,,
356,0,1,move,medium,1.0,False,0.9801493883132936,0.9833984375,0.0192676716578982,0.9815851449966432,0.98291015625,0.0041025239179713,,,
356,0,2,move,hard,1.0,False,0.980741798877716,0.958984375,0.0185724336949132,0.9809880256652832,0.95947265625,0.0046225926631275,,,
356,0,3,rotate,medium,1.0,False,0.9611740112304688,0.95751953125,0.0176710351540958,0.9611740112304688,0.95751953125,0.0176710351540958,,,
356,0,4,rotate,medium,1.0,False,0.9143769145011902,0.9619140625,0.0186677745945521,0.9143769145011902,0.9619140625,0.0186677745945521,,,
356,0,5,rotate,hard,1.0,False,0.818732738494873,0.97998046875,0.0203012157575159,0.818732738494873,0.97998046875,0.0203012157575159,,,
356,0,6,resize,medium,0.8907170485885763,False,0.9666461944580078,0.9609375,0.0185934288950913,0.9702841639518738,0.9609375,0.0066258193365828,,,
356,0,7,resize,hard,0.6185659028228475,False,0.9287706613540648,0.953125,0.0278144965851508,0.9301415681838988,0.953125,0.011518646674356,,,
356,0,8,resize,hard,0.4185659028228475,True,0.8268851637840271,0.95654296875,0.0386784915534501,0.8265125155448914,0.9560546875,0.03807941803748,0.8265569806098938,0.95556640625,0.0380470637285558
357,0,0,move,easy,1.0,False,0.9752767086029052,0.96240234375,0.0424944633500783,0.9771887063980104,0.96240234375,0.007008626070569,,,
357,0,1,move,easy,1.0,False,0.9458836317062378,0.93212890625,0.0423108836433257,0.9576550126075744,0.93359375,0.0072011709489427,,,
357,0,2,move,hard,1.0,False,0.9015041589736938,0.9580078125,0.0448457390302309,0.9224247932434082,0.9580078125,0.008429361949861,,,
357,0,3,rotate,easy,1.0,False,0.9479303359985352,0.96044921875,0.034379415103584,0.9479303359985352,0.96044921875,0.034379415103584,,,
357,0,4,rotate,easy,1.0,False,0.9213744401931764,0.94775390625,0.0345580871612284,0.9213744401931764,0.94775390625,0.0345580871612284,,,
357,0,5,rotate,hard,1.0,False,0.8589152693748474,0.935546875,0.0359492877069723,0.8589152693748474,0.935546875,0.0359492877069723,,,
357,0,6,resize,easy,1.1185659028228476,False,0.9581416845321656,0.96484375,0.0328542882052835,0.9652867317199708,0.96435546875,0.0100975695048438,,,
357,0,7,resize,medium,1.3185659028228476,False,0.9292098879814148,0.96240234375,0.0302568012713317,0.9331849217414856,0.96337890625,0.0075870224813584,,,
357,0,8,resize,medium,1.5853658536585367,True,0.9182931184768676,0.95458984375,0.0273986566442829,0.917946755886078,0.9541015625,0.0274761460219342,0.9179969429969788,0.9541015625,0.0274697499669941
357,0,9,resize,easy,0.8907170485885763,False,0.9510552883148192,0.953125,0.0362289197996926,0.9515948295593262,0.953125,0.0118192293029308,,,
357,0,10,resize,medium,0.6185659028228475,False,0.7907047271728516,0.94189453125,0.045748305064417,0.7912993431091309,0.94189453125,0.0194754695126995,,,
357,0,11,resize,hard,0.4185659028228475,True,0.548197865486145,0.94580078125,0.0553129754634093,0.5481311082839966,0.947265625,0.054816029143898,0.5467536449432373,0.94775390625,0.0545475195542698
358,0,0,move,medium,1.0,False,0.9740310907363892,0.96142578125,0.0336381587250479,0.9808880686759948,0.9619140625,0.0057936302086594,,,
358,0,1,move,medium,1.0,False,0.9637161493301392,0.9716796875,0.0324045271648774,0.9664995670318604,0.970703125,0.005425025415366,,,
358,0,2,move,hard,1.0,False,0.9784486889839172,0.9736328125,0.0330539879019876,0.9815375208854676,0.97509765625,0.0053135853702892,,,
358,0,3,rotate,medium,1.0,False,0.927617847919464,0.9677734375,0.028850580813005,0.927617847919464,0.9677734375,0.028850580813005,,,
358,0,4,rotate,hard,1.0,False,0.873433530330658,0.970703125,0.0329437128500417,0.873433530330658,0.970703125,0.0329437128500417,,,
358,0,5,rotate,hard,1.0,False,0.7227427959442139,0.95361328125,0.0340699043914429,0.7227427959442139,0.95361328125,0.0340699043914429,,,
358,0,6,resize,medium,1.1902017291066282,False,0.9633303880691528,0.98583984375,0.0279467833400447,0.9673080444335938,0.986328125,0.007256081542326,,,
358,0,7,resize,medium,0.8097434490401411,False,0.9563838839530944,0.96240234375,0.0338439291325603,0.958932638168335,0.9619140625,0.010318884674741,,,
358,0,8,resize,medium,0.7805131019197179,False,0.959465742111206,0.95751953125,0.0337593613537518,0.9597344994544984,0.95751953125,0.0109070795703464,,,
358,0,9,resize,hard,0.5805131019197178,True,0.8590087890625,0.96728515625,0.0391047964708832,0.8607538938522339,0.966796875,0.0390059457944201,0.8604387044906616,0.966796875,0.0389928443913306
359,0,0,move,easy,1.0,False,0.9710831046104432,0.9501953125,0.0790201930926668,0.9698563814163208,0.95068359375,0.0333681507206008,,,
359,0,1,move,easy,1.0,False,0.9661892652511596,0.98095703125,0.0813316311499558,0.96421480178833,0.98193359375,0.0326271652992658,,,
359,0,2,move,medium,1.0,False,0.9682973027229308,0.96435546875,0.0802535816775235,0.973067045211792,0.96435546875,0.0324567485718423,,,
359,0,3,rotate,easy,1.0,False,0.9588853120803832,0.97509765625,0.0655354754733304,0.9588853120803832,0.97509765625,0.0655354754733304,,,
359,0,4,rotate,medium,1.0,False,0.9131075143814088,0.962890625,0.067033854740398,0.9131075143814088,0.962890625,0.067033854740398,,,
359,0,5,rotate,hard,1.0,False,0.8902103304862976,0.96240234375,0.0696171802054155,0.8902103304862976,0.96240234375,0.0696171802054155,,,
359,0,6,resize,easy,1.280513101919718,False,0.9520213603973388,0.9736328125,0.0551354955262366,0.952814280986786,0.97265625,0.0358562950620712,,,
359,0,7,resize,easy,1.480513101919718,False,0.9049615859985352,0.9755859375,0.055023082284375,0.9005911350250244,0.9765625,0.0333223428462105,,,
359,0,8,resize,hard,2.3463035019455254,True,0.7022440433502197,0.94287109375,0.0462510324920495,0.7006841897964478,0.9404296875,0.0461300054122404,0.7006102800369263,0.9404296875,0.046127416597699
359,0,9,resize,easy,0.8097434490401411,False,0.9504445791244508,0.96142578125,0.0772388646816751,0.9522658586502076,0.9619140625,0.0658036794964899,,,
359,0,10,resize,easy,0.7805131019197179,False,0.9344314336776732,0.9599609375,0.0821877881406411,0.935248851776123,0.9599609375,0.0712197987809356,,,
359,0,11,resize,medium,0.5805131019197178,True,0.8645977973937988,0.96435546875,0.0984696461167049,0.8665413856506348,0.96533203125,0.0991903668374256,0.8666729927062988,0.96484375,0.0991568038626862
360,0,0,move,easy,1.0,False,0.9677692651748656,0.98095703125,0.0688743327830851,0.971219539642334,0.98095703125,0.0138316967396527,,,
360,0,1,move,easy,1.0,False,0.9579958319664,0.9765625,0.0708568350688346,0.9610613584518432,0.97705078125,0.0153060759378276,,,
360,0,2,move,hard,1.0,False,0.9660351276397704,0.98388671875,0.0716716314129462,0.9673688411712646,0.9833984375,0.015587903119374,,,
360,0,3,rotate,easy,1.0,False,0.966872215270996,0.98974609375,0.0576275114515368,0.966872215270996,0.98974609375,0.0576275114515368,,,
360,0,4,rotate,medium,1.0,False,0.9519472122192384,0.9833984375,0.0588178695509317,0.9519472122192384,0.9833984375,0.0588178695509317,,,
360,0,5,rotate,hard,1.0,False,0.929262638092041,0.98193359375,0.0643964730377629,0.929262638092041,0.98193359375,0.0643964730377629,,,
360,0,6,resize,easy,1.280513101919718,False,0.9485717415809632,0.94189453125,0.0504645472865666,0.9543801546096802,0.9521484375,0.0154892554714093,,,
360,0,7,resize,medium,1.480513101919718,False,0.9329688549041748,0.98291015625,0.0491579260724354,0.937546968460083,0.9873046875,0.0139693116033232,,,
360,0,8,resize,hard,2.5348837209302326,True,0.8281933069229126,0.9697265625,0.0386049824001161,0.8277855515480042,0.97119140625,0.0386505747682581,0.8278226852416992,0.9697265625,0.0386290436388414
360,0,9,resize,easy,0.8097434490401411,False,0.9257564544677734,0.98681640625,0.068432541550733,0.9349499940872192,0.98681640625,0.0288906264712023,,,
360,0,10,resize,easy,0.7805131019197179,False,0.906481146812439,0.986328125,0.0708268849949245,0.9159507751464844,0.986328125,0.0290430225307635,,,
360,0,11,resize,medium,0.5805131019197178,True,0.8051283955574036,0.9931640625,0.0906489199368456,0.8095081448554993,0.99365234375,0.0903047462799784,0.8092148900032043,0.9931640625,0.0902938089315798
361,0,0,move,easy,1.0,False,0.9357790946960448,0.98291015625,0.0855650550190851,0.9544013738632202,0.98291015625,0.0264879891653004,,,
361,0,1,move,medium,1.0,False,0.9153038263320924,0.970703125,0.0923350650403435,0.9314281940460204,0.970703125,0.0325038191197784,,,
361,0,2,move,hard,1.0,False,0.9444764852523804,0.97802734375,0.087981617909121,0.9637940526008606,0.97802734375,0.0298746247851672,,,
361,0,3,rotate,easy,1.0,False,0.8594033718109131,0.9716796875,0.0811854448773164,0.8594033718109131,0.9716796875,0.0811854448773164,,,
361,0,4,rotate,medium,1.0,False,0.8572263121604919,0.98046875,0.082434518296882,0.8572263121604919,0.98046875,0.082434518296882,,,
361,0,5,rotate,hard,1.0,False,0.8192263841629028,0.984375,0.0868069304162052,0.8192263841629028,0.984375,0.0868069304162052,,,
361,0,6,resize,easy,1.2517731417889038,False,0.8901779651641846,0.98095703125,0.063085883557889,0.895112931728363,0.98193359375,0.0303748879308956,,,
361,0,7,resize,easy,1.451773141788904,False,0.8388434648513794,0.9833984375,0.0603932084111501,0.8427053689956665,0.9833984375,0.0294890402588399,,,
361,0,8,resize,hard,2.1214285714285714,True,0.6941589713096619,0.9736328125,0.0561870760714176,0.693839967250824,0.9736328125,0.0563429153940981,0.6936955451965332,0.9736328125,0.0563001982433634
361,0,9,resize,easy,0.8241134291055481,False,0.8849930763244629,0.98193359375,0.0928530683216153,0.8926469087600708,0.98193359375,0.0582892448952942,,,
361,0,10,resize,easy,0.7517731417889039,False,0.8604462742805481,0.9794921875,0.1069410493345584,0.8594266176223755,0.9794921875,0.0730733318968613,,,
361,0,11,resize,medium,0.5517731417889038,True,0.7514016628265381,0.9755859375,0.1337811696376219,0.7527145147323608,0.97607421875,0.1334201304727212,0.7526047229766846,0.9755859375,0.1334130512734094
362,0,0,move,easy,1.0,False,0.972308874130249,0.974609375,0.0504860952959335,0.979572057723999,0.97314453125,0.006334108835214,,,
362,0,1,move,medium,1.0,False,0.96574866771698,0.95703125,0.051021504175951,0.971794843673706,0.95849609375,0.0071807901783654,,,
362,0,2,move,hard,1.0,False,0.9521719217300416,0.970703125,0.0513731444145258,0.9706259965896606,0.970703125,0.0069831488353331,,,
362,0,3,rotate,easy,1.0,False,0.9655566215515136,0.9716796875,0.0452780486701269,0.9655566215515136,0.9716796875,0.0452780486701269,,,
362,0,4,rotate,medium,1.0,False,0.930950403213501,0.978515625,0.0450039795614131,0.930950403213501,0.978515625,0.0450039795614131,,,
362,0,5,rotate,hard,1.0,False,0.8051427006721497,0.96044921875,0.047818318933884,0.8051427006721497,0.96044921875,0.047818318933884,,,
362,0,6,resize,easy,1.2517731417889038,False,0.9495857954025269,0.96875,0.0386517559008802,0.949734091758728,0.96533203125,0.0069337871821885,,,
362,0,7,resize,medium,1.451773141788904,False,0.9217966794967652,0.95751953125,0.0356551253155879,0.9226222038269044,0.96142578125,0.0063752530168883,,,
362,0,8,resize,hard,1.7228915662650603,True,0.8617453575134277,0.958984375,0.033946051660739,0.8618019819259644,0.95751953125,0.0339151167064775,0.8618291616439819,0.95751953125,0.0338895861151657
362,0,9,resize,easy,0.8241134291055481,False,0.9367017149925232,0.96240234375,0.0514661527911279,0.940800666809082,0.962890625,0.010507430163959,,,
362,0,10,resize,medium,0.7517731417889039,False,0.9010520577430724,0.94091796875,0.0550831491164171,0.9012669324874878,0.94091796875,0.0110725559195123,,,
362,0,11,resize,hard,0.5517731417889038,True,0.7502772808074951,0.9501953125,0.0687198291004778,0.7520886659622192,0.94921875,0.069078185748522,0.7522135972976685,0.94921875,0.0690572440984179
363,0,0,move,easy,1.0,False,0.9787672758102416,0.99072265625,0.0419577565836673,0.9786959886550904,0.99072265625,0.0089900075505193,,,
363,0,1,move,medium,1.0,False,0.9610352516174316,0.9921875,0.0445507911120137,0.9575622081756592,0.9921875,0.0115245561131468,,,
363,0,2,move,medium,1.0,False,0.9674091339111328,0.99072265625,0.0451231449276588,0.9712852239608764,0.99072265625,0.0112257323204541,,,
363,0,3,rotate,easy,1.0,False,0.94146990776062,0.9853515625,0.0360556028016711,0.94146990776062,0.9853515625,0.0360556028016711,,,
363,0,4,rotate,easy,1.0,False,0.9063563346862792,0.9814453125,0.0375041211226761,0.9063563346862792,0.9814453125,0.0375041211226761,,,
363,0,5,rotate,medium,1.0,False,0.849396824836731,0.9892578125,0.0386802688087126,0.849396824836731,0.9892578125,0.0386802688087126,,,
363,0,6,resize,easy,1.1256523853446352,False,0.9612678289413452,0.990234375,0.0364478207029059,0.9640457034111024,0.990234375,0.0138048248658474,,,
363,0,7,resize,easy,1.3256523853446351,False,0.96019846200943,0.99072265625,0.0335809682871634,0.9599329233169556,0.99072265625,0.0114446334930486,,,
363,0,8,resize,medium,1.6923928900847627,True,0.9166319370269777,0.9833984375,0.0319690145628875,0.915854513645172,0.98291015625,0.0324448682344492,0.9159848093986512,0.98291015625,0.0324001882671642
363,0,9,resize,easy,0.8871738073276825,False,0.9716201424598694,0.99072265625,0.0403320146562225,0.973546862602234,0.99072265625,0.0165775183501937,,,
363,0,10,resize,medium,0.625652385344635,False,0.9246151447296144,0.98974609375,0.0507170854656622,0.9327329397201538,0.98974609375,0.0276594215398769,,,
363,0,11,resize,hard,0.425652385344635,True,0.6703985929489136,0.99169921875,0.0619427323987269,0.66904616355896,0.99169921875,0.0627088892562243,0.6690430641174316,0.99169921875,0.0627419494493903
364,0,0,move,medium,1.0,False,0.9590721130371094,0.95654296875,0.0940078271802385,0.9718645215034484,0.955078125,0.0186180135921469,,,
364,0,1,move,medium,1.0,False,0.947606086730957,0.9560546875,0.0947949630557158,0.9598775506019592,0.94970703125,0.0192023898599095,,,
364,0,2,move,hard,1.0,False,0.9578691124916076,0.9521484375,0.0946418548251099,0.9694648385047911,0.951171875,0.0192286002482239,,,
364,0,3,rotate,easy,1.0,False,0.9592356085777284,0.95751953125,0.0800442300516467,0.9592356085777284,0.95751953125,0.0800442300516467,,,
364,0,4,rotate,medium,1.0,False,0.9273234009742736,0.9609375,0.0823333929997748,0.9273234009742736,0.9609375,0.0823333929997748,,,
364,0,5,rotate,hard,1.0,False,0.8702205419540405,0.94677734375,0.0827060030409419,0.8702205419540405,0.94677734375,0.0827060030409419,,,
364,0,6,resize,easy,1.1256523853446352,False,0.9543371200561525,0.9658203125,0.0749238184176718,0.9617730379104614,0.9658203125,0.024627550924798,,,
364,0,7,resize,medium,1.3256523853446351,False,0.9473841190338136,0.9541015625,0.0631545210145135,0.9435098171234132,0.94921875,0.0180062629990622,,,
364,0,8,resize,easy,0.8871738073276825,False,0.941853940486908,0.95263671875,0.0884341705579095,0.9451709985733032,0.95263671875,0.0329920851532957,,,
364,0,9,resize,medium,0.625652385344635,False,0.8881039023399353,0.9541015625,0.1163532569227369,0.8843427896499634,0.9541015625,0.053421152894867,,,
364,0,10,resize,hard,0.425652385344635,True,0.7267040014266968,0.9521484375,0.147606124971106,0.7277622818946838,0.95263671875,0.1478574795740258,0.7276450395584106,0.95361328125,0.1478401887070617
365,0,0,move,medium,1.0,False,0.9726693630218506,0.9541015625,0.0828935486807952,0.9844267964363098,0.9609375,0.0133058018822966,,,
365,0,1,move,hard,1.0,False,0.969985842704773,0.974609375,0.0826548233665088,0.9807003736495972,0.97509765625,0.0139161548763526,,,
365,0,2,move,hard,1.0,False,0.9672346115112304,0.958984375,0.0830468352371015,0.9737643599510192,0.95068359375,0.0142079089381051,,,
365,0,3,rotate,medium,1.0,False,0.9759294986724854,0.98388671875,0.0676892238207606,0.9759294986724854,0.98388671875,0.0676892238207606,,,
365,0,4,rotate,medium,1.0,False,0.9798582196235656,0.95703125,0.0682304668106116,0.9798582196235656,0.95703125,0.0682304668106116,,,
365,0,5,rotate,hard,1.0,False,0.9705966711044312,0.9833984375,0.0677656150980989,0.9705966711044312,0.9833984375,0.0677656150980989,,,
365,0,6,resize,easy,1.1256523853446352,False,0.9740331172943116,0.984375,0.0626268016536958,0.9807721972465516,0.984375,0.018088459559734,,,
365,0,7,resize,easy,0.8871738073276825,False,0.9734012484550476,0.9658203125,0.0712885328311227,0.9735123515129088,0.9658203125,0.0242476802440795,,,
365,0,8,resize,hard,0.625652385344635,False,0.865339457988739,0.9482421875,0.0862826171649701,0.8674326539039612,0.94873046875,0.0379437011789953,,,
365,0,9,resize,hard,0.425652385344635,True,0.7519382834434509,0.9541015625,0.1040378977984454,0.752045750617981,0.9541015625,0.1041600463670793,0.7521520853042603,0.9541015625,0.1041397078662384
366,0,0,move,easy,1.0,False,0.9840644598007202,0.9833984375,0.030229121060757,0.98729407787323,0.9833984375,0.0040680124299257,,,
366,0,1,move,medium,1.0,False,0.9809093475341796,0.95751953125,0.0307687996694979,0.985644280910492,0.95654296875,0.0035814231707115,,,
366,0,2,move,hard,1.0,False,0.9861872792243958,0.95166015625,0.033084333428884,0.9882804155349731,0.95166015625,0.0040292872458202,,,
366,0,3,rotate,easy,1.0,False,0.9431784749031068,0.95849609375,0.0276293551422087,0.9431784749031068,0.95849609375,0.0276293551422087,,,
366,0,4,rotate,medium,1.0,False,0.9075828790664672,0.951171875,0.0277487986800879,0.9075828790664672,0.951171875,0.0277487986800879,,,
366,0,5,rotate,hard,1.0,False,0.8325204849243164,0.9609375,0.0283235004413724,0.8325204849243164,0.9609375,0.0283235004413724,,,
366,0,6,resize,easy,1.111767538376072,False,0.9887220859527588,0.978515625,0.0261917893430708,0.9886770248413086,0.978515625,0.0048810901018342,,,
366,0,7,resize,easy,0.8941162308119641,False,0.9816642999649048,0.970703125,0.0288055024168085,0.9846970438957214,0.970703125,0.0047407798168245,,,
366,0,8,resize,hard,0.6117675383760719,False,0.934544026851654,0.96728515625,0.0378224672105299,0.936288356781006,0.96728515625,0.0070771098672619,,,
366,0,9,resize,hard,0.41176753837607194,True,0.8418080806732178,0.96630859375,0.0488323666027142,0.8399832248687744,0.966796875,0.0486265873627424,0.8401818871498108,0.966796875,0.0486157176923243
367,0,0,move,medium,1.0,False,0.9806312918663024,0.9560546875,0.0501347541145352,0.9833275079727172,0.95556640625,0.0121821025251164,,,
367,0,1,move,hard,1.0,False,0.9757320284843444,0.962890625,0.051427961847707,0.9787957072257996,0.96240234375,0.0131769360863499,,,
367,0,2,move,hard,1.0,False,0.972348153591156,0.96044921875,0.0517400985725989,0.9783828854560852,0.9697265625,0.0129968422867932,,,
367,0,3,rotate,medium,1.0,False,0.9789700508117676,0.94970703125,0.0438177605635786,0.9789700508117676,0.94970703125,0.0438177605635786,,,
367,0,4,rotate,medium,1.0,False,0.9694887399673462,0.9541015625,0.0448532363026058,0.9694887399673462,0.9541015625,0.0448532363026058,,,
367,0,5,rotate,hard,1.0,False,0.9176839590072632,0.9462890625,0.0455280952476476,0.9176839590072632,0.9462890625,0.0455280952476476,,,
367,0,6,resize,medium,1.105263157894737,False,0.9741803407669068,0.97021484375,0.0405712845641696,0.9778618812561036,0.97119140625,0.0138575894688666,,,
367,0,7,resize,medium,0.8941162308119641,False,0.9747985601425172,0.95166015625,0.0474601061067312,0.976535141468048,0.95166015625,0.0168321875573718,,,
367,0,8,resize,hard,0.6117675383760719,False,0.8703884482383728,0.95263671875,0.0726806397613624,0.8693337440490723,0.953125,0.0283139688139992,,,
367,0,9,resize,hard,0.41176753837607194,True,0.6624945998191833,0.9560546875,0.0919654901960784,0.6549688577651978,0.95556640625,0.0925911484593837,0.6544359922409058,0.95556640625,0.0925753127917833
368,0,1,move,medium,1.0,False,0.9828670620918274,0.9912109375,0.0523333590805761,0.9862299561500548,0.99072265625,0.0200729964742496,,,
368,0,3,rotate,easy,1.0,False,0.9820055961608888,0.98974609375,0.0458744468146589,0.9820055961608888,0.98974609375,0.0458744468146589,,,
368,0,4,rotate,medium,1.0,False,0.9754446148872375,0.9873046875,0.0464279119002168,0.9754446148872375,0.9873046875,0.0464279119002168,,,
368,0,5,rotate,hard,1.0,False,0.9665494561195374,0.9892578125,0.0471173181028544,0.9665494561195374,0.9892578125,0.0471173181028544,,,
369,0,0,move,easy,1.0,False,0.9647538661956788,0.96484375,0.026221056323764,0.9616968035697936,0.9658203125,0.0056408242309269,,,
369,0,1,move,medium,1.0,False,0.9545377492904664,0.98095703125,0.0276305583961979,0.9565483331680298,0.98046875,0.0063995968757873,,,
369,0,2,move,hard,1.0,False,0.9408842325210572,0.98291015625,0.027701895573044,0.943280816078186,0.98291015625,0.0069969716281574,,,
369,0,3,rotate,easy,1.0,False,0.944944143295288,0.98583984375,0.0206446443954445,0.944944143295288,0.98583984375,0.0206446443954445,,,
369,0,4,rotate,medium,1.0,False,0.9448057413101196,0.9833984375,0.0210769984841028,0.9448057413101196,0.9833984375,0.0210769984841028,,,
369,0,5,rotate,hard,1.0,False,0.913056492805481,0.98388671875,0.0215558089615319,0.913056492805481,0.98388671875,0.0215558089615319,,,
369,0,6,resize,easy,1.1699931941798374,False,0.9364399313926696,0.9716796875,0.0190810076697492,0.9331082105636596,0.97216796875,0.0062240080318156,,,
369,0,7,resize,easy,1.3699931941798371,False,0.8923969268798828,0.97802734375,0.0181042276466428,0.905588924884796,0.97900390625,0.0053891160911315,,,
369,0,8,resize,hard,2.024948956348779,True,0.8154811859130859,0.98779296875,0.0163938300749964,0.8157423734664917,0.98828125,0.0165075579141945,0.8149455785751343,0.98828125,0.0165043054497751
369,0,9,resize,easy,0.8650034029100815,False,0.9509959816932678,0.984375,0.019739057364126,0.9445436596870422,0.984375,0.007260300432373,,,
369,0,10,resize,medium,0.6699931941798372,False,0.8834431767463684,0.98583984375,0.0237350271812341,0.8694189786911011,0.98583984375,0.0116159487482087,,,
369,0,11,resize,hard,0.4699931941798372,True,0.7869572639465332,0.984375,0.0275850052939836,0.7894988059997559,0.98486328125,0.0285825973132474,0.7899207472801208,0.984375,0.028505532994697
370,0,0,move,easy,1.0,False,0.9680145978927612,0.9677734375,0.0682364060719135,0.9735720157623292,0.96875,0.0109926328434991,,,
370,0,1,move,medium,1.0,False,0.971428394317627,0.96875,0.0671188460855418,0.9666351675987244,0.9638671875,0.0104751146243352,,,
370,0,2,move,hard,1.0,False,0.9561188220977784,0.9853515625,0.0724419825225601,0.953660488128662,0.98583984375,0.0131873640641652,,,
370,0,3,rotate,easy,1.0,False,0.966484785079956,0.9853515625,0.0556111474066171,0.966484785079956,0.9853515625,0.0556111474066171,,,
370,0,4,rotate,medium,1.0,False,0.9360328912734984,0.974609375,0.0531449050622006,0.9360328912734984,0.974609375,0.0531449050622006,,,
370,0,5,rotate,hard,1.0,False,0.9061988592147828,0.96533203125,0.058133917328324,0.9061988592147828,0.96533203125,0.058133917328324,,,
370,0,6,resize,easy,1.1699931941798374,False,0.9578493237495422,0.966796875,0.0477620596844499,0.9618746042251588,0.9697265625,0.0119982452660278,,,
370,0,7,resize,medium,1.3699931941798371,False,0.9398263692855836,0.97265625,0.0444938246009489,0.9398228526115416,0.96923828125,0.0104761656198196,,,
370,0,8,resize,hard,2.024948956348779,True,0.8913203477859497,0.98876953125,0.041959963582018,0.891574501991272,0.98828125,0.0419917042493904,0.8914671540260315,0.98828125,0.0419769775582473
370,0,9,resize,easy,0.8650034029100815,False,0.9530318975448608,0.97998046875,0.0613891144462918,0.9623119235038756,0.97998046875,0.0198028352105233,,,
370,0,10,resize,medium,0.6699931941798372,False,0.8404250741004944,0.97900390625,0.0791559689358947,0.850897490978241,0.97900390625,0.032019315725138,,,
370,0,11,resize,hard,0.4699931941798372,True,0.5984704494476318,0.97705078125,0.1060099140313044,0.6010564565658569,0.97900390625,0.1060601905521691,0.601499617099762,0.97900390625,0.1060971708030531
371,0,8,resize,hard,2.5542857142857143,True,0.599446177482605,0.99072265625,0.055493249308632,0.6014898419380188,0.98974609375,0.0558740642176501,0.6015568971633911,0.98974609375,0.0558642279830819
372,0,0,move,easy,1.0,False,0.9865177273750304,0.9609375,0.0390221531250788,0.9914999008178712,0.9609375,0.0116089315701332,,,
372,0,1,move,medium,1.0,False,0.9553134441375732,0.97802734375,0.0385284346719885,0.9566871523857116,0.978515625,0.0108558950029159,,,
372,0,2,move,hard,1.0,False,0.9151836037635804,0.9755859375,0.0397836484871369,0.915644109249115,0.9755859375,0.0110804097623664,,,
372,0,3,rotate,easy,1.0,False,0.9550672769546508,0.9609375,0.0349581972527002,0.9550672769546508,0.9609375,0.0349581972527002,,,
372,0,4,rotate,medium,1.0,False,0.8636226058006287,0.96142578125,0.0361522076438149,0.8636226058006287,0.96142578125,0.0361522076438149,,,
372,0,5,rotate,hard,1.0,False,0.7105661630630493,0.96630859375,0.0379898171182979,0.7105661630630493,0.96630859375,0.0379898171182979,,,
372,0,6,resize,easy,1.280916929295356,False,0.9210785627365112,0.97607421875,0.0291628257590402,0.916635811328888,0.9765625,0.0107020301884858,,,
372,0,7,resize,medium,1.480916929295356,False,0.9090443253517152,0.95849609375,0.0290864040863255,0.9001023769378662,0.95849609375,0.0105924909137634,,,
372,0,8,resize,hard,2.2831858407079646,True,0.7935259342193604,0.98486328125,0.0265265221800553,0.7936701774597168,0.98583984375,0.0266903196104597,0.7937242984771729,0.9853515625,0.026664278214289
372,0,9,resize,easy,0.8095415353523221,False,0.928499400615692,0.966796875,0.0432584147412433,0.9323134422302246,0.966796875,0.0209250580929954,,,
372,0,10,resize,easy,0.7809169292953559,False,0.916305422782898,0.96484375,0.0420312420470124,0.9170886278152466,0.96484375,0.0197130624665713,,,
372,0,11,resize,medium,0.5809169292953559,True,0.881519079208374,0.9619140625,0.0567405820744215,0.8823726177215576,0.9619140625,0.0561888149282913,0.8824036121368408,0.9619140625,0.0562074933684005
373,0,0,move,easy,1.0,False,0.9806749820709229,0.9697265625,0.0332426668264471,0.9954081773757936,0.97021484375,0.0043805203091932,,,
373,0,1,move,medium,1.0,False,0.9695119857788086,0.9541015625,0.0343489979361184,0.9681496620178224,0.95458984375,0.0044171565534684,,,
373,0,2,move,hard,1.0,False,0.946410834789276,0.9404296875,0.0315234462275176,0.9520367383956908,0.94091796875,0.0037707906587414,,,
373,0,3,rotate,medium,1.0,False,0.9152749180793762,0.95947265625,0.0301327640464444,0.9152749180793762,0.95947265625,0.0301327640464444,,,
373,0,4,rotate,hard,1.0,False,0.8361300826072693,0.9580078125,0.0306134049673441,0.8361300826072693,0.9580078125,0.0306134049673441,,,
373,0,5,rotate,hard,1.0,False,0.7553621530532837,0.974609375,0.0336210974561758,0.7553621530532837,0.974609375,0.0336210974561758,,,
373,0,6,resize,medium,1.280916929295356,False,0.949931263923645,0.9765625,0.0247084927773873,0.9575202465057372,0.97802734375,0.0042858307739291,,,
373,0,7,resize,medium,1.480916929295356,False,0.9378671646118164,0.978515625,0.0233353745361182,0.9373059272766112,0.9775390625,0.0030045302678675,,,
373,0,8,resize,medium,1.5889328063241106,True,0.9325615167617798,0.978515625,0.0225119987410513,0.9325640201568604,0.97900390625,0.022526361843847,0.9325570464134216,0.97900390625,0.0225180579833921
373,0,9,resize,easy,0.8095415353523221,False,0.9348766803741456,0.94677734375,0.0337344204557621,0.9338937401771544,0.94677734375,0.0074477454511489,,,
373,0,10,resize,medium,0.7809169292953559,False,0.9329147338867188,0.95263671875,0.0358355792819244,0.9228397011756896,0.95263671875,0.0077105830850072,,,
373,0,11,resize,hard,0.5809169292953559,True,0.8229029178619385,0.953125,0.0421579503679938,0.822827935218811,0.95556640625,0.0422129086188121,0.8226694464683533,0.955078125,0.0422092684115689
374,0,0,move,easy,1.0,False,0.9852362275123596,0.96435546875,0.031220293670926,0.9955477714538574,0.96484375,0.0029286633466164,,,
374,0,1,move,medium,1.0,False,0.9759955406188964,0.9580078125,0.0310281296014113,0.98377788066864,0.9599609375,0.0032497101249683,,,
374,0,2,rotate,medium,1.0,False,0.93031644821167,0.96484375,0.026381961973812,0.93031644821167,0.96484375,0.026381961973812,,,
374,0,3,rotate,hard,1.0,False,0.9117193818092346,0.923828125,0.0267177409442743,0.9117193818092346,0.923828125,0.0267177409442743,,,
374,0,4,rotate,hard,1.0,False,0.8132476210594177,0.96240234375,0.0273923290400099,0.8132476210594177,0.96240234375,0.0273923290400099,,,
374,0,5,resize,easy,1.1262626262626263,False,0.9750741720199584,0.9765625,0.024921178212678,0.9762752056121826,0.97607421875,0.0044304493969569,,,
374,0,6,resize,easy,0.8670286600187188,False,0.9537675380706788,0.966796875,0.0268573675754269,0.9615170359611512,0.966796875,0.0056050369735466,,,
374,0,7,resize,medium,0.6659426799625624,False,0.8796362280845642,0.9658203125,0.0311221613954803,0.894971489906311,0.9658203125,0.0084892610972564,,,
374,0,8,resize,hard,0.4659426799625624,True,0.7446973919868469,0.96630859375,0.0402801428896923,0.746221661567688,0.96533203125,0.0405519674037861,0.7463008761405945,0.96484375,0.0405200348417207
375,0,0,move,medium,1.0,False,0.987559974193573,0.986328125,0.0348418902902763,0.9970067143440248,0.9853515625,0.0058713117064112,,,
375,0,1,move,hard,1.0,False,0.9858991503715516,0.9873046875,0.0351917198460403,0.9923422932624816,0.98681640625,0.0063071084704801,,,
375,0,2,rotate,medium,1.0,False,0.9924712181091307,0.984375,0.0300000555909175,0.9924712181091307,0.984375,0.0300000555909175,,,
375,0,3,rotate,hard,1.0,False,0.9936504364013672,0.9853515625,0.0303870612694142,0.9936504364013672,0.9853515625,0.0303870612694142,,,
375,0,4,rotate,hard,1.0,False,0.9911071062088012,0.97802734375,0.0308079544531452,0.9911071062088012,0.97802734375,0.0308079544531452,,,
375,0,5,resize,medium,1.1659426799625625,False,0.9893375635147096,0.984375,0.0291244324753922,0.9903437495231628,0.984375,0.007839592888638,,,
375,0,6,resize,hard,1.3659426799625625,False,0.967356503009796,0.98681640625,0.0276472161267234,0.9717258214950562,0.98681640625,0.0065970867783151,,,
375,0,7,resize,medium,0.8670286600187188,False,0.9831754565238952,0.9794921875,0.0317058404294934,0.9915143847465516,0.9794921875,0.0087802907185596,,,
375,0,8,resize,hard,0.6659426799625624,False,0.9418796300888062,0.97998046875,0.037163714402164,0.9418783187866212,0.97998046875,0.0127269768780234,,,
375,0,9,resize,hard,0.4659426799625624,True,0.8099061250686646,0.9775390625,0.0466798836789105,0.808681070804596,0.9765625,0.0467887924288856,0.8077887892723083,0.97705078125,0.0467645351566835
376,0,0,move,easy,1.0,False,0.9532077312469482,0.9873046875,0.0529657698116738,0.9732456207275392,0.98681640625,0.0184649478059799,,,
376,0,1,move,medium,1.0,False,0.9363869428634644,0.982421875,0.0533171872702727,0.9405723810195924,0.98291015625,0.0193405776761965,,,
376,0,2,rotate,easy,1.0,False,0.9486162662506104,0.98974609375,0.0450963015716055,0.9486162662506104,0.98974609375,0.0450963015716055,,,
376,0,3,rotate,medium,1.0,False,0.9330288171768188,0.986328125,0.0453983886388427,0.9330288171768188,0.986328125,0.0453983886388427,,,
376,0,4,rotate,hard,1.0,False,0.8558526039123535,0.9833984375,0.0471763273170111,0.8558526039123535,0.9833984375,0.0471763273170111,,,
376,0,5,resize,easy,1.1659426799625625,False,0.92924702167511,0.9775390625,0.0420265134088769,0.9364519119262696,0.9775390625,0.0211315737942391,,,
376,0,6,resize,easy,1.3659426799625625,False,0.9335529804229736,0.9873046875,0.0403310294590104,0.9326450824737548,0.98779296875,0.0190357973850482,,,
376,0,7,resize,hard,1.9799196787148594,True,0.8898254036903381,0.98291015625,0.0327302754130399,0.8902104496955872,0.98291015625,0.0328048151352322,0.8902074098587036,0.982421875,0.0327982171895823
376,0,8,resize,easy,0.8670286600187188,False,0.917414665222168,0.98779296875,0.0501748399820924,0.9253814816474916,0.98779296875,0.0279688455294274,,,
376,0,9,resize,medium,0.6659426799625624,False,0.8606890439987183,0.9892578125,0.0598973614137012,0.8631699085235596,0.9892578125,0.0384189058339385,,,
376,0,10,resize,hard,0.4659426799625624,True,0.7864999771118164,0.98876953125,0.0806877017875423,0.7926374673843384,0.98828125,0.0811803586896606,0.7927809953689575,0.98876953125,0.0811606721001653
377,0,0,move,easy,1.0,False,0.9915104508399964,0.9794921875,0.0172232573774287,0.9920257329940796,0.97998046875,0.0052436733094691,,,
377,0,1,move,medium,1.0,False,0.9848466515541076,0.98779296875,0.0180470405691795,0.985541045665741,0.98779296875,0.0052707209132517,,,
377,0,2,rotate,easy,1.0,False,0.9814655184745787,0.98046875,0.0174800775888143,0.9814655184745787,0.98046875,0.0174800775888143,,,
377,0,3,rotate,medium,1.0,False,0.9455342292785645,0.98974609375,0.0193388681396276,0.9455342292785645,0.98974609375,0.0193388681396276,,,
377,0,4,rotate,hard,1.0,False,0.8888595104217529,0.98583984375,0.0186057627966544,0.8888595104217529,0.98583984375,0.0186057627966544,,,
377,0,5,resize,easy,1.1659426799625625,False,0.9766057729721068,0.98095703125,0.0167801799377351,0.977771520614624,0.98095703125,0.0069810303298039,,,
377,0,6,resize,easy,1.3659426799625625,False,0.961234211921692,0.9599609375,0.0149062256866259,0.9607564210891724,0.9599609375,0.0044588437680924,,,
377,0,7,resize,hard,1.9945700997192177,True,0.8897650837898254,0.97802734375,0.0141925234646527,0.8900606632232666,0.9775390625,0.0142376546258794,0.8901537656784058,0.978515625,0.0142379774524976
377,0,8,resize,easy,0.8670286600187188,False,0.9820066690444946,0.98583984375,0.0181226929746605,0.9821220636367798,0.98583984375,0.0075037102866194,,,
377,0,9,resize,medium,0.6659426799625624,False,0.9429017305374146,0.9853515625,0.0196849579160201,0.94443017244339,0.9853515625,0.0095932038682779,,,
377,0,10,resize,hard,0.4659426799625624,True,0.8041946291923523,0.986328125,0.0275333695229515,0.8038989305496216,0.98681640625,0.0274727968286601,0.8039321899414062,0.98681640625,0.0274792134276316
378,0,0,move,easy,1.0,False,0.962334156036377,0.9677734375,0.0351121461781818,0.9658884406089784,0.96875,0.0169682294766811,,,
378,0,1,move,medium,1.0,False,0.964275360107422,0.974609375,0.0366392553681262,0.9693250060081482,0.974609375,0.018527443724649,,,
378,0,2,move,hard,1.0,False,0.9489134550094604,0.9736328125,0.0365198887623949,0.9573270678520204,0.9736328125,0.0176756323251702,,,
378,0,3,rotate,easy,1.0,False,0.9553216695785522,0.94140625,0.0327126125267141,0.9553216695785522,0.94140625,0.0327126125267141,,,
378,0,4,rotate,medium,1.0,False,0.9484037160873412,0.9453125,0.0332583653776414,0.9484037160873412,0.9453125,0.0332583653776414,,,
378,0,5,rotate,hard,1.0,False,0.8971205949783325,0.9697265625,0.0403422616324556,0.8971205949783325,0.9697265625,0.0403422616324556,,,
378,0,6,resize,easy,1.2138366366819653,False,0.944522500038147,0.96630859375,0.0288662453468741,0.951711893081665,0.966796875,0.0160710316931146,,,
378,0,7,resize,easy,1.4138366366819652,False,0.9140337109565736,0.95068359375,0.0302079170322091,0.9204114079475404,0.95166015625,0.0157879041471376,,,
378,0,8,resize,hard,1.9828326180257512,True,0.8451570272445679,0.9658203125,0.0312862414663406,0.8452292680740356,0.966796875,0.0314056873263238,0.8450816869735718,0.966796875,0.0313707090563843
378,0,9,resize,easy,0.8430816816590174,False,0.9331845045089722,0.9482421875,0.0355254554999064,0.9369463920593262,0.9482421875,0.0232463450737068,,,
378,0,10,resize,easy,0.7138366366819652,False,0.861223578453064,0.921875,0.0380716911175357,0.8597797155380249,0.921875,0.0265263798443618,,,
378,0,11,resize,hard,0.5138366366819652,True,0.7753265500068665,0.94580078125,0.0537528578835088,0.7763859033584595,0.94775390625,0.0543742768021816,0.7758950591087341,0.9482421875,0.0543410081848083
379,0,0,move,easy,1.0,False,0.9144879579544068,0.966796875,0.1040471633183122,0.9469685554504396,0.966796875,0.0364543614012348,,,
379,0,1,move,easy,1.0,False,0.9279406070709229,0.96337890625,0.1034790985315468,0.9283029437065125,0.962890625,0.0367203709564789,,,
379,0,2,move,hard,1.0,False,0.9146165251731871,0.9775390625,0.1038929330379346,0.9190002679824828,0.97705078125,0.0384318498088448,,,
379,0,3,rotate,easy,1.0,False,0.9360510110855104,0.958984375,0.0877770496084206,0.9360510110855104,0.958984375,0.0877770496084206,,,
379,0,4,rotate,medium,1.0,False,0.8288463354110718,0.96826171875,0.0897312162136708,0.8288463354110718,0.96826171875,0.0897312162136708,,,
379,0,5,rotate,hard,1.0,False,0.7351826429367065,0.97216796875,0.0896300360705874,0.7351826429367065,0.97216796875,0.0896300360705874,,,
379,0,6,resize,easy,1.2138366366819653,False,0.9312551021575928,0.978515625,0.0798155458622502,0.938956081867218,0.978515625,0.0423073988394462,,,
379,0,7,resize,easy,1.4138366366819652,False,0.9124677777290344,0.9814453125,0.0703700458706521,0.9079697728157043,0.98046875,0.0336473967219457,,,
379,0,8,resize,hard,2.353774775114739,True,0.8105539083480835,0.97509765625,0.0572939462899547,0.8116744160652161,0.97509765625,0.0571266664015051,0.811735987663269,0.974609375,0.0571025737637447
379,0,9,resize,easy,0.8430816816590174,False,0.8784613013267517,0.9658203125,0.093295060323322,0.8799251914024353,0.9658203125,0.0595354003234812,,,
379,0,10,resize,easy,0.7138366366819652,False,0.8225418329238892,0.966796875,0.1050443352660853,0.8113964200019836,0.966796875,0.0738596517111986,,,
379,0,11,resize,hard,0.5138366366819652,True,0.7850559949874878,0.9638671875,0.1217308926734866,0.792472779750824,0.96435546875,0.1208990447828151,0.7922204732894897,0.96435546875,0.1208856817644911
380,0,0,move,easy,1.0,False,0.9543837308883668,0.98046875,0.0489212102045119,0.9690078496932985,0.9794921875,0.0051849040691545,,,
380,0,1,move,medium,1.0,False,0.9271724224090576,0.97265625,0.0503882352941176,0.9575965404510498,0.97314453125,0.0061634197765127,,,
380,0,2,move,hard,1.0,False,0.9171152710914612,0.97412109375,0.0503933797174783,0.9372596740722656,0.9736328125,0.0059965001054185,,,
380,0,3,rotate,medium,1.0,False,0.9528765082359314,0.98388671875,0.0366768500948766,0.9528765082359314,0.98388671875,0.0366768500948766,,,
380,0,4,rotate,hard,1.0,False,0.9189822673797609,0.97607421875,0.0375437967319312,0.9189822673797609,0.97607421875,0.0375437967319312,,,
380,0,5,rotate,hard,1.0,False,0.8377803564071655,0.97216796875,0.0393915433634748,0.8377803564071655,0.97216796875,0.0393915433634748,,,
380,0,6,resize,medium,1.2138366366819653,False,0.9474286437034608,0.9638671875,0.0339944952760966,0.959401547908783,0.96484375,0.0066466515695157,,,
380,0,7,resize,medium,1.3055555555555556,False,0.937147855758667,0.96826171875,0.0325859809282207,0.9505587816238404,0.9697265625,0.0047619731534678,,,
380,0,8,resize,medium,0.8430816816590174,False,0.9432243704795836,0.98095703125,0.0381450586319705,0.9531259536743164,0.98095703125,0.0096704669047977,,,
380,0,9,resize,medium,0.7138366366819652,False,0.9045971632003784,0.98046875,0.0399968899087672,0.8942362070083618,0.98046875,0.0113224691063926,,,
380,0,10,resize,hard,0.5138366366819652,True,0.7769371867179871,0.978515625,0.0492457751797365,0.7783936262130737,0.97802734375,0.0490725457360169,0.7783221006393433,0.97802734375,0.0490329023820449
381,0,0,move,easy,1.0,False,0.9787359237670898,0.96240234375,0.0806408626835978,0.9863444566726683,0.962890625,0.0108664923254237,,,
381,0,1,move,easy,1.0,False,0.975976824760437,0.9755859375,0.0788756527335745,0.9791070222854614,0.97265625,0.0108247656425918,,,
381,0,2,move,hard,1.0,False,0.9721468687057496,0.9609375,0.078101723969819,0.9759438633918762,0.9609375,0.0106839380880343,,,
381,0,3,rotate,easy,1.0,False,0.9358747005462646,0.96044921875,0.0634071183823991,0.9358747005462646,0.96044921875,0.0634071183823991,,,
381,0,4,rotate,medium,1.0,False,0.8730541467666626,0.9736328125,0.0638142169462936,0.8730541467666626,0.9736328125,0.0638142169462936,,,
381,0,5,rotate,hard,1.0,False,0.768607497215271,0.98388671875,0.0654477828605143,0.768607497215271,0.98388671875,0.0654477828605143,,,
381,0,6,resize,easy,1.240554973614323,False,0.963641345500946,0.9755859375,0.0538089563993221,0.9657118320465088,0.97509765625,0.0117385555159759,,,
381,0,7,resize,medium,1.3793103448275863,False,0.9561178088188172,0.97802734375,0.0506735254379216,0.9501098990440368,0.97802734375,0.0103638852223017,,,
381,0,8,resize,easy,0.8297225131928385,False,0.9672194123268129,0.9736328125,0.0716025701746076,0.9699723720550536,0.9736328125,0.0196738679368687,,,
381,0,9,resize,medium,0.7405549736143231,False,0.9582576751708984,0.9736328125,0.0757252397004981,0.9582138061523438,0.9736328125,0.0225975398211688,,,
381,0,10,resize,hard,0.5405549736143231,True,0.8778541088104248,0.97265625,0.0892208967131756,0.8775531053543091,0.9716796875,0.0907674345592134,0.877439022064209,0.97216796875,0.0907553543065105
382,0,0,move,easy,1.0,False,0.9399868249893188,0.98583984375,0.0790535333002694,0.949373722076416,0.98583984375,0.0515701875097503,,,
382,0,1,move,easy,1.0,False,0.9342889189720154,0.98095703125,0.088519364520538,0.9364227056503296,0.98095703125,0.0564077667642285,,,
382,0,2,move,hard,1.0,False,0.925950825214386,0.97607421875,0.1052338807509704,0.9301298260688782,0.97607421875,0.0702187109257668,,,
382,0,3,rotate,easy,1.0,False,0.9446990489959716,0.9892578125,0.0736187390956145,0.9446990489959716,0.9892578125,0.0736187390956145,,,
382,0,4,rotate,medium,1.0,False,0.8867436647415161,0.9892578125,0.0734794309880815,0.8867436647415161,0.9892578125,0.0734794309880815,,,
382,0,5,rotate,hard,1.0,False,0.8193728923797607,0.9873046875,0.0761881793715703,0.8193728923797607,0.9873046875,0.0761881793715703,,,
382,0,6,resize,easy,1.240554973614323,False,0.9435924887657166,0.98486328125,0.0608246946241886,0.9430274963378906,0.9853515625,0.0501794411980626,,,
382,0,7,resize,easy,1.440554973614323,False,0.9206572771072388,0.98876953125,0.0583585591674635,0.920562744140625,0.98876953125,0.045237889802052,,,
382,0,8,resize,hard,2.5541623021074233,True,0.7977898716926575,0.96142578125,0.0620920322690666,0.7976566553115845,0.96142578125,0.0622695538989468,0.7976670265197754,0.96142578125,0.0622504541752803
382,0,9,resize,easy,0.8297225131928385,False,0.8842549920082092,0.9833984375,0.0810382761544094,0.8705209493637085,0.9833984375,0.0744092247417986,,,
382,0,10,resize,easy,0.7405549736143231,False,0.8672177791595459,0.98046875,0.0848702538479136,0.8661811351776123,0.98046875,0.0795636715050211,,,
382,0,11,resize,medium,0.5405549736143231,True,0.7302963733673096,0.978515625,0.1139539697324321,0.7310224771499634,0.97900390625,0.1129270059627586,0.7308329343795776,0.97900390625,0.1128688909587383
383,0,0,move,medium,1.0,False,0.992135524749756,0.96337890625,0.0339934841967047,0.9942767024040222,0.962890625,0.0064774190240213,,,
383,0,1,move,hard,1.0,False,0.9714208841323853,0.95654296875,0.0351374673339962,0.9718942642211914,0.95654296875,0.0066404972374678,,,
383,0,2,move,hard,1.0,False,0.9801520109176636,0.95751953125,0.0350123705034456,0.9825692772865297,0.9560546875,0.0065947877236259,,,
383,0,3,rotate,medium,1.0,False,0.9748466610908508,0.97021484375,0.0309859410281344,0.9748466610908508,0.97021484375,0.0309859410281344,,,
383,0,4,rotate,hard,1.0,False,0.9471838474273682,0.97119140625,0.0316708506000146,0.9471838474273682,0.97119140625,0.0316708506000146,,,
383,0,5,rotate,hard,1.0,False,0.8618549704551697,0.97216796875,0.0336991401620876,0.8618549704551697,0.97216796875,0.0336991401620876,,,
383,0,6,resize,medium,1.252864163673713,False,0.9549367427825928,0.962890625,0.0263751761976907,0.9557090997695924,0.96337890625,0.0070648485089254,,,
383,0,7,resize,hard,1.4065040650406504,False,0.945871114730835,0.9716796875,0.0260707625680517,0.9450825452804564,0.97119140625,0.0063673666741021,,,
383,0,8,resize,medium,0.8235679181631437,False,0.9651261568069458,0.96728515625,0.0337441218999477,0.9653691053390504,0.96728515625,0.0119955769955162,,,
383,0,9,resize,medium,0.7528641636737129,False,0.9600472450256348,0.96728515625,0.0373300311364748,0.9593193531036376,0.966796875,0.0135057526929628,,,
383,0,10,resize,hard,0.5528641636737128,True,0.8824940919876099,0.9658203125,0.0501528628804835,0.8793222308158875,0.9658203125,0.0503317395577145,0.8794559240341187,0.9658203125,0.050327666009807
384,0,0,move,medium,1.0,False,0.9644528031349182,0.98193359375,0.0338042919356586,0.9664871692657472,0.98095703125,0.0072133129488356,,,
384,0,1,move,medium,1.0,False,0.9613648653030396,0.978515625,0.0343222905855648,0.966286301612854,0.97802734375,0.0072775976746445,,,
384,0,2,move,hard,1.0,False,0.9652900099754332,0.990234375,0.0353624094350285,0.970285415649414,0.99072265625,0.0072815761149328,,,
384,0,3,rotate,easy,1.0,False,0.9595476388931274,0.98095703125,0.027402897751836,0.9595476388931274,0.98095703125,0.027402897751836,,,
384,0,4,rotate,medium,1.0,False,0.9228723049163818,0.990234375,0.0274902722009451,0.9228723049163818,0.990234375,0.0274902722009451,,,
384,0,5,rotate,hard,1.0,False,0.8413451313972473,0.98681640625,0.0294994696213351,0.8413451313972473,0.98681640625,0.0294994696213351,,,
384,0,6,resize,easy,0.8621700960832741,False,0.974701166152954,0.9873046875,0.0272285226264179,0.976182460784912,0.9873046875,0.0113247552387264,,,
384,0,7,resize,medium,0.6756598078334518,False,0.9394617080688475,0.98828125,0.0310440419668387,0.9399391412734984,0.98828125,0.0157262399400204,,,
384,0,8,resize,hard,0.4756598078334518,True,0.8235589265823364,0.98681640625,0.0429858708189158,0.8221645355224609,0.98681640625,0.0432428569983204,0.8221979141235352,0.98681640625,0.0432529745644387
385,0,1,move,medium,1.0,False,0.9718897342681884,0.9482421875,0.0641492425069169,0.9781431555747986,0.94580078125,0.0073564736536118,,,
385,0,2,rotate,medium,1.0,False,0.9737811088562012,0.97216796875,0.0519831514615209,0.9737811088562012,0.97216796875,0.0519831514615209,,,
386,0,2,move,hard,1.0,False,0.9386645555496216,0.91943359375,0.0599648233737003,0.9449185729026794,0.92041015625,0.0173105491344253,,,
386,0,3,rotate,easy,1.0,False,0.9299689531326294,0.95703125,0.0509341367254509,0.9299689531326294,0.95703125,0.0509341367254509,,,
386,0,4,rotate,medium,1.0,False,0.9352118372917176,0.9140625,0.052205218210903,0.9352118372917176,0.9140625,0.052205218210903,,,
386,0,6,resize,easy,1.175659807833452,False,0.9499255418777466,0.94482421875,0.0473867664691372,0.9503347277641296,0.9443359375,0.0198409671411656,,,
386,0,7,resize,medium,1.3756598078334519,False,0.9240924715995787,0.96337890625,0.0450578590175543,0.9237014055252076,0.96484375,0.0169303170587159,,,
387,0,0,move,easy,1.0,False,0.9520092010498048,0.95703125,0.0283826321148224,0.9475453495979308,0.95703125,0.0091226721844516,,,
387,0,1,move,easy,1.0,False,0.9432596564292908,0.9560546875,0.0293016717574802,0.942591428756714,0.95654296875,0.0098135120044667,,,
387,0,2,move,hard,1.0,False,0.8956819772720337,0.95654296875,0.0302736558610043,0.8924560546875,0.95654296875,0.0122727362301704,,,
387,0,3,rotate,easy,1.0,False,0.9081966876983644,0.89453125,0.0248622827015776,0.9081966876983644,0.89453125,0.0248622827015776,,,
387,0,4,rotate,medium,1.0,False,0.9057469964027404,0.939453125,0.0276782491634243,0.9057469964027404,0.939453125,0.0276782491634243,,,
387,0,5,rotate,hard,1.0,False,0.7971810102462769,0.9482421875,0.0300215849278837,0.7971810102462769,0.9482421875,0.0300215849278837,,,
387,0,6,resize,easy,1.175659807833452,False,0.9314321279525756,0.92236328125,0.0249927958707906,0.929389238357544,0.923828125,0.0120897542886282,,,
387,0,7,resize,easy,1.3222500713196483,False,0.8999130129814148,0.966796875,0.0249989543458978,0.8939917087554932,0.9677734375,0.0112275303938355,,,
387,0,8,resize,medium,1.666875534897363,True,0.8638630509376526,0.97900390625,0.0240450950817732,0.8631690740585327,0.97900390625,0.024186839381303,0.8632386326789856,0.9794921875,0.0241827462810161
387,0,9,resize,easy,0.8888749643401759,False,0.9151082038879396,0.927734375,0.0277157570781876,0.9143155813217164,0.927734375,0.0153260685853009,,,
387,0,10,resize,medium,0.6222500713196484,False,0.8056161403656006,0.9267578125,0.0407051755803265,0.8032441735267639,0.92626953125,0.0291220898722542,,,
387,0,11,resize,hard,0.4222500713196484,True,0.6636327505111694,0.92822265625,0.0550974318198132,0.6634441018104553,0.9267578125,0.0545526161276488,0.6629724502563477,0.9267578125,0.0545426769224539
388,0,0,move,easy,1.0,False,0.9386382699012756,0.97265625,0.0644111522390416,0.9471522569656372,0.97265625,0.0189706850989103,,,
388,0,1,move,medium,1.0,False,0.9699278473854064,0.97119140625,0.0642661335678275,0.9812667965888976,0.96484375,0.0188411646062993,,,
388,0,2,rotate,easy,1.0,False,0.9541603326797484,0.9521484375,0.0529665674373246,0.9541603326797484,0.9521484375,0.0529665674373246,,,
388,0,3,rotate,easy,1.0,False,0.9344528317451476,0.97265625,0.0529769618612446,0.9344528317451476,0.97265625,0.0529769618612446,,,
388,0,4,rotate,hard,1.0,False,0.921985924243927,0.97509765625,0.0542291348504049,0.921985924243927,0.97509765625,0.0542291348504049,,,
388,0,5,resize,easy,1.1222500713196484,False,0.9382972121238708,0.97900390625,0.0487839863831714,0.948106288909912,0.97802734375,0.0218887995963288,,,
388,0,6,resize,easy,1.3222500713196483,False,0.9181753396987916,0.966796875,0.0471409835993427,0.9285203218460084,0.96923828125,0.0199398941463631,,,
388,0,7,resize,easy,0.8888749643401759,False,0.9108697772026062,0.978515625,0.0588242001718975,0.9031877517700196,0.978515625,0.031161625446932,,,
388,0,8,resize,medium,0.6222500713196484,False,0.8244994878768921,0.97900390625,0.0730268787193699,0.8092551231384277,0.97900390625,0.0442597477595881,,,
388,0,9,resize,hard,0.4222500713196484,True,0.6421494483947754,0.97998046875,0.1033257710797817,0.6362166404724121,0.97998046875,0.1038121860314373,0.6358923316001892,0.97998046875,0.1037527683249608
389,0,0,move,medium,1.0,False,0.9755725264549256,0.982421875,0.022113477150207,0.9764721393585204,0.984375,0.0093886614312887,,,
389,0,1,move,medium,1.0,False,0.9854457378387452,0.9775390625,0.0245513981536329,0.987265944480896,0.97802734375,0.0116993931474181,,,
389,0,2,move,hard,1.0,False,0.9487346410751344,0.9853515625,0.0287315395196999,0.94981586933136,0.9853515625,0.0150419902773719,,,
389,0,3,rotate,easy,1.0,False,0.9755566716194152,0.99072265625,0.0212568595641841,0.9755566716194152,0.99072265625,0.0212568595641841,,,
389,0,4,rotate,medium,1.0,False,0.939235508441925,0.98779296875,0.0233555318470183,0.939235508441925,0.98779296875,0.0233555318470183,,,
389,0,5,rotate,hard,1.0,False,0.8556965589523315,0.9814453125,0.0241010007683215,0.8556965589523315,0.9814453125,0.0241010007683215,,,
389,0,6,resize,easy,1.1222500713196484,False,0.9732323288917542,0.9921875,0.0216680623364038,0.9736794233322144,0.99169921875,0.010510456989672,,,
389,0,7,resize,medium,1.3222500713196483,False,0.9437886476516724,0.99609375,0.0226332018205462,0.9414718151092528,0.99609375,0.009862535177147,,,
390,0,0,move,easy,1.0,False,0.9640001058578492,0.98193359375,0.0754414771645509,0.9753141403198242,0.9814453125,0.0115233952886833,,,
390,0,1,move,medium,1.0,False,0.9530304670333862,0.982421875,0.0747288059150604,0.968230664730072,0.9833984375,0.0118861402096701,,,
390,0,3,rotate,medium,1.0,False,0.914170265197754,0.9716796875,0.0617703381343301,0.914170265197754,0.9716796875,0.0617703381343301,,,
391,0,0,move,easy,1.0,False,0.9486446380615234,0.96484375,0.0374061023096592,0.9438395500183104,0.96484375,0.0170088341930153,,,
391,0,1,move,easy,1.0,False,0.9359475374221802,0.97607421875,0.0394916212269828,0.9383319616317748,0.9775390625,0.0189016351919835,,,
391,0,2,move,hard,1.0,False,0.9288997650146484,0.984375,0.0429934667807149,0.9180912971496582,0.984375,0.0205675219831665,,,
391,0,3,rotate,easy,1.0,False,0.9030218124389648,0.970703125,0.0327362130789888,0.9030218124389648,0.970703125,0.0327362130789888,,,
391,0,4,rotate,easy,1.0,False,0.850676953792572,0.9765625,0.0333054898139124,0.850676953792572,0.9765625,0.0333054898139124,,,
391,0,5,rotate,medium,1.0,False,0.7665200233459473,0.9794921875,0.034137701672158,0.7665200233459473,0.9794921875,0.034137701672158,,,
391,0,6,resize,easy,1.1015802236733576,False,0.952799677848816,0.9775390625,0.0321733836162026,0.9598329067230223,0.9775390625,0.0217386003551012,,,
391,0,7,resize,easy,0.8992098881633213,False,0.945003628730774,0.97607421875,0.0348630387852825,0.9472832679748536,0.9755859375,0.0261391773719042,,,
391,0,8,resize,medium,0.6015802236733576,False,0.8485084772109985,0.97998046875,0.0467641362872161,0.8469839096069336,0.97998046875,0.0433791137600414,,,
391,0,9,resize,hard,0.4015802236733576,True,0.7328019142150879,0.98095703125,0.0494827808301269,0.7322835922241211,0.9814453125,0.0523189452873408,0.7322108745574951,0.9814453125,0.05233966765798
392,0,0,move,easy,1.0,False,0.962414801120758,0.9736328125,0.0409436051287546,0.9652376174926758,0.9736328125,0.0194718859006869,,,
392,0,1,move,easy,1.0,False,0.9600478410720824,0.974609375,0.0365425749332317,0.9587751626968384,0.97509765625,0.0165308284819695,,,
392,0,2,move,hard,1.0,False,0.9568139910697936,0.96923828125,0.0383262100630578,0.9500391483306884,0.96923828125,0.0171832327345024,,,
392,0,3,rotate,easy,1.0,False,0.9260979890823364,0.970703125,0.0337455055687099,0.9260979890823364,0.970703125,0.0337455055687099,,,
392,0,4,rotate,easy,1.0,False,0.8681479096412659,0.96142578125,0.0354887159567042,0.8681479096412659,0.96142578125,0.0354887159567042,,,
392,0,5,rotate,medium,1.0,False,0.798909068107605,0.97998046875,0.0365049837841054,0.798909068107605,0.97998046875,0.0365049837841054,,,
392,0,6,resize,easy,0.8992098881633213,False,0.9669610857963562,0.95849609375,0.0347623162164048,0.9680458903312684,0.95849609375,0.0279125958299297,,,
392,0,7,resize,medium,0.6015802236733576,False,0.8994964361190796,0.9599609375,0.0477202224173251,0.899516224861145,0.9599609375,0.0441129862669224,,,
392,0,8,resize,hard,0.4015802236733576,True,0.7564477920532227,0.95751953125,0.0749739977013719,0.7447021007537842,0.95654296875,0.0724872098478586,0.7447559833526611,0.95703125,0.0723501858016279
393,0,0,move,easy,1.0,False,0.9574878215789796,0.9599609375,0.0505068620013152,0.9608455300331116,0.9609375,0.014468477276053,,,
393,0,1,move,easy,1.0,False,0.9622330069541932,0.93701171875,0.0527437453924388,0.9646381139755248,0.9384765625,0.0163960162303775,,,
393,0,2,move,hard,1.0,False,0.9614179730415344,0.96875,0.058748874379936,0.9610685110092164,0.96875,0.0186126964062146,,,
393,0,3,rotate,easy,1.0,False,0.9430862069129944,0.97216796875,0.0410381689106961,0.9430862069129944,0.97216796875,0.0410381689106961,,,
393,0,4,rotate,easy,1.0,False,0.8959393501281738,0.94287109375,0.0415461615365688,0.8959393501281738,0.94287109375,0.0415461615365688,,,
393,0,5,rotate,medium,1.0,False,0.8520166873931885,0.951171875,0.0429795204665618,0.8520166873931885,0.951171875,0.0429795204665618,,,
393,0,6,resize,easy,1.1015802236733576,False,0.9730159640312196,0.9775390625,0.0384686721298111,0.9724034667015076,0.9765625,0.017525576713382,,,
393,0,7,resize,easy,0.8992098881633213,False,0.9729175567626952,0.970703125,0.0426737216683064,0.9692228436470032,0.97119140625,0.0203575876990244,,,
393,0,8,resize,medium,0.6015802236733576,False,0.9072726964950562,0.97509765625,0.0561634044110499,0.9250059127807616,0.9755859375,0.0340075137666615,,,
393,0,9,resize,hard,0.4015802236733576,True,0.7047660946846008,0.97705078125,0.0800174968144386,0.709304690361023,0.978515625,0.0760921245316749,0.7093520760536194,0.97802734375,0.0761124106933429
394,0,0,move,easy,1.0,False,0.945827305316925,0.970703125,0.0386321773584405,0.9499419331550598,0.97119140625,0.0137161159675504,,,
394,0,1,move,medium,1.0,False,0.9137258529663086,0.95458984375,0.0388631465702348,0.918441653251648,0.95458984375,0.0150451459901124,,,
394,0,2,move,hard,1.0,False,0.9372888803482056,0.98095703125,0.040121796259241,0.942128837108612,0.98095703125,0.0165509612019822,,,
394,0,3,rotate,easy,1.0,False,0.9135106801986694,0.9736328125,0.0353280820958028,0.9135106801986694,0.9736328125,0.0353280820958028,,,
394,0,4,rotate,medium,1.0,False,0.8499205112457275,0.9697265625,0.0355738547373662,0.8499205112457275,0.9697265625,0.0355738547373662,,,
394,0,5,rotate,hard,1.0,False,0.7431894540786743,0.9677734375,0.0379173774957521,0.7431894540786743,0.9677734375,0.0379173774957521,,,
394,0,6,resize,easy,1.1413276231263383,False,0.932807683944702,0.98193359375,0.0310867249958258,0.9410762786865234,0.98291015625,0.01610382813207,,,
394,0,7,resize,easy,0.8296041804676779,False,0.942918598651886,0.9775390625,0.0382934333627411,0.9486531019210817,0.9775390625,0.0241612888755022,,,
394,0,8,resize,easy,0.7407916390646442,False,0.9386448860168456,0.982421875,0.0409196932573561,0.9381572008132936,0.982421875,0.0271146702596779,,,
394,0,9,resize,hard,0.5407916390646441,True,0.8473931550979614,0.9833984375,0.050846708028335,0.8446464538574219,0.98486328125,0.0515015592293562,0.844822108745575,0.984375,0.0514809537809741
395,0,0,move,easy,1.0,False,0.9712414145469666,0.974609375,0.0877517853103199,0.9757803678512572,0.97265625,0.0136385174587452,,,
395,0,1,move,medium,1.0,False,0.9638181924819946,0.9833984375,0.0891665061721601,0.9636390209197998,0.98388671875,0.0157585734636854,,,
395,0,2,move,hard,1.0,False,0.9754834175109864,0.98046875,0.0878685641702892,0.980772078037262,0.98046875,0.0143214215839126,,,
395,0,3,rotate,easy,1.0,False,0.9331347942352296,0.98193359375,0.0732809127704714,0.9331347942352296,0.98193359375,0.0732809127704714,,,
395,0,4,rotate,medium,1.0,False,0.8741114735603333,0.9736328125,0.0757655527809689,0.8741114735603333,0.9736328125,0.0757655527809689,,,
395,0,5,rotate,hard,1.0,False,0.7091023325920105,0.97998046875,0.0769546037259296,0.7091023325920105,0.97998046875,0.0769546037259296,,,
395,0,6,resize,easy,1.1055045871559632,False,0.9758601188659668,0.98486328125,0.0655923807337342,0.9783226251602172,0.984375,0.0187596236219961,,,
395,0,7,resize,easy,0.8296041804676779,False,0.9631019234657288,0.9833984375,0.0819225787867112,0.968498706817627,0.9833984375,0.0274722087803622,,,
395,0,8,resize,medium,0.7407916390646442,False,0.9249790906906128,0.9814453125,0.092221968203065,0.9391492009162904,0.9814453125,0.0329002828659902,,,
395,0,9,resize,hard,0.5407916390646441,True,0.8202832937240601,0.98095703125,0.1111655446295968,0.8186228275299072,0.98095703125,0.1119562699954856,0.8182882070541382,0.98046875,0.1119349414774251
396,0,0,move,easy,1.0,False,0.9708278775215148,0.97802734375,0.05863710919612,0.9737496972084044,0.9765625,0.0113694683818325,,,
396,0,1,move,medium,1.0,False,0.959564447402954,0.98046875,0.0605140502060696,0.961031436920166,0.98046875,0.0132708879730236,,,
396,0,2,move,hard,1.0,False,0.9760273694992064,0.98486328125,0.0592202656009325,0.9776347279548644,0.98486328125,0.012106656675409,,,
396,0,3,rotate,easy,1.0,False,0.9501789212226868,0.98095703125,0.0506349664252682,0.9501789212226868,0.98095703125,0.0506349664252682,,,
396,0,4,rotate,medium,1.0,False,0.8773539066314697,0.9814453125,0.0501533963905115,0.8773539066314697,0.9814453125,0.0501533963905115,,,
396,0,5,rotate,hard,1.0,False,0.7846412658691406,0.982421875,0.0520202833728536,0.7846412658691406,0.982421875,0.0520202833728536,,,
396,0,6,resize,easy,1.240791639064644,False,0.9544066786766052,0.98388671875,0.0438971443814359,0.9646857380867004,0.9833984375,0.0123761777570003,,,
396,0,7,resize,easy,1.4407916390646442,False,0.9253501892089844,0.9775390625,0.0428378884267997,0.9303167462348938,0.97802734375,0.0111489074806165,,,
396,0,8,resize,hard,2.2666666666666666,True,0.8187476396560669,0.96728515625,0.037555191072672,0.8194971084594727,0.966796875,0.0375171998005034,0.8195017576217651,0.96630859375,0.0374895201762538
396,0,9,resize,easy,0.8296041804676779,False,0.9326137900352478,0.98828125,0.053396290466932,0.9292809367179872,0.98828125,0.0201027138010097,,,
396,0,10,resize,easy,0.7407916390646442,False,0.8860019445419312,0.98681640625,0.0565552648497172,0.8864725232124329,0.98681640625,0.0226322464881899,,,
396,0,11,resize,medium,0.5407916390646441,True,0.7588963508605957,0.98828125,0.0796194430618128,0.7575778961181641,0.98779296875,0.0808160220767268,0.7577874064445496,0.98779296875,0.0807868095527789
397,0,0,move,easy,1.0,False,0.9695919156074524,0.98193359375,0.0856620395539608,0.962196409702301,0.98095703125,0.0181856402450074,,,
397,0,1,move,medium,1.0,False,0.9660377502441406,0.9833984375,0.0859718023993331,0.9648045301437378,0.9833984375,0.0184089981032462,,,
397,0,2,move,medium,1.0,False,0.9646825790405272,0.96923828125,0.0893600570234255,0.9655524492263794,0.96826171875,0.0194717601150133,,,
397,0,3,rotate,easy,1.0,False,0.9192787408828736,0.9677734375,0.0742507439516022,0.9192787408828736,0.9677734375,0.0742507439516022,,,
397,0,4,rotate,medium,1.0,False,0.8484395742416382,0.974609375,0.0706283509237952,0.8484395742416382,0.974609375,0.0706283509237952,,,
397,0,5,rotate,hard,1.0,False,0.7048898935317993,0.9765625,0.0738058062411655,0.7048898935317993,0.9765625,0.0738058062411655,,,
397,0,6,resize,easy,1.2950803107492292,False,0.9516891241073608,0.97998046875,0.0588622019508852,0.954425573348999,0.9794921875,0.0188525742202505,,,
397,0,7,resize,medium,1.4950803107492292,False,0.9248602390289308,0.98583984375,0.0571057283628366,0.9250075817108154,0.98583984375,0.0167274340621968,,,
397,0,8,resize,medium,1.7665198237885462,True,0.8828222751617432,0.97216796875,0.0524044908912267,0.8830470442771912,0.97216796875,0.0525036602083891,0.8830726742744446,0.97216796875,0.0524990932003619
397,0,9,resize,easy,0.8024598446253854,False,0.935662031173706,0.9833984375,0.0798133403146403,0.9362884759902954,0.9833984375,0.0342335307358056,,,
397,0,10,resize,easy,0.7950803107492292,False,0.9296474456787108,0.984375,0.0806263292694171,0.935794711112976,0.984375,0.035552751278118,,,
397,0,11,resize,medium,0.5950803107492291,True,0.8896890878677368,0.984375,0.0974949420131816,0.8879322409629822,0.9853515625,0.0969918180633568,0.8879578709602356,0.98486328125,0.0969731635221419
398,0,1,move,hard,1.0,False,0.985058844089508,0.95654296875,0.0289909201045537,0.994953751564026,0.958984375,0.0043289364002071,,,
398,0,2,move,hard,1.0,False,0.9683557748794556,0.96044921875,0.0296322160916788,0.9791102409362792,0.96044921875,0.0046770249759561,,,
399,0,3,rotate,easy,1.0,False,0.956003963947296,0.9501953125,0.0156613463110631,0.956003963947296,0.9501953125,0.0156613463110631,,,
399,0,6,resize,medium,1.2950803107492292,False,0.9439552426338196,0.9541015625,0.0157853720587367,0.9249093532562256,0.95654296875,0.0054172170101606,,,
399,0,7,resize,medium,1.4950803107492292,False,0.90693336725235,0.9755859375,0.0151431168841918,0.8856521844863892,0.9755859375,0.0044440949695075,,,
399,0,8,resize,hard,1.9953488372093022,True,0.8274723291397095,0.986328125,0.015569480706066,0.8279008865356445,0.986328125,0.0155442888741349,0.8279212713241577,0.98583984375,0.0155465501204822
400,0,0,move,easy,1.0,False,0.9765713214874268,0.9873046875,0.0570472355676125,0.9816343188285828,0.98779296875,0.0089872135439858,,,
400,0,1,move,medium,1.0,False,0.9751484394073486,0.982421875,0.0586577047658003,0.9783058762550354,0.9833984375,0.0099029074763401,,,
400,0,2,rotate,easy,1.0,False,0.9603949189186096,0.97802734375,0.0492229230975707,0.9603949189186096,0.97802734375,0.0492229230975707,,,
400,0,3,rotate,medium,1.0,False,0.9286702871322632,0.97900390625,0.0511836820634294,0.9286702871322632,0.97900390625,0.0511836820634294,,,
400,0,4,rotate,hard,1.0,False,0.837171196937561,0.96044921875,0.0507495464779186,0.837171196937561,0.96044921875,0.0507495464779186,,,
400,0,5,resize,easy,1.1359223300970873,False,0.9738818407058716,0.97900390625,0.0453696462390933,0.9786261320114136,0.9775390625,0.0124325385023659,,,
400,0,6,resize,easy,0.8702929825556981,False,0.9660063982009888,0.98291015625,0.0537689240441017,0.9692983627319336,0.98291015625,0.0171004601947218,,,
400,0,7,resize,medium,0.659414034888604,False,0.9117295742034912,0.982421875,0.0660233246790152,0.9101280570030212,0.982421875,0.0263493309049575,,,
400,0,8,resize,hard,0.459414034888604,True,0.7392770051956177,0.98193359375,0.083501118986849,0.7419668436050415,0.982421875,0.0829843308575073,0.7418123483657837,0.982421875,0.0830039578286249
401,0,0,move,easy,1.0,False,0.9754242897033693,0.986328125,0.0791412435578732,0.9803639650344848,0.984375,0.0043807278545819,,,
401,0,1,move,medium,1.0,False,0.9649052023887634,0.974609375,0.0815989767719257,0.9632042050361632,0.97607421875,0.0059194240553316,,,
401,0,2,move,hard,1.0,False,0.9556710720062256,0.98583984375,0.0819733460322313,0.9638062119483948,0.98583984375,0.0041545124037988,,,
401,0,3,rotate,easy,1.0,False,0.96480530500412,0.98095703125,0.0702799389547121,0.96480530500412,0.98095703125,0.0702799389547121,,,
401,0,4,rotate,easy,1.0,False,0.9643746614456176,0.98779296875,0.0714018807589669,0.9643746614456176,0.98779296875,0.0714018807589669,,,
401,0,5,rotate,hard,1.0,False,0.9463538527488708,0.9873046875,0.0734044006295097,0.9463538527488708,0.9873046875,0.0734044006295097,,,
401,0,6,resize,easy,1.159414034888604,False,0.9403973817825316,0.98681640625,0.0629823062258379,0.9466098546981812,0.9873046875,0.006083122669637,,,
401,0,7,resize,easy,1.359414034888604,False,0.9169944524765016,0.98388671875,0.0579101216335854,0.92087984085083,0.9833984375,0.0058664654376398,,,
401,0,8,resize,hard,1.9456052616645299,True,0.8175909519195557,0.98388671875,0.0515589404051442,0.8178116083145142,0.98291015625,0.0515775549382805,0.8179018497467041,0.9833984375,0.0515724412906718
401,0,9,resize,easy,0.8702929825556981,False,0.955949068069458,0.98828125,0.076440838285559,0.9460274577140808,0.98828125,0.0098193777653783,,,
401,0,10,resize,medium,0.659414034888604,False,0.8480249643325806,0.9892578125,0.1012032307651831,0.8151963949203491,0.9892578125,0.0184520440340215,,,
401,0,11,resize,hard,0.459414034888604,True,0.6924570798873901,0.98828125,0.1152366383905808,0.6924740076065063,0.98779296875,0.1175191211236267,0.691862940788269,0.98828125,0.1175321003105733
402,0,0,move,easy,1.0,False,0.9772157669067384,0.9765625,0.0551662765868927,0.9835525751113892,0.97705078125,0.0100290604739391,,,
402,0,1,move,medium,1.0,False,0.9667998552322388,0.95703125,0.0550167762456119,0.9785065054893494,0.95703125,0.0106759860384599,,,
402,0,2,move,hard,1.0,False,0.9511737823486328,0.92236328125,0.0565717149308273,0.9637613892555236,0.9208984375,0.0111218093695472,,,
402,0,3,rotate,easy,1.0,False,0.9701967239379884,0.98291015625,0.0454683970722758,0.9701967239379884,0.98291015625,0.0454683970722758,,,
402,0,4,rotate,medium,1.0,False,0.9683653116226196,0.97998046875,0.0461892153422443,0.9683653116226196,0.97998046875,0.0461892153422443,,,
402,0,5,rotate,hard,1.0,False,0.938041090965271,0.9765625,0.0488128966557936,0.938041090965271,0.9765625,0.0488128966557936,,,
402,0,6,resize,easy,1.159414034888604,False,0.9722114205360411,0.97607421875,0.0411228636225741,0.977286458015442,0.97607421875,0.0117528843810558,,,
402,0,7,resize,medium,1.3526570048309179,False,0.9597115516662598,0.98583984375,0.0379486494574617,0.9649622440338136,0.98681640625,0.0100704685309592,,,
402,0,8,resize,easy,0.8702929825556981,False,0.965512752532959,0.9814453125,0.0522625374754761,0.9713860154151917,0.98095703125,0.0176648342753001,,,
402,0,9,resize,medium,0.659414034888604,False,0.8989986181259155,0.98095703125,0.0649007777682791,0.8877728581428528,0.98046875,0.0267484818680485,,,
402,0,10,resize,hard,0.459414034888604,True,0.6125940680503845,0.9814453125,0.0766375857572854,0.6403332948684692,0.9814453125,0.0771799870738349,0.6408635973930359,0.9814453125,0.0771635183575832
402,1,0,move,easy,1.0,False,0.9768213629722596,0.9560546875,0.0557208843142885,0.9839747548103333,0.95703125,0.0099242801041797,,,
402,1,1,move,medium,1.0,False,0.9683009386062622,0.95654296875,0.0550593690780291,0.9802820682525636,0.95654296875,0.0107347201029034,,,
402,1,2,move,hard,1.0,False,0.9542465209960938,0.9208984375,0.0559385031572375,0.9677233695983888,0.9189453125,0.0108333192566774,,,
402,1,3,rotate,medium,1.0,False,0.9709916114807128,0.986328125,0.0463519261751718,0.9709916114807128,0.986328125,0.0463519261751718,,,
402,1,4,rotate,hard,1.0,False,0.9615604281425476,0.9853515625,0.0479506727349654,0.9615604281425476,0.9853515625,0.0479506727349654,,,
402,1,5,rotate,hard,1.0,False,0.8696335554122925,0.91845703125,0.0490105085181198,0.8696335554122925,0.91845703125,0.0490105085181198,,,
402,1,6,resize,medium,1.24922034621005,False,0.9610375165939332,0.98486328125,0.0390689512983883,0.9661524295806884,0.986328125,0.0111790662434952,,,
402,1,7,resize,medium,1.3526570048309179,False,0.9598506689071656,0.98583984375,0.0380098812969941,0.9645280838012696,0.98681640625,0.0101145469213683,,,
402,1,8,resize,medium,0.8253898268949751,False,0.9619550704956056,0.96875,0.0531718548163337,0.9638931155204772,0.96875,0.0179766675670361,,,
402,1,9,resize,medium,0.74922034621005,False,0.9416596293449402,0.96875,0.0581289945272931,0.935535728931427,0.96875,0.0214252368749536,,,
402,1,10,resize,hard,0.5492203462100499,True,0.7844401001930237,0.974609375,0.0740027059603297,0.7758698463439941,0.97412109375,0.0734654956876349,0.7751482129096985,0.9736328125,0.073474039952318
403,0,0,move,easy,1.0,False,0.9495865106582642,0.97412109375,0.0819472243684249,0.9794158339500428,0.97509765625,0.0079800210496857,,,
403,0,1,rotate,easy,1.0,False,0.8799543380737305,0.97314453125,0.0639789392170214,0.8799543380737305,0.97314453125,0.0639789392170214,,,
403,0,2,rotate,medium,1.0,False,0.7933251857757568,0.96240234375,0.0658962513775682,0.7933251857757568,0.96240234375,0.0658962513775682,,,
403,0,3,rotate,hard,1.0,False,0.7387794256210327,0.96240234375,0.0684210915739288,0.7387794256210327,0.96240234375,0.0684210915739288,,,
403,0,4,resize,easy,1.2180094786729858,False,0.9343321323394777,0.98486328125,0.0591222848718759,0.944865107536316,0.98291015625,0.0101854587602963,,,
403,0,5,resize,easy,0.8253898268949751,False,0.9336881041526794,0.96240234375,0.0677574992878417,0.9600765109062196,0.96240234375,0.0145575098272873,,,
403,0,6,resize,medium,0.74922034621005,False,0.9057363271713256,0.96484375,0.0705518594451602,0.939643144607544,0.96484375,0.0172818897193507,,,
403,0,7,resize,hard,0.5492203462100499,True,0.7792549133300781,0.96630859375,0.0770601271228344,0.7780946493148804,0.96533203125,0.07644047073208,0.7777647972106934,0.96533203125,0.0764182197408995
403,1,0,move,easy,1.0,False,0.9326340556144714,0.97314453125,0.0540338151721593,0.954632580280304,0.97265625,0.0209022086200735,,,
403,1,1,move,easy,1.0,False,0.916606307029724,0.96533203125,0.0557288964968703,0.9436712861061096,0.96533203125,0.0233184631877442,,,
403,1,2,move,hard,1.0,False,0.9160686135292052,0.982421875,0.0592398070339246,0.9238415360450744,0.982421875,0.0259332745443856,,,
403,1,3,rotate,easy,1.0,False,0.907634139060974,0.978515625,0.0471618098436427,0.907634139060974,0.978515625,0.0471618098436427,,,
403,1,4,rotate,medium,1.0,False,0.8716081976890564,0.9677734375,0.0482873261847312,0.8716081976890564,0.9677734375,0.0482873261847312,,,
403,1,5,rotate,hard,1.0,False,0.897101640701294,0.96435546875,0.0485936008930661,0.897101640701294,0.96435546875,0.0485936008930661,,,
403,1,6,resize,easy,1.24922034621005,False,0.8900266885757446,0.95849609375,0.04050779141932,0.9195507168769836,0.958984375,0.0217602274090064,,,
403,1,7,resize,easy,1.44922034621005,False,0.8546894788742065,0.95849609375,0.0370420140027983,0.8713616132736206,0.9599609375,0.0179355826414649,,,
403,1,8,resize,easy,0.8253898268949751,False,0.9066451787948608,0.9755859375,0.0484685833563323,0.9232921600341796,0.9755859375,0.0346727743570059,,,
403,1,9,resize,easy,0.74922034621005,False,0.9030065536499025,0.9765625,0.0536115069755825,0.919990062713623,0.9765625,0.0401147813862594,,,
403,1,10,resize,medium,0.5492203462100499,True,0.8087493181228638,0.9443359375,0.0562167863372682,0.8096197843551636,0.9443359375,0.0559041871586166,0.8097359538078308,0.94384765625,0.0559032326573077
404,0,0,move,easy,1.0,False,0.947756052017212,0.97705078125,0.027128788546903,0.961683452129364,0.9775390625,0.0073450529637142,,,
404,0,1,move,easy,1.0,False,0.929417371749878,0.982421875,0.0298981881608215,0.938307762145996,0.98193359375,0.0090373440730615,,,
404,0,2,move,hard,1.0,False,0.9151464700698853,0.9814453125,0.0324134991327865,0.9232441186904908,0.9814453125,0.0089633614565266,,,
404,0,3,rotate,easy,1.0,False,0.8936021327972412,0.98828125,0.0282900077553446,0.8936021327972412,0.98828125,0.0282900077553446,,,
404,0,4,rotate,easy,1.0,False,0.8501010537147522,0.98193359375,0.0276115124412338,0.8501010537147522,0.98193359375,0.0276115124412338,,,
404,0,5,rotate,hard,1.0,False,0.7915846109390259,0.970703125,0.0274554879423033,0.7915846109390259,0.970703125,0.0274554879423033,,,
404,0,6,resize,easy,1.1412121515906135,False,0.9314931631088256,0.9833984375,0.0254877123580892,0.9365246295928956,0.98291015625,0.0125555826506865,,,
404,0,7,resize,easy,1.3412121515906135,False,0.8662728071212769,0.98681640625,0.0217978581351565,0.8728985786437988,0.9873046875,0.0080198330703866,,,
404,0,8,resize,medium,1.8090911369296006,True,0.7652726173400879,0.98095703125,0.021319362627011,0.7633946537971497,0.982421875,0.0214251985848751,0.7632520794868469,0.9814453125,0.0214199802633483
404,0,9,resize,easy,0.8793939242046933,False,0.9553316235542296,0.98681640625,0.0287654165601921,0.9540680646896362,0.98681640625,0.0113060071983147,,,
404,0,10,resize,medium,0.6412121515906134,False,0.8358488082885742,0.9853515625,0.0373852372233673,0.8285670876502991,0.9853515625,0.0177795523517301,,,
404,0,11,resize,hard,0.4412121515906134,True,0.6688134670257568,0.984375,0.0533935111131137,0.6651296615600586,0.98486328125,0.05409942350488,0.6648950576782227,0.9853515625,0.054092414445671
405,0,0,move,easy,1.0,False,0.9531540870666504,0.98974609375,0.0495987343592693,0.9783694744110109,0.9892578125,0.0053004209924484,,,
405,0,1,move,medium,1.0,False,0.9603962898254396,0.95166015625,0.0498730985647904,0.9689270257949828,0.951171875,0.005630893849888,,,
405,0,2,rotate,easy,1.0,False,0.8711279630661011,0.98779296875,0.0423368978146512,0.8711279630661011,0.98779296875,0.0423368978146512,,,
405,0,3,rotate,medium,1.0,False,0.818401038646698,0.9599609375,0.0438340296819948,0.818401038646698,0.9599609375,0.0438340296819948,,,
405,0,4,rotate,hard,1.0,False,0.7611470222473145,0.935546875,0.0437787026559346,0.7611470222473145,0.935546875,0.0437787026559346,,,
405,0,5,resize,easy,1.1412121515906135,False,0.9216650724411012,0.9716796875,0.0387863523112319,0.9386073350906372,0.96484375,0.0073564040974235,,,
405,0,6,resize,medium,1.3412121515906135,False,0.851264238357544,0.96630859375,0.0349882788105021,0.8572878837585449,0.96875,0.0053867518671668,,,
405,0,7,resize,hard,1.8090911369296006,True,0.7067239880561829,0.978515625,0.0321007680975609,0.7089247703552246,0.9775390625,0.0320838726423406,0.7088696360588074,0.9775390625,0.0320837207243104
405,0,8,resize,easy,0.8793939242046933,False,0.9407196640968324,0.93994140625,0.0494461024361592,0.9560778141021729,0.93994140625,0.0144082344553823,,,
405,0,9,resize,medium,0.6412121515906134,False,0.8563293218612671,0.91162109375,0.057706319236276,0.8655524253845215,0.91162109375,0.0180502026533092,,,
405,0,10,resize,hard,0.4412121515906134,True,0.7617131471633911,0.939453125,0.0679806140704151,0.7620769739151001,0.94189453125,0.0677177880606856,0.7621598243713379,0.94140625,0.0676949574483046
406,0,0,move,easy,1.0,False,0.9946148991584778,0.93505859375,0.0118698329356213,0.9955682158470154,0.93603515625,0.0033321618348237,,,
406,0,1,move,medium,1.0,False,0.9861627817153932,0.93408203125,0.0143996178778277,0.9872565865516664,0.93408203125,0.0047037023155292,,,
406,0,2,move,hard,1.0,False,0.9572216868400574,0.9609375,0.0141005688919887,0.9584826231002808,0.9609375,0.0044350362431219,,,
406,0,3,rotate,easy,1.0,False,0.954702377319336,0.93798828125,0.0119816534292812,0.954702377319336,0.93798828125,0.0119816534292812,,,
406,0,4,rotate,medium,1.0,False,0.9103572964668274,0.9404296875,0.0124513108563368,0.9103572964668274,0.9404296875,0.0124513108563368,,,
406,0,5,rotate,hard,1.0,False,0.8193596601486206,0.95068359375,0.0149055174177247,0.8193596601486206,0.95068359375,0.0149055174177247,,,
406,0,6,resize,easy,1.1412121515906135,False,0.9801307916641236,0.9443359375,0.0113771879087396,0.9803844690322876,0.9443359375,0.004728030203027,,,
406,0,7,resize,medium,1.3412121515906135,False,0.9504804611206056,0.98486328125,0.0115610667620513,0.9528720378875732,0.98486328125,0.0038517420197874,,,
406,0,8,resize,hard,1.8090911369296006,True,0.9037273526191713,0.98974609375,0.012257080493132,0.9042099714279176,0.98974609375,0.0122621184405063,0.9042458534240724,0.9892578125,0.0122464084607592
406,0,9,resize,easy,0.8793939242046933,False,0.9809147119522096,0.92529296875,0.0112875166067955,0.9810100197792052,0.92529296875,0.0044637099663251,,,
406,0,10,resize,medium,0.6412121515906134,False,0.937860906124115,0.923828125,0.0156723663651768,0.9368112683296204,0.923828125,0.0074603991989612,,,
406,0,11,resize,hard,0.4412121515906134,True,0.8531532287597656,0.9228515625,0.0178736184705733,0.8537077903747559,0.92236328125,0.0176867440248619,0.8530668020248413,0.921875,0.0176995997943076
407,0,0,move,easy,1.0,False,0.9849510192871094,0.9765625,0.0263789865654708,0.9895707368850708,0.97607421875,0.0045254398734745,,,
407,0,1,move,medium,1.0,False,0.9595933556556702,0.96240234375,0.0279095177149458,0.9671441316604614,0.9619140625,0.0051122310057344,,,
407,0,2,move,hard,1.0,False,0.9644368886947632,0.96923828125,0.0292385290147157,0.9665683507919312,0.96875,0.0063955848670701,,,
407,0,3,rotate,medium,1.0,False,0.9413295984268188,0.970703125,0.0239678267916498,0.9413295984268188,0.970703125,0.0239678267916498,,,
407,0,4,rotate,hard,1.0,False,0.889376163482666,0.9814453125,0.0252807694052996,0.889376163482666,0.9814453125,0.0252807694052996,,,
407,0,5,rotate,hard,1.0,False,0.7931817770004272,0.97900390625,0.0271404923364343,0.7931817770004272,0.97900390625,0.0271404923364343,,,
407,0,6,resize,medium,1.2442003359544642,False,0.9674472808837892,0.97802734375,0.0222848073582524,0.9679430723190308,0.9794921875,0.0058936169326451,,,
407,0,7,resize,medium,1.4442003359544642,False,0.9319329261779784,0.97509765625,0.0219960725661128,0.9240306615829468,0.974609375,0.0045479045723516,,,
407,0,8,resize,hard,1.5989304812834224,True,0.9127110242843628,0.9853515625,0.0218087882521537,0.9126912355422974,0.98583984375,0.0218093735763209,0.9127687215805054,0.986328125,0.021806596155763
407,0,9,resize,medium,0.827899832022768,False,0.9553887844085692,0.97412109375,0.0284956213008047,0.9569495916366576,0.97412109375,0.0094842525796875,,,
407,0,10,resize,medium,0.7442003359544642,False,0.926136314868927,0.97509765625,0.031513025867624,0.9373797178268432,0.9755859375,0.0109831538249102,,,
407,0,11,resize,hard,0.5442003359544642,True,0.8362398147583008,0.97412109375,0.0407045279218044,0.8366367816925049,0.974609375,0.04097240238996,0.8366962671279907,0.974609375,0.0409618182076332
408,0,0,move,easy,1.0,False,0.9769477248191832,0.94970703125,0.0216834132867963,0.982008695602417,0.9501953125,0.0060586791675116,,,
408,0,1,move,medium,1.0,False,0.9465606212615968,0.95654296875,0.0226642212571085,0.9482536911964417,0.95458984375,0.0062669697200381,,,
408,0,2,move,hard,1.0,False,0.9701752662658693,0.9560546875,0.0231730489766404,0.9749410152435304,0.95654296875,0.0058745697663533,,,
408,0,3,rotate,easy,1.0,False,0.8766043186187744,0.9716796875,0.0196626505818546,0.8766043186187744,0.9716796875,0.0196626505818546,,,
408,0,4,rotate,medium,1.0,False,0.7924281358718872,0.93115234375,0.0212835992360015,0.7924281358718872,0.93115234375,0.0212835992360015,,,
408,0,5,rotate,hard,1.0,False,0.7138296365737915,0.9580078125,0.0237463741001212,0.7138296365737915,0.9580078125,0.0237463741001212,,,
408,0,6,resize,easy,1.2442003359544642,False,0.9280362129211426,0.97802734375,0.0181904657645915,0.9362020492553712,0.978515625,0.0057835804710591,,,
408,0,7,resize,medium,1.4442003359544642,False,0.9069658517837524,0.978515625,0.0185209864317267,0.9049386978149414,0.97802734375,0.0051268851669758,,,
408,0,8,resize,hard,2.2487562189054726,True,0.8098728060722351,0.98095703125,0.019194344682849,0.8100710511207581,0.98095703125,0.0191999563436437,0.8102080821990967,0.98095703125,0.0191891968708397
408,0,9,resize,easy,0.827899832022768,False,0.9486334323883056,0.970703125,0.0221111957027449,0.9535601139068604,0.970703125,0.0082902289198892,,,
408,0,10,resize,medium,0.7442003359544642,False,0.9185566306114196,0.96484375,0.0239838259865349,0.9226999282836914,0.96484375,0.0089301839156715,,,
408,0,11,resize,hard,0.5442003359544642,True,0.8336305618286133,0.955078125,0.0328961188051097,0.8329493999481201,0.9560546875,0.0332446835259347,0.8333533406257629,0.95556640625,0.033143821022217
409,0,0,move,easy,1.0,False,0.9674886465072632,0.94970703125,0.108507262886831,0.9799700379371644,0.9462890625,0.0113343653576806,,,
409,0,1,move,medium,1.0,False,0.9681031703948976,0.94775390625,0.1124962290226803,0.9758020043373108,0.9521484375,0.0104608614367934,,,
409,0,2,move,hard,1.0,False,0.9482267498970032,0.9755859375,0.1117272284075542,0.9670422077178956,0.9755859375,0.01397377072334,,,
409,0,3,rotate,easy,1.0,False,0.959563374519348,0.93408203125,0.0829379597353918,0.959563374519348,0.93408203125,0.0829379597353918,,,
409,0,4,rotate,medium,1.0,False,0.9060473442077636,0.9443359375,0.0988620865783085,0.9060473442077636,0.9443359375,0.0988620865783085,,,
409,0,5,rotate,hard,1.0,False,0.8442965745925903,0.95068359375,0.1017950851036471,0.8442965745925903,0.95068359375,0.1017950851036471,,,
409,0,6,resize,easy,0.827899832022768,False,0.9323686957359314,0.9462890625,0.0992983282189497,0.9485236406326294,0.9462890625,0.0263828228871822,,,
409,0,7,resize,easy,0.7442003359544642,False,0.9190375804901124,0.955078125,0.107848499167228,0.9130420684814452,0.955078125,0.0307875420435364,,,
409,0,8,resize,hard,0.5442003359544642,True,0.7589129209518433,0.95361328125,0.1228216643876573,0.7678450345993042,0.9521484375,0.1229345694345129,0.768040120601654,0.95263671875,0.1229423055210567
410,0,0,move,easy,1.0,False,0.975111961364746,0.916015625,0.0594644515619439,0.988032042980194,0.90625,0.0090217654126723,,,
410,0,1,move,medium,1.0,False,0.9386643767356871,0.951171875,0.0581848888293697,0.9609057903289796,0.95068359375,0.0087845815617083,,,
410,0,2,move,hard,1.0,False,0.9386425614356996,0.96875,0.0603677540073134,0.9654188752174376,0.96875,0.0099975820341416,,,
410,0,3,rotate,easy,1.0,False,0.9664390683174132,0.94384765625,0.0484943313289495,0.9664390683174132,0.94384765625,0.0484943313289495,,,
410,0,4,rotate,easy,1.0,False,0.935242235660553,0.9599609375,0.051822138489073,0.935242235660553,0.9599609375,0.051822138489073,,,
410,0,5,rotate,hard,1.0,False,0.8785389065742493,0.951171875,0.0534064212610767,0.8785389065742493,0.951171875,0.0534064212610767,,,
410,0,6,resize,easy,1.137101759437051,False,0.9757565259933472,0.95751953125,0.0444182806753864,0.9769043326377868,0.95703125,0.0114920033378975,,,
410,0,7,resize,easy,1.337101759437051,False,0.945501446723938,0.95703125,0.0421647247567321,0.953918159008026,0.95166015625,0.0102508418875211,,,
410,0,8,resize,hard,1.7782631957778818,True,0.8699612617492676,0.95068359375,0.0375601234034366,0.8712940216064453,0.951171875,0.0376380642818079,0.8713018298149109,0.95166015625,0.0376193404239068
410,0,9,resize,easy,0.8814491202814746,False,0.960378885269165,0.93701171875,0.0541033355100675,0.9714183807373048,0.93701171875,0.0148700310934674,,,
410,0,10,resize,medium,0.6371017594370509,False,0.8290202021598816,0.9384765625,0.0676685201443761,0.8432857394218445,0.9384765625,0.023817676324261,,,
410,0,11,resize,hard,0.43710175943705093,True,0.6195375919342041,0.94140625,0.0856805922051234,0.6377126574516296,0.94091796875,0.082951010230743,0.6382635831832886,0.94091796875,0.082926101497897
411,0,0,move,easy,1.0,False,0.9753015041351318,0.95166015625,0.071203407231218,0.9799149036407472,0.95166015625,0.0163596905843726,,,
411,0,1,move,medium,1.0,False,0.9507211446762084,0.94873046875,0.06964728244849,0.9516627192497252,0.94873046875,0.0145018754002378,,,
411,0,2,rotate,easy,1.0,False,0.9706335067749025,0.95556640625,0.0591207473139592,0.9706335067749025,0.95556640625,0.0591207473139592,,,
411,0,3,rotate,easy,1.0,False,0.902125597000122,0.92919921875,0.0609286138697903,0.902125597000122,0.92919921875,0.0609286138697903,,,
411,0,4,rotate,medium,1.0,False,0.8336864709854126,0.939453125,0.0607115226450408,0.8336864709854126,0.939453125,0.0607115226450408,,,
411,0,5,resize,easy,1.137101759437051,False,0.9597862362861632,0.96044921875,0.0550167296132564,0.9685732126235962,0.9599609375,0.0201024850389234,,,
411,0,6,resize,easy,1.337101759437051,False,0.951102614402771,0.97021484375,0.050275008887795,0.9530252814292908,0.9716796875,0.0170359089707477,,,
411,0,7,resize,medium,1.7782631957778818,True,0.904094099998474,0.96240234375,0.0415496917978368,0.9045705795288086,0.962890625,0.0415318673617875,0.904546856880188,0.96435546875,0.0415233244789242
411,0,8,resize,easy,0.8814491202814746,False,0.959975004196167,0.94482421875,0.0638526145102762,0.959661066532135,0.94482421875,0.0267624887503509,,,
411,0,9,resize,medium,0.6371017594370509,False,0.887122631072998,0.9462890625,0.0804948144132204,0.883420467376709,0.9462890625,0.0449017599871489,,,
411,0,10,resize,hard,0.43710175943705093,True,0.767949104309082,0.94189453125,0.0969645936084044,0.7714346647262573,0.94140625,0.0963166125345843,0.7711614370346069,0.94140625,0.0963182164481334
412,0,0,move,medium,1.0,False,0.9783400893211364,0.90380859375,0.0229619503303713,0.9901766180992126,0.90234375,0.0042205335084592,,,
412,0,1,move,medium,1.0,False,0.9669322967529296,0.94873046875,0.0224282036046742,0.9838045835494996,0.94921875,0.0043078283945157,,,
412,0,2,move,hard,1.0,False,0.925040066242218,0.94580078125,0.0250910997041028,0.9479113817214966,0.94580078125,0.0053633489546802,,,
412,0,3,rotate,easy,1.0,False,0.9486162066459656,0.9677734375,0.0209054417978673,0.9486162066459656,0.9677734375,0.0209054417978673,,,
412,0,4,rotate,medium,1.0,False,0.9411231875419616,0.966796875,0.0215412683625727,0.9411231875419616,0.966796875,0.0215412683625727,,,
412,0,5,rotate,hard,1.0,False,0.8694825768470764,0.95654296875,0.020832499362608,0.8694825768470764,0.95654296875,0.020832499362608,,,
412,0,6,resize,easy,1.123275594081745,False,0.9693232774734496,0.9736328125,0.0205727695378256,0.9833340048789978,0.97265625,0.0057654547009,,,
412,0,7,resize,medium,1.302439024390244,False,0.9549494981765748,0.9853515625,0.018943019854676,0.96267431974411,0.98486328125,0.005018110943876,,,
412,0,8,resize,easy,0.8883622029591276,False,0.9731396436691284,0.91845703125,0.0211122737955834,0.9830402731895448,0.91845703125,0.0069069875071818,,,
412,0,9,resize,hard,0.6232755940817448,False,0.8727222084999084,0.93310546875,0.0236909702094508,0.8815715312957764,0.93310546875,0.0106330299991105,,,
412,0,10,resize,hard,0.42327559408174487,True,0.7560505867004395,0.93408203125,0.0276398651965994,0.7562565803527832,0.92919921875,0.0282787059473706,0.7564838528633118,0.92919921875,0.0282610344652251
413,0,0,move,easy,1.0,False,0.9646172523498536,0.96826171875,0.0356733758795614,0.9670326709747314,0.96923828125,0.008606043104527,,,
413,0,1,move,medium,1.0,False,0.9497225880622864,0.9619140625,0.0361231722929721,0.9462665319442748,0.96044921875,0.0086946393677746,,,
413,0,2,move,hard,1.0,False,0.9677252769470216,0.9638671875,0.0351556980180388,0.9732364416122437,0.9638671875,0.0075716884692021,,,
413,0,3,rotate,easy,1.0,False,0.9534027576446532,0.9638671875,0.0304976113913991,0.9534027576446532,0.9638671875,0.0304976113913991,,,
413,0,4,rotate,medium,1.0,False,0.8988134860992432,0.9462890625,0.0324920016409654,0.8988134860992432,0.9462890625,0.0324920016409654,,,
413,0,5,rotate,hard,1.0,False,0.8168527483940125,0.95947265625,0.0357041906573816,0.8168527483940125,0.95947265625,0.0357041906573816,,,
413,0,6,resize,easy,1.123275594081745,False,0.930759072303772,0.982421875,0.0290107444038483,0.938670575618744,0.98193359375,0.0106446977814256,,,
413,0,7,resize,easy,0.8883622029591276,False,0.9357609748840332,0.970703125,0.0344981491907775,0.9403976202011108,0.970703125,0.0133274816263948,,,
413,0,8,resize,medium,0.6232755940817448,False,0.8748381733894348,0.970703125,0.0518057768000876,0.882379412651062,0.970703125,0.0211154294077488,,,
413,0,9,resize,hard,0.42327559408174487,True,0.6478282809257507,0.96923828125,0.0629992975783585,0.6605501770973206,0.96875,0.0634618679275991,0.659644603729248,0.9697265625,0.0634070447750966
414,0,0,move,easy,1.0,False,0.9851645827293396,0.97314453125,0.0503012409892386,0.9865769147872924,0.97265625,0.0187702375750082,,,
414,0,1,move,easy,1.0,False,0.9435189962387084,0.9658203125,0.0502469070010078,0.9544925689697266,0.9658203125,0.0193151406845277,,,
414,0,2,rotate,easy,1.0,False,0.9571245312690736,0.939453125,0.045049774193732,0.9571245312690736,0.939453125,0.045049774193732,,,
414,0,3,rotate,easy,1.0,False,0.9355762004852296,0.962890625,0.0455408522936802,0.9355762004852296,0.962890625,0.0455408522936802,,,
414,0,4,rotate,hard,1.0,False,0.8826174139976501,0.978515625,0.0461138689604711,0.8826174139976501,0.978515625,0.0461138689604711,,,
414,0,5,resize,easy,1.1026694045174539,False,0.9758479595184326,0.9638671875,0.0395953451724875,0.974675178527832,0.96337890625,0.021938548962889,,,
414,0,6,resize,easy,0.8883622029591276,False,0.9576168060302734,0.970703125,0.0513854587208263,0.9537668824195862,0.970703125,0.0336907890149634,,,
414,0,7,resize,medium,0.6232755940817448,False,0.8617963790893555,0.97119140625,0.0686301907814826,0.8402614593505859,0.97119140625,0.0481291724887439,,,
414,0,8,resize,hard,0.42327559408174487,True,0.7208744287490845,0.9765625,0.0951862520267786,0.7065743207931519,0.9765625,0.0943062399652967,0.707011342048645,0.97705078125,0.0943001563231524
415,0,0,move,easy,1.0,False,0.9586766958236694,0.96630859375,0.0410917501246614,0.9637939929962158,0.966796875,0.0194554073710796,,,
415,0,1,move,medium,1.0,False,0.9004384279251099,0.97900390625,0.0409833774551494,0.9042211771011353,0.97998046875,0.0191612462716067,,,
415,0,2,rotate,easy,1.0,False,0.9151639938354492,0.9736328125,0.0356095732824997,0.9151639938354492,0.9736328125,0.0356095732824997,,,
415,0,3,rotate,medium,1.0,False,0.899062991142273,0.9755859375,0.0380063727427521,0.899062991142273,0.9755859375,0.0380063727427521,,,
415,0,4,rotate,hard,1.0,False,0.8459897041320801,0.9755859375,0.0382584958866175,0.8459897041320801,0.9755859375,0.0382584958866175,,,
415,0,5,resize,easy,1.253580267162677,False,0.9191004037857056,0.97119140625,0.0337275093906736,0.9220283031463624,0.97119140625,0.0207425050468663,,,
415,0,6,resize,medium,1.453580267162677,False,0.8874396085739136,0.9638671875,0.0317426964542875,0.8851120471954346,0.96630859375,0.0176082991724263,,,
415,0,7,resize,hard,1.7625,True,0.8322068452835083,0.98291015625,0.0310854102348761,0.8315098881721497,0.98291015625,0.0311868074530569,0.8316507339477539,0.98291015625,0.0311770160172118
415,0,8,resize,easy,0.8232098664186616,False,0.9275708198547364,0.9765625,0.0381573629752663,0.9250259399414062,0.9765625,0.0270777850973731,,,
415,0,9,resize,easy,0.753580267162677,False,0.8786864280700684,0.974609375,0.0427184233932358,0.8798258304595947,0.97509765625,0.0319159336497032,,,
415,0,10,resize,hard,0.553580267162677,True,0.8045284152030945,0.97802734375,0.0509646391999333,0.803077220916748,0.9775390625,0.0514601691072279,0.8030539751052856,0.9775390625,0.0514506867448043
416,0,0,move,easy,1.0,False,0.9625444412231444,0.95947265625,0.0345533027140901,0.9628490805625916,0.95751953125,0.0134242642138051,,,
416,0,1,move,easy,1.0,False,0.9761617183685304,0.92724609375,0.0341612355464265,0.9754568934440612,0.9287109375,0.012661889240859,,,
416,0,2,move,hard,1.0,False,0.966495394706726,0.9521484375,0.0357272784502417,0.9669958353042604,0.9560546875,0.0150710326910334,,,
416,0,3,rotate,easy,1.0,False,0.9623079895973206,0.9697265625,0.0311700711312758,0.9623079895973206,0.9697265625,0.0311700711312758,,,
416,0,4,rotate,medium,1.0,False,0.9367052316665648,0.95166015625,0.0314145117176598,0.9367052316665648,0.95166015625,0.0314145117176598,,,
416,0,5,rotate,hard,1.0,False,0.8502960205078125,0.95849609375,0.0366579392189432,0.8502960205078125,0.95849609375,0.0366579392189432,,,
416,0,6,resize,easy,1.253580267162677,False,0.9610773324966432,0.9658203125,0.0275932024098044,0.961880087852478,0.9658203125,0.0135544359354166,,,
416,0,7,resize,medium,1.453580267162677,False,0.9618586897850036,0.96728515625,0.0264729149791766,0.9607059359550476,0.96728515625,0.0116964173510537,,,
416,0,8,resize,medium,1.537084398976982,True,0.9514898657798768,0.9765625,0.0263612194586234,0.95148766040802,0.97705078125,0.0265261896039033,0.9514425992965698,0.9775390625,0.0265157180487752
416,0,9,resize,easy,0.8232098664186616,False,0.9524667263031006,0.9638671875,0.0350292136129634,0.953912615776062,0.9638671875,0.0210831985191614,,,
416,0,10,resize,medium,0.6928887651201596,False,0.8876652717590332,0.955078125,0.039340809608144,0.8999432325363159,0.95458984375,0.0252717317062458,,,
416,0,11,resize,hard,0.4928887651201596,True,0.7721043825149536,0.95263671875,0.0529489671234449,0.7640811204910278,0.9521484375,0.0535850670952892,0.764267086982727,0.95263671875,0.0535668889052902
417,0,0,move,easy,1.0,False,0.9711163640022278,0.97119140625,0.0514903383775932,0.9837858080863952,0.96923828125,0.0172153362512839,,,
417,0,1,move,medium,1.0,False,0.9477976560592652,0.98779296875,0.052189975923636,0.9607328176498412,0.9873046875,0.0182687998455972,,,
417,0,2,move,hard,1.0,False,0.9653092622756958,0.94384765625,0.0512919782527625,0.9778428077697754,0.943359375,0.0181415075205924,,,
417,0,3,rotate,easy,1.0,False,0.9519754648208618,0.9736328125,0.0456891434315698,0.9519754648208618,0.9736328125,0.0456891434315698,,,
417,0,4,rotate,medium,1.0,False,0.931621253490448,0.97607421875,0.0457932767212823,0.931621253490448,0.97607421875,0.0457932767212823,,,
417,0,5,rotate,hard,1.0,False,0.9108928442001344,0.9599609375,0.0482426632285656,0.9108928442001344,0.9599609375,0.0482426632285656,,,
417,0,6,resize,easy,1.1928887651201596,False,0.9410211443901062,0.98193359375,0.039987882494705,0.9546515345573424,0.9833984375,0.0196037886326355,,,
417,0,7,resize,medium,1.3928887651201596,False,0.9270167350769044,0.9521484375,0.0357146401836087,0.9343743324279784,0.953125,0.0161584246377823,,,
417,0,8,resize,hard,1.736842105263158,True,0.8979102373123169,0.97021484375,0.0321462515645493,0.8970574140548706,0.970703125,0.0323367051755734,0.8970392346382141,0.970703125,0.0323335060971249
417,0,9,resize,easy,0.8535556174399203,False,0.9364606142044068,0.97265625,0.0509692723970495,0.9553793668746948,0.97265625,0.0293836283439308,,,
417,0,10,resize,medium,0.6928887651201596,False,0.8402571678161621,0.97509765625,0.060342313771452,0.8607602119445801,0.97509765625,0.0381394976708398,,,
417,0,11,resize,hard,0.4928887651201596,True,0.6975203156471252,0.97900390625,0.0774481555405458,0.695436418056488,0.97998046875,0.0786894037707974,0.6951579451560974,0.97998046875,0.0787091355701098
418,0,0,move,medium,1.0,False,0.979884922504425,0.9833984375,0.031382975245489,0.9843478202819824,0.98486328125,0.0029049939324666,,,
418,0,1,move,hard,1.0,False,0.9813838005065918,0.95458984375,0.0310915475058023,0.9824113845825196,0.95654296875,0.0031216591530099,,,
419,0,0,move,medium,1.0,False,0.9754135012626648,0.98046875,0.0340295523642057,0.9778590202331544,0.98095703125,0.0062224972678572,,,
419,0,1,move,hard,1.0,False,0.9639617204666138,0.916015625,0.0361461144773922,0.9686590433120728,0.91845703125,0.0073898784573729,,,
419,0,2,rotate,medium,1.0,False,0.9631291627883912,0.98828125,0.0291065337207471,0.9631291627883912,0.98828125,0.0291065337207471,,,
419,0,3,rotate,hard,1.0,False,0.9471271634101868,0.98486328125,0.0303905892198324,0.9471271634101868,0.98486328125,0.0303905892198324,,,
419,0,4,rotate,hard,1.0,False,0.892569899559021,0.97900390625,0.0318750542692581,0.892569899559021,0.97900390625,0.0318750542692581,,,
419,0,5,resize,medium,1.24922034621005,False,0.960767149925232,0.98193359375,0.0249871874209182,0.9629017114639282,0.9833984375,0.005983152318517,,,
419,0,6,resize,medium,1.3691275167785235,False,0.9534451365470886,0.97998046875,0.0260094743184925,0.9556253552436828,0.9814453125,0.0066079412053141,,,
419,0,7,resize,medium,0.8253898268949751,False,0.9560979008674622,0.9775390625,0.0333281266069313,0.959706723690033,0.9775390625,0.0094650253573313,,,
419,0,8,resize,medium,0.74922034621005,False,0.9380685091018676,0.974609375,0.0367401973834632,0.9433203935623168,0.974609375,0.0112310348415673,,,
419,0,9,resize,hard,0.5492203462100499,True,0.8868381977081299,0.9716796875,0.0479830721607717,0.8875539898872375,0.97314453125,0.0477960996591262,0.8874154090881348,0.97314453125,0.0477846444383608
420,0,0,move,easy,1.0,False,0.9606668949127196,0.89111328125,0.0444710851454036,0.9707168936729432,0.892578125,0.0075737143168993,,,
420,0,1,move,medium,1.0,False,0.9369126558303832,0.9482421875,0.0438914165241281,0.9362916946411132,0.9482421875,0.0072163268002579,,,
420,0,2,move,hard,1.0,False,0.9244101047515868,0.9052734375,0.0441367120348469,0.9304819107055664,0.9052734375,0.0072450858318864,,,
420,0,3,rotate,easy,1.0,False,0.903288960456848,0.9150390625,0.0377557465740257,0.903288960456848,0.9150390625,0.0377557465740257,,,
420,0,4,rotate,medium,1.0,False,0.8592488765716553,0.912109375,0.039744996248836,0.8592488765716553,0.912109375,0.039744996248836,,,
420,0,5,rotate,hard,1.0,False,0.6950589418411255,0.943359375,0.0437564480584094,0.6950589418411255,0.943359375,0.0437564480584094,,,
420,0,6,resize,easy,1.1412121515906135,False,0.9461203813552856,0.9375,0.0354595584785735,0.9475396871566772,0.94140625,0.0090525249113325,,,
420,0,7,resize,medium,1.3412121515906135,False,0.911212921142578,0.95654296875,0.0324110256305884,0.9224603772163392,0.9560546875,0.0082867420587317,,,
420,0,8,resize,hard,1.8090911369296006,True,0.8498232364654541,0.9072265625,0.0291481296094896,0.8498936891555786,0.90283203125,0.0291511931548318,0.8498280048370361,0.90478515625,0.0291424636976739
420,0,9,resize,easy,0.8793939242046933,False,0.9467284083366394,0.89208984375,0.0427144076638969,0.9527173042297364,0.89208984375,0.0111253656951923,,,
420,0,10,resize,medium,0.6412121515906134,False,0.8534378409385681,0.9013671875,0.0564045437032324,0.8532107472419739,0.9013671875,0.0172628608155993,,,
420,0,11,resize,hard,0.4412121515906134,True,0.6697260141372681,0.90771484375,0.0756517971551573,0.6616725325584412,0.90771484375,0.0757178019303631,0.6614959836006165,0.90771484375,0.0757366077601703
421,0,0,move,medium,1.0,False,0.988783359527588,0.95166015625,0.0265265013677772,0.9897212982177734,0.953125,0.0059452273901902,,,
421,0,1,move,medium,1.0,False,0.9810152649879456,0.89501953125,0.0256906981836225,0.9839393496513368,0.89599609375,0.0050452546283648,,,
421,0,2,rotate,medium,1.0,False,0.9817994832992554,0.9609375,0.0242892442692837,0.9817994832992554,0.9609375,0.0242892442692837,,,
421,0,3,rotate,medium,1.0,False,0.9773696660995485,0.94140625,0.0249415504505669,0.9773696660995485,0.94140625,0.0249415504505669,,,
421,0,4,rotate,hard,1.0,False,0.9488366842269896,0.95556640625,0.0265004001228905,0.9488366842269896,0.95556640625,0.0265004001228905,,,
421,0,5,resize,medium,1.1412121515906135,False,0.9830024242401124,0.958984375,0.0212962063101303,0.9850921630859376,0.95947265625,0.0058673362569644,,,
421,0,6,resize,medium,1.3412121515906135,False,0.9709124565124512,0.97265625,0.0222555515623339,0.9737181663513184,0.97509765625,0.0054001067483758,,,
421,0,7,resize,medium,0.8793939242046933,False,0.9769409894943236,0.96484375,0.02484638436782,0.9765635132789612,0.96484375,0.0090145672127,,,
421,0,8,resize,hard,0.6412121515906134,False,0.9243069291114808,0.96240234375,0.0309639815095875,0.9254074096679688,0.96240234375,0.013614091787857,,,
421,0,9,resize,hard,0.4412121515906134,True,0.7786245942115784,0.96533203125,0.0409574636515448,0.7776151299476624,0.96630859375,0.0413707685176101,0.7774844169616699,0.9658203125,0.0413682768530068
422,0,0,move,easy,1.0,False,0.9187273979187012,0.94921875,0.0489278566457311,0.9348822832107544,0.9482421875,0.0193099384005695,,,
422,0,1,move,medium,1.0,False,0.9248784184455872,0.96728515625,0.0479745614883381,0.9365618228912354,0.96728515625,0.0183149755218362,,,
422,0,2,rotate,easy,1.0,False,0.9276676177978516,0.94140625,0.0424940875330669,0.9276676177978516,0.94140625,0.0424940875330669,,,
422,0,3,rotate,medium,1.0,False,0.865882158279419,0.9765625,0.0432784171827763,0.865882158279419,0.9765625,0.0432784171827763,,,
422,0,4,rotate,hard,1.0,False,0.7911602854728699,0.95166015625,0.046492218924386,0.7911602854728699,0.95166015625,0.046492218924386,,,
422,0,5,resize,easy,1.1412121515906135,False,0.9334028959274292,0.98291015625,0.0396390200921839,0.9408695697784424,0.98291015625,0.0232525081226616,,,
422,0,6,resize,easy,1.3412121515906135,False,0.9289228916168212,0.97216796875,0.0385258201414763,0.9308178424835204,0.97265625,0.0201826473134333,,,
422,0,7,resize,hard,1.7226890756302522,True,0.8976908326148987,0.9208984375,0.0349386274582758,0.8987789154052734,0.916015625,0.035026318150879,0.8987848162651062,0.916015625,0.0350209049650294
422,0,8,resize,easy,0.8793939242046933,False,0.9229438304901124,0.9560546875,0.0464106707060506,0.9291194677352904,0.9560546875,0.0303770652753232,,,
422,0,9,resize,medium,0.6412121515906134,False,0.8592549562454224,0.94287109375,0.0581015309081292,0.8610495328903198,0.943359375,0.0451415210655629,,,
422,0,10,resize,hard,0.4412121515906134,True,0.6980363726615906,0.953125,0.0716708279236991,0.7039414048194885,0.95361328125,0.071813975165618,0.7040136456489563,0.95361328125,0.071790228258819
423,0,0,move,medium,1.0,False,0.9729739427566528,0.92431640625,0.0293951315037771,0.987606942653656,0.92578125,0.00479874485977,,,
423,0,1,move,medium,1.0,False,0.9722166657447816,0.9306640625,0.0284347532323355,0.9843355417251588,0.9326171875,0.0043500447174931,,,
423,0,2,move,hard,1.0,False,0.9479126930236816,0.94970703125,0.0281579094959251,0.96404629945755,0.94970703125,0.0049607054110988,,,
423,0,3,rotate,easy,1.0,False,0.9576221704483032,0.919921875,0.0235555901398309,0.9576221704483032,0.919921875,0.0235555901398309,,,
423,0,4,rotate,medium,1.0,False,0.9443799257278442,0.93408203125,0.0249874816849453,0.9443799257278442,0.93408203125,0.0249874816849453,,,
423,0,5,rotate,hard,1.0,False,0.8881076574325562,0.92919921875,0.026170900830469,0.8881076574325562,0.92919921875,0.026170900830469,,,
423,0,6,resize,medium,1.2442003359544642,False,0.961034893989563,0.939453125,0.0215772749115277,0.9696624279022216,0.9482421875,0.0048059552074053,,,
423,0,7,resize,medium,0.827899832022768,False,0.9574253559112548,0.9130859375,0.0244996509080333,0.9672644138336182,0.9130859375,0.0073446146541536,,,
423,0,8,resize,medium,0.7442003359544642,False,0.947870433330536,0.9111328125,0.0251872049813548,0.9595056772232056,0.9111328125,0.0082416785806467,,,
423,0,9,resize,hard,0.5442003359544642,True,0.8926871418952942,0.908203125,0.0287577642271475,0.8939815759658813,0.9111328125,0.0294243416381657,0.8939028382301331,0.91064453125,0.0293978895096213
424,0,0,move,easy,1.0,False,0.9860622882843018,0.958984375,0.0539843265890723,0.990571141242981,0.9580078125,0.0216736960383526,,,
424,0,1,move,medium,1.0,False,0.9286061525344848,0.9794921875,0.0501175721812555,0.9185916185379028,0.9794921875,0.0202916289278924,,,
424,0,2,move,hard,1.0,False,0.9546935558319092,0.97802734375,0.0515171107242436,0.9605239033699036,0.97802734375,0.0217860123903175,,,
424,0,3,rotate,easy,1.0,False,0.9636180400848388,0.95654296875,0.0464511767634647,0.9636180400848388,0.95654296875,0.0464511767634647,,,
424,0,4,rotate,medium,1.0,False,0.9471564888954164,0.953125,0.0472203744179416,0.9471564888954164,0.953125,0.0472203744179416,,,
424,0,5,rotate,hard,1.0,False,0.9201061129570008,0.9541015625,0.0463858882270875,0.9201061129570008,0.9541015625,0.0463858882270875,,,
424,0,6,resize,easy,1.2442003359544642,False,0.935795783996582,0.95703125,0.0410337386178219,0.923919439315796,0.95654296875,0.0224821120616255,,,
424,0,7,resize,easy,1.4442003359544642,False,0.8987106680870056,0.96728515625,0.0394678838481618,0.8693567514419556,0.96728515625,0.019653077478319,,,
424,0,8,resize,hard,2.0793650793650795,True,0.7844220399856567,0.970703125,0.0347141411169869,0.7855427265167236,0.970703125,0.0346178427903042,0.7853460311889648,0.9716796875,0.0346158347158368
424,0,9,resize,easy,0.827899832022768,False,0.9492627382278442,0.95751953125,0.0527938164835872,0.952303946018219,0.95751953125,0.0371707162647885,,,
424,0,10,resize,easy,0.7442003359544642,False,0.9290561079978944,0.95703125,0.0545274892235598,0.936694324016571,0.95703125,0.0404422363773856,,,
424,0,11,resize,medium,0.5442003359544642,True,0.8358862996101379,0.95458984375,0.0692855744954089,0.8379063606262207,0.9541015625,0.0685341265104573,0.8377069234848022,0.95458984375,0.0685376848091377
425,0,0,move,medium,1.0,False,0.9788973927497864,0.97705078125,0.0272457493622773,0.9901408553123474,0.9755859375,0.0053703514394568,,,
425,0,1,move,hard,1.0,False,0.9684998989105223,0.98779296875,0.0268415195585231,0.9767639636993408,0.98779296875,0.0047400865282239,,,
426,0,0,move,easy,1.0,False,0.9591038823127748,0.9560546875,0.0418695913372651,0.9774768352508544,0.95654296875,0.0088077473434042,,,
426,0,1,move,hard,1.0,False,0.9472576379776,0.9462890625,0.041904900371563,0.962555468082428,0.94580078125,0.0092425960385277,,,
426,0,2,move,hard,1.0,False,0.9528509378433228,0.92822265625,0.0432848479241151,0.9640358090400696,0.9267578125,0.0092979198195399,,,
426,0,3,rotate,easy,1.0,False,0.9278419017791748,0.95654296875,0.0348030953291502,0.9278419017791748,0.95654296875,0.0348030953291502,,,
426,0,4,rotate,medium,1.0,False,0.8910084962844849,0.93701171875,0.0360543896582866,0.8910084962844849,0.93701171875,0.0360543896582866,,,
426,0,5,rotate,hard,1.0,False,0.7877832651138306,0.95849609375,0.0373028687541664,0.7877832651138306,0.95849609375,0.0373028687541664,,,
426,0,6,resize,easy,1.2442003359544642,False,0.9558374881744384,0.943359375,0.0297733745786955,0.9716743230819702,0.94677734375,0.0088037907926369,,,
426,0,7,resize,medium,1.4442003359544642,False,0.9430078268051147,0.9658203125,0.0282127050418291,0.951096534729004,0.9658203125,0.0079331976841517,,,
426,0,8,resize,hard,2.581502519658481,True,0.8096492290496826,0.947265625,0.0183844416855006,0.8095916509628296,0.94482421875,0.0184053914793198,0.8097635507583618,0.9443359375,0.0183907487927404
426,0,9,resize,easy,0.827899832022768,False,0.9297049045562744,0.91064453125,0.0385199522636399,0.9522819519042968,0.91064453125,0.0168574420792245,,,
426,0,10,resize,medium,0.6371017594370509,False,0.8383172750473022,0.9306640625,0.0404979400923086,0.850157618522644,0.9306640625,0.0204934485642598,,,
426,0,11,resize,hard,0.43710175943705093,True,0.6704517602920532,0.9296875,0.0506493828261656,0.6706947088241577,0.93359375,0.0505773668240777,0.670535147190094,0.93359375,0.0505568852088051
427,0,0,move,easy,1.0,False,0.9644694328308104,0.99267578125,0.0337160293951083,0.9697740077972412,0.9921875,0.0177807092935713,,,
427,0,1,move,medium,1.0,False,0.9323385953903198,0.99169921875,0.0356868741380344,0.9366843104362488,0.99169921875,0.0191753779323486,,,
427,0,2,rotate,easy,1.0,False,0.9343543648719788,0.9931640625,0.0287815625893469,0.9343543648719788,0.9931640625,0.0287815625893469,,,
427,0,3,rotate,medium,1.0,False,0.9179494976997375,0.9794921875,0.0307586140039746,0.9179494976997375,0.9794921875,0.0307586140039746,,,
427,0,4,rotate,hard,1.0,False,0.8477718830108643,0.98876953125,0.0331798016607431,0.8477718830108643,0.98876953125,0.0331798016607431,,,
427,0,5,resize,easy,0.8814491202814746,False,0.941635012626648,0.9921875,0.0303831413927989,0.9397914409637452,0.99267578125,0.0224469979342674,,,
427,0,6,resize,medium,0.6371017594370509,False,0.8854206800460815,0.99169921875,0.0437485606572827,0.887348473072052,0.99169921875,0.0367625955293298,,,
427,0,7,resize,hard,0.43710175943705093,True,0.7606279850006104,0.99169921875,0.0591505881655959,0.7659938335418701,0.99169921875,0.0606525841474953,0.765896737575531,0.99169921875,0.0604839145291103
428,0,0,move,easy,1.0,False,0.9662623405456544,0.9755859375,0.0276186077894443,0.986824870109558,0.9765625,0.0056970037805393,,,
428,0,1,move,hard,1.0,False,0.9510217308998108,0.9765625,0.0284224495946185,0.9549120664596558,0.97705078125,0.006547462203141,,,
428,0,2,move,hard,1.0,False,0.9483169317245485,0.97412109375,0.028306652923765,0.9516397714614868,0.97412109375,0.0064486424229219,,,
428,0,3,rotate,easy,1.0,False,0.9503664970397948,0.98583984375,0.0240334471673033,0.9503664970397948,0.98583984375,0.0240334471673033,,,
428,0,4,rotate,medium,1.0,False,0.9562197327613832,0.98291015625,0.0243188281105964,0.9562197327613832,0.98291015625,0.0243188281105964,,,
428,0,5,rotate,hard,1.0,False,0.9602845311164856,0.9833984375,0.0241280463564752,0.9602845311164856,0.9833984375,0.0241280463564752,,,
428,0,6,resize,easy,1.137101759437051,False,0.9508225321769714,0.986328125,0.0219031350108512,0.969829797744751,0.98681640625,0.0068034577581453,,,
428,0,7,resize,medium,1.337101759437051,False,0.9372758865356444,0.984375,0.0202962360998242,0.9553824067115784,0.98486328125,0.0057496891778319,,,
428,0,8,resize,hard,1.7782631957778818,True,0.9070872068405152,0.978515625,0.0171313238451953,0.9065711498260498,0.978515625,0.0171750010127966,0.9066225290298462,0.97900390625,0.0171648481616222
428,0,9,resize,easy,0.8814491202814746,False,0.953545093536377,0.984375,0.0238107396033361,0.9642741084098816,0.984375,0.0088415094611019,,,
428,0,10,resize,medium,0.6371017594370509,False,0.8815972805023193,0.98388671875,0.0280656429676954,0.8876538276672363,0.98388671875,0.0129541436808155,,,
428,0,11,resize,hard,0.43710175943705093,True,0.7893676161766052,0.98486328125,0.0314763174565998,0.7888491749763489,0.98486328125,0.0316583188374682,0.788354754447937,0.98486328125,0.0316344098088822
429,0,0,move,easy,1.0,False,0.9749656915664672,0.96435546875,0.0217948379347358,0.9791138172149658,0.96630859375,0.0062419492365208,,,
429,0,1,move,easy,1.0,False,0.9705802202224731,0.96044921875,0.0202709071845609,0.9747503995895386,0.96240234375,0.0051463904987731,,,
429,0,2,move,hard,1.0,False,0.9525240063667296,0.94921875,0.0230858803216633,0.9557188749313354,0.94921875,0.0077465549335035,,,
429,0,3,rotate,easy,1.0,False,0.9588413834571838,0.984375,0.0218048595395052,0.9588413834571838,0.984375,0.0218048595395052,,,
429,0,4,rotate,medium,1.0,False,0.8628430962562561,0.974609375,0.0213204130421758,0.8628430962562561,0.974609375,0.0213204130421758,,,
429,0,5,rotate,hard,1.0,False,0.7543436884880066,0.96337890625,0.0219045729300613,0.7543436884880066,0.96337890625,0.0219045729300613,,,
429,0,6,resize,easy,1.123275594081745,False,0.9593067169189452,0.9658203125,0.0183885313122137,0.9646647572517396,0.96533203125,0.006470022433285,,,
429,0,7,resize,easy,1.3232755940817449,False,0.9281665682792664,0.94091796875,0.0179181560095906,0.9318251609802246,0.94287109375,0.0070177103099304,,,
429,0,8,resize,medium,1.6745669556130862,True,0.865349531173706,0.9345703125,0.0157811257413453,0.8629657626152039,0.93798828125,0.0158883175566732,0.8628813624382019,0.93798828125,0.015890622412789
429,0,9,resize,easy,0.8883622029591276,False,0.9732897281646729,0.9619140625,0.0229838638255663,0.9769312143325806,0.9619140625,0.0089207715606567,,,
429,0,10,resize,medium,0.6232755940817448,False,0.8884438276290894,0.9697265625,0.030318421090536,0.8912270069122314,0.9697265625,0.0144036820243156,,,
429,0,11,resize,hard,0.42327559408174487,True,0.7862088084220886,0.97314453125,0.0405178278250125,0.7840279340744019,0.97021484375,0.042584619970337,0.7835590839385986,0.9716796875,0.04246563158793
430,0,0,move,easy,1.0,False,0.9455368518829346,0.9189453125,0.0318585430743446,0.9620586633682252,0.9140625,0.0076664121440885,,,
430,0,1,move,easy,1.0,False,0.9446759223937988,0.97021484375,0.030286890166304,0.94693124294281,0.9697265625,0.0066586468043009,,,
430,0,2,move,hard,1.0,False,0.940967619419098,0.935546875,0.0323991394255473,0.9358518123626708,0.935546875,0.0079409123433845,,,
430,0,3,rotate,easy,1.0,False,0.904426336288452,0.978515625,0.0281087773414716,0.904426336288452,0.978515625,0.0281087773414716,,,
430,0,4,rotate,easy,1.0,False,0.8474087715148926,0.955078125,0.0287455379957195,0.8474087715148926,0.955078125,0.0287455379957195,,,
430,0,5,rotate,hard,1.0,False,0.742523193359375,0.98291015625,0.0299847737079082,0.742523193359375,0.98291015625,0.0299847737079082,,,
430,0,6,resize,easy,1.123275594081745,False,0.9559211134910583,0.98779296875,0.0247969848900092,0.9598881006240844,0.98779296875,0.0075098798435208,,,
430,0,7,resize,easy,1.3232755940817449,False,0.9198322296142578,0.9853515625,0.0249945124111253,0.9272308945655824,0.984375,0.0079459739172812,,,
430,0,8,resize,medium,1.6745669556130862,True,0.8604190349578857,0.9443359375,0.0228444867784005,0.8603507280349731,0.9423828125,0.0227351869533883,0.8603441715240479,0.94287109375,0.0227339862334022
430,0,9,resize,easy,0.8883622029591276,False,0.9530322551727296,0.982421875,0.0282328610054228,0.9603312015533448,0.982421875,0.0092480770809952,,,
430,0,10,resize,medium,0.6232755940817448,False,0.8208910226821899,0.97705078125,0.0401006005171977,0.8257960677146912,0.97705078125,0.0189469656291852,,,
430,0,11,resize,hard,0.42327559408174487,True,0.7125517129898071,0.9794921875,0.0617421796563447,0.7122808694839478,0.97900390625,0.0611157233057537,0.7123584747314453,0.97900390625,0.0610884511983016
431,0,3,rotate,easy,1.0,False,0.959464967250824,0.95751953125,0.0352085721432832,0.959464967250824,0.95751953125,0.0352085721432832,,,
431,0,6,resize,easy,1.123275594081745,False,0.9488356113433838,0.96240234375,0.0319851642688678,0.9526727795600892,0.96435546875,0.0128251149970898,,,
431,0,7,resize,medium,1.3232755940817449,False,0.9279619455337524,0.947265625,0.0301123801845071,0.9364553689956664,0.94873046875,0.0112714163363305,,,
432,0,0,move,easy,1.0,False,0.9695402979850768,0.9765625,0.0220642306293797,0.9711463451385498,0.9755859375,0.0046767798777171,,,
432,0,1,move,medium,1.0,False,0.9480952620506288,0.982421875,0.0233750865724637,0.9565122723579408,0.98193359375,0.004667025233918,,,
432,0,2,move,medium,1.0,False,0.96577388048172,0.9814453125,0.0240947101912145,0.975134253501892,0.9814453125,0.0054337065998238,,,
432,0,3,rotate,easy,1.0,False,0.9508323073387146,0.98583984375,0.0210179556933244,0.9508323073387146,0.98583984375,0.0210179556933244,,,
432,0,4,rotate,medium,1.0,False,0.8813261985778809,0.9833984375,0.0217505226016708,0.8813261985778809,0.9833984375,0.0217505226016708,,,
432,0,5,rotate,hard,1.0,False,0.7994915246963501,0.98193359375,0.0242788612726347,0.7994915246963501,0.98193359375,0.0242788612726347,,,
432,0,6,resize,easy,1.253580267162677,False,0.9525769352912904,0.986328125,0.0192968213660516,0.9525403380393982,0.98681640625,0.0050670140188599,,,
432,0,7,resize,medium,1.453580267162677,False,0.9413706064224244,0.98876953125,0.0186913670877928,0.9415680170059204,0.9892578125,0.0046776649527846,,,
432,0,8,resize,hard,2.291079812206573,True,0.7660955190658569,0.9736328125,0.0159159556226969,0.7659285664558411,0.97412109375,0.01591833865486,0.7666548490524292,0.9736328125,0.0159057294070063
432,0,9,resize,easy,0.8232098664186616,False,0.943450093269348,0.97802734375,0.0217155769444842,0.9470585584640504,0.97802734375,0.0092990156322058,,,
432,0,10,resize,medium,0.753580267162677,False,0.9284982681274414,0.9716796875,0.0226514380328556,0.9275808334350586,0.9716796875,0.0101717277772152,,,
432,0,11,resize,hard,0.553580267162677,True,0.8310514092445374,0.978515625,0.0287939546887937,0.8316071629524231,0.97998046875,0.0287760072582492,0.8317681550979614,0.97998046875,0.0287928536194351
433,0,0,move,easy,1.0,False,0.9740738272666932,0.96484375,0.0400296931554563,0.9854105114936828,0.96435546875,0.0057397017504724,,,
433,0,1,move,medium,1.0,False,0.9722794890403748,0.96142578125,0.0429585532744756,0.9786173701286316,0.96044921875,0.0068991303140475,,,
433,0,2,move,medium,1.0,False,0.9718644022941588,0.96337890625,0.0430024974530348,0.982800543308258,0.96337890625,0.0068262541622748,,,
433,0,3,rotate,easy,1.0,False,0.9638426899909972,0.9423828125,0.0297144214456335,0.9638426899909972,0.9423828125,0.0297144214456335,,,
433,0,4,rotate,medium,1.0,False,0.915585994720459,0.94384765625,0.0319817931575976,0.915585994720459,0.94384765625,0.0319817931575976,,,
433,0,5,rotate,hard,1.0,False,0.8793949484825134,0.953125,0.0338396952417208,0.8793949484825134,0.953125,0.0338396952417208,,,
433,0,6,resize,easy,1.253580267162677,False,0.9320523738861084,0.97021484375,0.0288813924774653,0.9459044933319092,0.970703125,0.0066677734291422,,,
433,0,7,resize,medium,1.453580267162677,False,0.9369579553604126,0.953125,0.0294134073437586,0.9325547218322754,0.95556640625,0.0067848949024444,,,
433,0,8,resize,hard,2.0036630036630036,True,0.8466536402702332,0.978515625,0.0265600414154751,0.8495373725891113,0.97900390625,0.0265118195327567,0.8498695492744446,0.9794921875,0.0265082357804192
433,0,9,resize,easy,0.8232098664186616,False,0.9564779996871948,0.94677734375,0.0312628282592029,0.9625669717788696,0.94677734375,0.0105738380176457,,,
433,0,10,resize,medium,0.753580267162677,False,0.9321410655975342,0.9462890625,0.0335743074897146,0.9323732256889344,0.9462890625,0.0134065765902234,,,
433,0,11,resize,hard,0.553580267162677,True,0.8270143270492554,0.947265625,0.0375439455425802,0.8256067037582397,0.94970703125,0.0389072198834401,0.8260173797607422,0.94921875,0.0389068750998435
434,0,0,move,medium,1.0,False,0.9851677417755128,0.939453125,0.0171943745661454,0.9910197257995604,0.93310546875,0.0048014525606178,,,
434,0,1,move,medium,1.0,False,0.9763125777244568,0.9375,0.0163354654727049,0.9733208417892456,0.93701171875,0.0044103459531952,,,
434,0,2,move,hard,1.0,False,0.970644235610962,0.9365234375,0.0180076414398062,0.9727463126182556,0.9365234375,0.0049810250340614,,,
434,0,3,rotate,easy,1.0,False,0.9709982872009276,0.923828125,0.0168109303482564,0.9709982872009276,0.923828125,0.0168109303482564,,,
434,0,4,rotate,medium,1.0,False,0.9696480631828308,0.90478515625,0.0187002466472454,0.9696480631828308,0.90478515625,0.0187002466472454,,,
434,0,5,rotate,hard,1.0,False,0.917174518108368,0.97509765625,0.0193806203179939,0.917174518108368,0.97509765625,0.0193806203179939,,,
434,0,6,resize,easy,1.1928887651201596,False,0.971605896949768,0.97021484375,0.0148572907987764,0.9698963165283204,0.96923828125,0.0050672288813431,,,
434,0,7,resize,medium,1.3517587939698492,False,0.9590083360671996,0.97119140625,0.0153127392427435,0.9532983303070068,0.97021484375,0.0045763085457476,,,
434,0,8,resize,easy,0.8535556174399203,False,0.972579836845398,0.9765625,0.0180028471377952,0.971934974193573,0.9765625,0.0074178538399991,,,
434,0,9,resize,medium,0.6928887651201596,False,0.9399912357330322,0.9736328125,0.0212173470791418,0.9347617030143738,0.9736328125,0.0095436951893456,,,
434,0,10,resize,hard,0.4928887651201596,True,0.8517754673957825,0.97119140625,0.0254589182352318,0.854300320148468,0.97216796875,0.0256808538477354,0.8541513085365295,0.97265625,0.0257024118830881
435,0,0,move,medium,1.0,False,0.9573721289634703,0.94091796875,0.0337700463390343,0.9678080081939696,0.94091796875,0.0094531688729764,,,
435,0,1,move,medium,1.0,False,0.9003405570983887,0.9267578125,0.0334243855224524,0.8818399906158447,0.93505859375,0.0089192112488559,,,
435,0,2,move,hard,1.0,False,0.9569841623306274,0.90087890625,0.0333700623630456,0.954390287399292,0.90087890625,0.009021635790363,,,
435,0,3,rotate,easy,1.0,False,0.9098333120346068,0.88818359375,0.0295537931121504,0.9098333120346068,0.88818359375,0.0295537931121504,,,
435,0,4,rotate,medium,1.0,False,0.8948265314102173,0.93994140625,0.0309472649516222,0.8948265314102173,0.93994140625,0.0309472649516222,,,
435,0,5,rotate,hard,1.0,False,0.7863869667053223,0.9384765625,0.0306793544484337,0.7863869667053223,0.9384765625,0.0306793544484337,,,
435,0,6,resize,easy,1.1928887651201596,False,0.928344428539276,0.92822265625,0.0276161533637023,0.920966863632202,0.9267578125,0.0119005413613256,,,
435,0,7,resize,medium,1.3928887651201596,False,0.89937824010849,0.9384765625,0.0244110187795738,0.8931737542152405,0.9384765625,0.0089122504086337,,,
435,0,8,resize,easy,0.8535556174399203,False,0.9209771752357484,0.9111328125,0.0336618728059019,0.920762062072754,0.91162109375,0.015587025903121,,,
435,0,9,resize,medium,0.6928887651201596,False,0.884329080581665,0.92431640625,0.037742566564031,0.852898120880127,0.92431640625,0.0189359850344693,,,
435,0,10,resize,hard,0.4928887651201596,True,0.7521834373474121,0.91064453125,0.0490812336954528,0.7529081702232361,0.90478515625,0.0487783351159738,0.7527205348014832,0.9052734375,0.0487824234652006
436,0,3,rotate,easy,1.0,False,0.9665927886962892,0.96826171875,0.0336468052231353,0.9665927886962892,0.96826171875,0.0336468052231353,,,
436,0,4,rotate,easy,1.0,False,0.9515538811683656,0.97021484375,0.0338545379175071,0.9515538811683656,0.97021484375,0.0338545379175071,,,
436,0,5,rotate,hard,1.0,False,0.92962908744812,0.97216796875,0.0345800726519835,0.92962908744812,0.97216796875,0.0345800726519835,,,
436,0,6,resize,easy,1.1561891268444349,False,0.9568266868591307,0.9560546875,0.0337810969400126,0.9636740684509276,0.955078125,0.0144275792207512,,,
436,0,7,resize,easy,1.3561891268444348,False,0.9331132173538208,0.8984375,0.0336892615347135,0.936322808265686,0.900390625,0.0132940826400699,,,
436,0,8,resize,medium,1.5068493150684932,True,0.9217193722724916,0.9296875,0.0331724062173889,0.9215556383132936,0.9306640625,0.0336041998498745,0.9217351675033568,0.9306640625,0.0335900416811604
437,0,0,move,easy,1.0,False,0.9646502733230592,0.97265625,0.0434157065525163,0.9675536155700684,0.97216796875,0.0047999525197896,,,
437,0,1,move,medium,1.0,False,0.9840880036354064,0.97314453125,0.0440106929390497,0.9846785664558412,0.97314453125,0.0054897756807351,,,
437,0,2,move,medium,1.0,False,0.962177276611328,0.98193359375,0.0462784912173975,0.9673908948898317,0.98193359375,0.0059251964122766,,,
437,0,3,rotate,easy,1.0,False,0.9581328630447388,0.97265625,0.0381534517983516,0.9581328630447388,0.97265625,0.0381534517983516,,,
437,0,4,rotate,easy,1.0,False,0.9339637160301208,0.9765625,0.0383992414134361,0.9339637160301208,0.9765625,0.0383992414134361,,,
437,0,5,rotate,hard,1.0,False,0.8506994247436523,0.9814453125,0.0410127242550685,0.8506994247436523,0.9814453125,0.0410127242550685,,,
437,0,6,resize,easy,1.1561891268444349,False,0.970279574394226,0.97412109375,0.0342599739377984,0.9692617654800416,0.9736328125,0.0069927547821265,,,
437,0,7,resize,easy,1.3561891268444348,False,0.951561689376831,0.9677734375,0.0301619523286463,0.9515820741653442,0.9677734375,0.0053423432717768,,,
437,0,8,resize,medium,1.5182481751824817,True,0.9348737597465516,0.9736328125,0.0296461471426177,0.934933304786682,0.97412109375,0.0296886475615887,0.9350187182426452,0.97412109375,0.0296807373889726
437,0,9,resize,easy,0.8719054365777826,False,0.9568142294883728,0.96630859375,0.0395269762204314,0.9588545560836792,0.96630859375,0.0085846414806283,,,
437,0,10,resize,medium,0.6561891268444348,False,0.9126805067062378,0.97021484375,0.0508614130493353,0.920330047607422,0.97021484375,0.0126596356911457,,,
437,0,11,resize,hard,0.45618912684443474,True,0.7960031032562256,0.96630859375,0.0601627390201563,0.7958333492279053,0.96533203125,0.0598069605100677,0.7955162525177002,0.96484375,0.0597992519756825
438,0,0,move,easy,1.0,False,0.9475809931755066,0.97705078125,0.0492251219558,0.9550300240516664,0.97802734375,0.0069773792357148,,,
438,0,1,move,medium,1.0,False,0.973909854888916,0.9794921875,0.0486344655643314,0.9875333905220032,0.98046875,0.0068474926922957,,,
438,0,2,move,medium,1.0,False,0.9429946541786194,0.97998046875,0.0490958952502333,0.9530733823776244,0.98046875,0.0073637904334677,,,
438,0,3,rotate,easy,1.0,False,0.8870075941085815,0.97607421875,0.0424401074502494,0.8870075941085815,0.97607421875,0.0424401074502494,,,
438,0,4,rotate,medium,1.0,False,0.7867028713226318,0.97607421875,0.0443113094685209,0.7867028713226318,0.97607421875,0.0443113094685209,,,
438,0,5,rotate,hard,1.0,False,0.6702465415000916,0.9619140625,0.0465499250380899,0.6702465415000916,0.9619140625,0.0465499250380899,,,
438,0,6,resize,easy,1.2823788640523368,False,0.931398868560791,0.978515625,0.0364570753743924,0.9326767921447754,0.97900390625,0.0072883354139559,,,
438,0,7,resize,medium,1.4823788640523368,False,0.9044842720031738,0.9853515625,0.0338327275620057,0.9115631580352784,0.9853515625,0.0063348256190279,,,
438,0,8,resize,hard,2.12807881773399,True,0.7875968813896179,0.99072265625,0.0304063608711098,0.7875083684921265,0.99072265625,0.0304457031399069,0.7871989011764526,0.99072265625,0.0304265462835318
438,0,9,resize,easy,0.8088105679738317,False,0.9265792369842528,0.95654296875,0.0483868420013426,0.9399515390396118,0.95654296875,0.0118667598935479,,,
438,0,10,resize,easy,0.7823788640523368,False,0.92785382270813,0.9560546875,0.04981581564431,0.9271965622901917,0.9560546875,0.0122830955552824,,,
438,0,11,resize,medium,0.5823788640523369,True,0.8259847164154053,0.95263671875,0.0633679327679772,0.8226715326309204,0.953125,0.0635846750624369,0.8227039575576782,0.953125,0.0635399195748378
439,0,0,move,medium,1.0,False,0.97976553440094,0.9755859375,0.0414741027150226,0.9834192991256714,0.974609375,0.0060062662681268,,,
439,0,1,move,medium,1.0,False,0.991092085838318,0.97900390625,0.0422719748638454,0.9948151111602784,0.978515625,0.006249674307268,,,
439,0,2,move,hard,1.0,False,0.9689636826515198,0.9697265625,0.0412465920833312,0.9741592407226562,0.96826171875,0.0054994223381628,,,
439,0,3,rotate,medium,1.0,False,0.9658132195472716,0.9716796875,0.035678938303223,0.9658132195472716,0.9716796875,0.035678938303223,,,
439,0,4,rotate,hard,1.0,False,0.9119030237197876,0.9619140625,0.0370583841016475,0.9119030237197876,0.9619140625,0.0370583841016475,,,
439,0,5,rotate,hard,1.0,False,0.7148116827011108,0.9560546875,0.0376591903570157,0.7148116827011108,0.9560546875,0.0376591903570157,,,
439,0,6,resize,easy,1.1126126126126126,False,0.9834519624710084,0.97314453125,0.0333854368720441,0.9850138425827026,0.97216796875,0.0069542289930669,,,
439,0,7,resize,medium,0.8088105679738317,False,0.9596136808395386,0.974609375,0.0392748123991845,0.9625399112701416,0.974609375,0.0078054915450191,,,
439,0,8,resize,medium,0.7823788640523368,False,0.9525572061538696,0.966796875,0.0397343444659441,0.9532447457313538,0.96630859375,0.0084642178960202,,,
439,0,9,resize,hard,0.5823788640523369,True,0.8474971652030945,0.9599609375,0.0524296153156169,0.8464639782905579,0.9609375,0.0528828374516725,0.846640944480896,0.9609375,0.0528490064709696
440,0,0,move,easy,1.0,False,0.9434366226196288,0.96875,0.0981045512309646,0.951106607913971,0.97119140625,0.0121316379597121,,,
440,0,1,move,medium,1.0,False,0.9548749923706056,0.9658203125,0.0955818812329032,0.9574053287506104,0.9638671875,0.0119936435455422,,,
440,0,2,move,medium,1.0,False,0.9500330686569214,0.9716796875,0.0977875422108303,0.956193745136261,0.9716796875,0.0116046936289467,,,
440,0,3,rotate,easy,1.0,False,0.9369701743125916,0.93408203125,0.0782675729732614,0.9369701743125916,0.93408203125,0.0782675729732614,,,
440,0,4,rotate,medium,1.0,False,0.8587520122528076,0.94580078125,0.079115842421144,0.8587520122528076,0.94580078125,0.079115842421144,,,
440,0,5,rotate,hard,1.0,False,0.6824508905410767,0.9365234375,0.0796487675993136,0.6824508905410767,0.9365234375,0.0796487675993136,,,
440,0,6,resize,easy,1.1550928005303982,False,0.9517064094543456,0.97314453125,0.0695715960705059,0.9558786153793336,0.974609375,0.0147556312951597,,,
440,0,7,resize,easy,0.872453599734801,False,0.950947642326355,0.93798828125,0.0845162181283288,0.9528130292892456,0.93798828125,0.0212647783921449,,,
440,0,8,resize,medium,0.6550928005303981,False,0.8724337220191956,0.9443359375,0.0986083193396659,0.8872730731964111,0.9443359375,0.0304965593679596,,,
440,0,9,resize,hard,0.45509280053039813,True,0.7148050665855408,0.94384765625,0.1160993445585898,0.7109695672988892,0.94580078125,0.1171087635713535,0.7106534242630005,0.9462890625,0.1170863730741575
441,0,0,move,medium,1.0,False,0.9839917421340942,0.97265625,0.0299039765265656,0.9942063093185424,0.97314453125,0.0025191835332548,,,
441,0,1,move,medium,1.0,False,0.981269359588623,0.98046875,0.0303186015784265,0.9856897592544556,0.98046875,0.0024007258525662,,,
442,0,0,move,easy,1.0,False,0.97515869140625,0.9775390625,0.0361269266087805,0.9854477047920228,0.97705078125,0.005013543689293,,,
442,0,1,move,medium,1.0,False,0.963511884212494,0.9658203125,0.0369322489384637,0.9712162017822266,0.9658203125,0.0055361720816119,,,
442,0,2,move,hard,1.0,False,0.9761316776275636,0.9599609375,0.0364887739488809,0.9862345457077026,0.95947265625,0.0049494831917108,,,
442,0,3,rotate,medium,1.0,False,0.9672710299491882,0.95166015625,0.0297905842768398,0.9672710299491882,0.95166015625,0.0297905842768398,,,
442,0,4,rotate,medium,1.0,False,0.9447723031044006,0.9619140625,0.0305455408976606,0.9447723031044006,0.9619140625,0.0305455408976606,,,
442,0,5,rotate,hard,1.0,False,0.8542194366455078,0.96630859375,0.0328468298465839,0.8542194366455078,0.96630859375,0.0328468298465839,,,
442,0,6,resize,easy,0.872453599734801,False,0.9584202170372008,0.91650390625,0.0309229609222541,0.9671803712844848,0.91650390625,0.0066766440139102,,,
442,0,7,resize,hard,0.6550928005303981,False,0.9167770147323608,0.9140625,0.0374911299726258,0.92350435256958,0.9140625,0.0105571492092723,,,
442,0,8,resize,hard,0.45509280053039813,True,0.7616512179374695,0.91845703125,0.0446955128466963,0.7630245685577393,0.919921875,0.0454639673273414,0.763052225112915,0.91943359375,0.0454475198962178
443,0,0,move,easy,1.0,False,0.9637068510055542,0.9833984375,0.0314219862635086,0.9696711301803588,0.9853515625,0.0080191103016441,,,
443,0,1,move,medium,1.0,False,0.9631562232971193,0.98828125,0.0328586090297216,0.9679363369941713,0.9873046875,0.0079507040053674,,,
443,0,2,move,medium,1.0,False,0.9431645274162292,0.974609375,0.0332306559806162,0.9525384306907654,0.974609375,0.0084900317403403,,,
443,0,3,rotate,easy,1.0,False,0.9426279664039612,0.98583984375,0.0261985230455818,0.9426279664039612,0.98583984375,0.0261985230455818,,,
443,0,4,rotate,medium,1.0,False,0.8791608214378357,0.96826171875,0.0274309234176722,0.8791608214378357,0.96826171875,0.0274309234176722,,,
443,0,5,rotate,hard,1.0,False,0.7335300445556641,0.98193359375,0.0309566806413835,0.7335300445556641,0.98193359375,0.0309566806413835,,,
443,0,6,resize,easy,1.1550928005303982,False,0.972893476486206,0.9873046875,0.0230853061973592,0.9758396744728088,0.98876953125,0.0063245060603143,,,
443,0,7,resize,medium,1.3550928005303982,False,0.9242069125175476,0.92919921875,0.0229453189813392,0.9297053813934326,0.92822265625,0.006514329254051,,,
443,0,8,resize,medium,1.5798816568047338,True,0.8611982464790344,0.9541015625,0.0205538236234428,0.858529269695282,0.953125,0.0204667221218452,0.8588547706604004,0.95263671875,0.0204579211830536
443,0,9,resize,easy,0.872453599734801,False,0.9752165675163268,0.9775390625,0.0275152508422106,0.9810025095939636,0.9775390625,0.0082514331417716,,,
443,0,10,resize,medium,0.6550928005303981,False,0.9017426371574402,0.97314453125,0.0363300196517014,0.9084289073944092,0.97314453125,0.0138852296247682,,,
443,0,11,resize,hard,0.45509280053039813,True,0.7341612577438354,0.97412109375,0.0424452133794694,0.7411748170852661,0.97412109375,0.0432625628319592,0.7410006523132324,0.974609375,0.0432535809698439
444,0,0,move,easy,1.0,False,0.9215455055236816,0.9755859375,0.0662070840538101,0.9208378791809082,0.9755859375,0.0409774558741966,,,
444,0,1,move,easy,1.0,False,0.883185863494873,0.9716796875,0.0677528737507204,0.8973684310913086,0.9716796875,0.0434421932944003,,,
444,0,2,move,medium,1.0,False,0.9278779029846193,0.97314453125,0.0612486813915804,0.9211845993995668,0.97314453125,0.0372314116994551,,,
444,0,3,rotate,easy,1.0,False,0.9124547839164734,0.97119140625,0.0532827608194946,0.9124547839164734,0.97119140625,0.0532827608194946,,,
444,0,4,rotate,easy,1.0,False,0.8782651424407959,0.97900390625,0.0581312192098137,0.8782651424407959,0.97900390625,0.0581312192098137,,,
444,0,5,rotate,hard,1.0,False,0.7132563591003418,0.962890625,0.0559383721426278,0.7132563591003418,0.962890625,0.0559383721426278,,,
444,0,6,resize,easy,1.210129327921193,False,0.922478199005127,0.9873046875,0.0504409025110024,0.9213692545890808,0.9873046875,0.0396042107779915,,,
444,0,7,resize,easy,1.410129327921193,False,0.8761841058731079,0.9716796875,0.0439795879574798,0.8769892454147339,0.97216796875,0.0322033016040122,,,
444,0,8,resize,easy,0.8449353360394035,False,0.9206966161727904,0.97216796875,0.0596272743331566,0.9216187596321106,0.97216796875,0.0530139673141701,,,
444,0,9,resize,easy,0.7101293279211931,False,0.8774318695068359,0.9697265625,0.0630371664617442,0.8782030344009399,0.9697265625,0.0578321361547919,,,
444,0,10,resize,hard,0.5101293279211931,True,0.8082380294799805,0.96923828125,0.0779716370853274,0.8082047700881958,0.96923828125,0.0778183919307633,0.8083949089050293,0.96923828125,0.0778418392768168
445,0,0,move,easy,1.0,False,0.9537277817726136,0.97509765625,0.0469681958173006,0.9558882713317872,0.96630859375,0.0080206165244528,,,
445,0,1,move,medium,1.0,False,0.9375848770141602,0.96826171875,0.0463088088088088,0.9410645961761476,0.970703125,0.0071921985924543,,,
445,0,2,move,medium,1.0,False,0.952835202217102,0.97412109375,0.0471872447895465,0.9524800181388856,0.97607421875,0.0075968551671876,,,
445,0,3,rotate,easy,1.0,False,0.906941831111908,0.9765625,0.0399031232603861,0.906941831111908,0.9765625,0.0399031232603861,,,
445,0,4,rotate,medium,1.0,False,0.8299944996833801,0.97998046875,0.0417557419402541,0.8299944996833801,0.97998046875,0.0417557419402541,,,
445,0,5,rotate,hard,1.0,False,0.7627530694007874,0.92138671875,0.0447845556790927,0.7627530694007874,0.92138671875,0.0447845556790927,,,
445,0,6,resize,easy,1.192130115356945,False,0.9387165904045104,0.96826171875,0.0372533031587599,0.940221071243286,0.9599609375,0.0091479848901949,,,
445,0,7,resize,medium,1.3921301153569448,False,0.903412699699402,0.951171875,0.0340612584255483,0.9063183069229126,0.95556640625,0.0073284906303326,,,
445,0,8,resize,hard,2.1082251082251084,True,0.7691493034362793,0.98095703125,0.0291498585715558,0.7692241668701172,0.9794921875,0.0290947570032779,0.7692681550979614,0.9794921875,0.029087693813018
445,0,9,resize,easy,0.8539349423215277,False,0.9336719512939452,0.97216796875,0.0439115038734385,0.943973183631897,0.97216796875,0.012315591023503,,,
445,0,10,resize,medium,0.6921301153569448,False,0.8772246241569519,0.9697265625,0.0535154607164428,0.8803967237472534,0.9697265625,0.0168932753145822,,,
445,0,11,resize,hard,0.49213011535694484,True,0.7152855396270752,0.9697265625,0.0713328017834688,0.7098912000656128,0.9697265625,0.07315474844601,0.7099871039390564,0.96923828125,0.0731284354054521
446,0,0,move,easy,1.0,False,0.9880651235580444,0.96923828125,0.0145193617868385,0.9885472059249878,0.9697265625,0.0045987180343192,,,
446,0,1,move,medium,1.0,False,0.9861167669296264,0.9287109375,0.0195191268587142,0.987921178340912,0.9296875,0.0061201867554942,,,
446,0,2,move,hard,1.0,False,0.9734511971473694,0.9638671875,0.0194990961449531,0.9749107360839844,0.9638671875,0.0066701040360651,,,
446,0,3,rotate,easy,1.0,False,0.9736206531524658,0.974609375,0.0144227300757143,0.9736206531524658,0.974609375,0.0144227300757143,,,
446,0,4,rotate,medium,1.0,False,0.9594132304191588,0.9658203125,0.0158056999694945,0.9594132304191588,0.9658203125,0.0158056999694945,,,
446,0,5,rotate,hard,1.0,False,0.9391744136810304,0.93994140625,0.018539083088073,0.9391744136810304,0.93994140625,0.018539083088073,,,
446,0,6,resize,easy,1.192130115356945,False,0.9720267653465272,0.9736328125,0.0154103668957848,0.9724749326705932,0.97412109375,0.0065267681938818,,,
446,0,7,resize,easy,1.3921301153569448,False,0.9641022086143494,0.98095703125,0.013684894049167,0.9615636467933656,0.9814453125,0.0049992030890122,,,
446,0,8,resize,hard,2.1909758651770863,True,0.8227038979530334,0.97314453125,0.0208442660605878,0.8243135213851929,0.9736328125,0.0209430064454271,0.8248211145401001,0.97314453125,0.0209118790610596
446,0,9,resize,easy,0.8539349423215277,False,0.9801260828971864,0.95703125,0.0155010349255035,0.9784592986106871,0.95703125,0.0082948335959326,,,
446,0,10,resize,medium,0.6921301153569448,False,0.9474674463272096,0.9580078125,0.0133851259334881,0.944658637046814,0.9580078125,0.0078901862819216,,,
446,0,11,resize,hard,0.49213011535694484,True,0.8698319792747498,0.9619140625,0.0194320801661758,0.8700212240219116,0.96142578125,0.0193993623836806,0.8700851202011108,0.9609375,0.0193798331646718
447,0,0,move,easy,1.0,False,0.949729323387146,0.93896484375,0.0373259166707376,0.95636385679245,0.93994140625,0.010676825661785,,,
447,0,1,move,easy,1.0,False,0.9443715214729308,0.94921875,0.0387634332479666,0.9523805379867554,0.94970703125,0.0113482776103839,,,
447,0,2,move,medium,1.0,False,0.944382667541504,0.95751953125,0.0372135848131744,0.952162265777588,0.95751953125,0.0101562351218938,,,
447,0,3,rotate,easy,1.0,False,0.8922895193099976,0.95751953125,0.0317688460519343,0.8922895193099976,0.95751953125,0.0317688460519343,,,
447,0,4,rotate,medium,1.0,False,0.8159984946250916,0.9404296875,0.0322376423226695,0.8159984946250916,0.9404296875,0.0322376423226695,,,
447,0,5,rotate,hard,1.0,False,0.6870970726013184,0.94384765625,0.033660406776891,0.6870970726013184,0.94384765625,0.033660406776891,,,
447,0,6,resize,easy,1.172780758396999,False,0.9314762353897096,0.9599609375,0.0306476584794052,0.9388625621795654,0.9599609375,0.0134348228303154,,,
447,0,7,resize,easy,1.372780758396999,False,0.8974572420120239,0.96728515625,0.0288611700437098,0.9034650921821594,0.9677734375,0.011292042985027,,,
447,0,8,resize,easy,0.8636096208015005,False,0.9401822090148926,0.9609375,0.0336357935647985,0.939751148223877,0.9609375,0.0174523615902834,,,
447,0,9,resize,medium,0.6727807583969989,False,0.8403371572494507,0.95703125,0.0383642198022262,0.8337672352790833,0.95703125,0.0234907309991449,,,
447,0,10,resize,hard,0.47278075839699896,True,0.7190769910812378,0.95556640625,0.0466680015425232,0.7348288297653198,0.9560546875,0.0462714939732827,0.7355231046676636,0.95556640625,0.0462672915863269
448,0,0,move,easy,1.0,False,0.9444617629051208,0.95458984375,0.0490791432796723,0.9418877363204956,0.953125,0.0221083314717267,,,
448,0,1,move,easy,1.0,False,0.9596285820007324,0.95703125,0.0500313505334986,0.962900936603546,0.95458984375,0.0226366320281942,,,
448,0,2,move,medium,1.0,False,0.9481395483016968,0.89404296875,0.0487279021906522,0.9538904428482056,0.89453125,0.0217701845814371,,,
448,0,3,rotate,easy,1.0,False,0.926421284675598,0.91943359375,0.0452091898950003,0.926421284675598,0.91943359375,0.0452091898950003,,,
448,0,4,rotate,easy,1.0,False,0.912567377090454,0.97216796875,0.0428311959931751,0.912567377090454,0.97216796875,0.0428311959931751,,,
448,0,5,rotate,hard,1.0,False,0.8617492914199829,0.953125,0.0450858809860396,0.8617492914199829,0.953125,0.0450858809860396,,,
448,0,6,resize,easy,1.172780758396999,False,0.9341725707054138,0.97607421875,0.0395454112962841,0.9380648136138916,0.97607421875,0.0253138060001902,,,
448,0,7,resize,easy,1.372780758396999,False,0.9080249071121216,0.94775390625,0.038269451690135,0.9049150347709656,0.94677734375,0.0227831295452958,,,
448,0,8,resize,medium,1.7454545454545454,True,0.8212540149688721,0.94873046875,0.0350685226385463,0.8221951723098755,0.95068359375,0.0350015554111532,0.8219998478889465,0.951171875,0.0349845921695851
448,0,9,resize,easy,0.8636096208015005,False,0.9298444986343384,0.8994140625,0.0479073280462374,0.9392268657684326,0.8994140625,0.036053377067294,,,
448,0,10,resize,medium,0.6727807583969989,False,0.8564162254333496,0.91748046875,0.0525215199301049,0.8733986616134644,0.91748046875,0.0426840194725727,,,
448,0,11,resize,hard,0.47278075839699896,True,0.7031893134117126,0.923828125,0.0750356995423712,0.7038207650184631,0.9228515625,0.0743588137311121,0.7037332057952881,0.921875,0.074352709872349
449,0,0,move,easy,1.0,False,0.9879814386367798,0.9755859375,0.022339307477515,0.9886934161186218,0.97705078125,0.006296795534369,,,
449,0,1,move,medium,1.0,False,0.9805327653884888,0.97509765625,0.0230394728045952,0.9826385974884032,0.97412109375,0.006652293752539,,,
449,0,2,rotate,medium,1.0,False,0.9277697801589966,0.974609375,0.0209426441538328,0.9277697801589966,0.974609375,0.0209426441538328,,,
450,0,0,move,medium,1.0,False,0.9851938486099244,0.9384765625,0.0225150641531877,0.9885754585266112,0.94091796875,0.0049261270705797,,,
450,0,1,move,medium,1.0,False,0.9859110116958618,0.912109375,0.0232764902012854,0.9873636960983276,0.91357421875,0.0049772714255216,,,
450,0,2,move,hard,1.0,False,0.9658322334289552,0.951171875,0.0256963124572953,0.9702484607696532,0.951171875,0.0050965696833157,,,
450,0,3,rotate,medium,1.0,False,0.9606286883354188,0.92626953125,0.0211592441131981,0.9606286883354188,0.92626953125,0.0211592441131981,,,
450,0,4,rotate,hard,1.0,False,0.9121465086936952,0.94140625,0.0234688802326021,0.9121465086936952,0.94140625,0.0234688802326021,,,
450,0,5,rotate,hard,1.0,False,0.8203015327453613,0.9404296875,0.0241374020579628,0.8203015327453613,0.9404296875,0.0241374020579628,,,
450,0,6,resize,medium,1.2645579679571273,False,0.9753652811050416,0.96484375,0.0190127982384125,0.972672998905182,0.96533203125,0.0052230160011247,,,
450,0,7,resize,medium,1.4645579679571272,False,0.9656842350959778,0.9814453125,0.0186619666349396,0.961837649345398,0.98193359375,0.0044474847733989,,,
450,0,8,resize,hard,1.507462686567164,True,0.9618054628372192,0.97265625,0.0179817373028604,0.9619121551513672,0.97265625,0.0179200939678729,0.9619561433792114,0.97265625,0.017913754214
450,0,9,resize,medium,0.8177210160214364,False,0.9530447721481324,0.935546875,0.0235648310443234,0.9551594257354736,0.935546875,0.0084499391068836,,,
450,0,10,resize,medium,0.7645579679571273,False,0.9336087703704834,0.93798828125,0.0240622430511535,0.9354633688926696,0.93798828125,0.0087815470862841,,,
450,0,11,resize,hard,0.5645579679571272,True,0.8474553227424622,0.9365234375,0.0297461030118725,0.8510494232177734,0.93359375,0.0313421678115813,0.8514838814735413,0.93359375,0.0312287639706426
451,0,0,move,easy,1.0,False,0.9694042205810548,0.93359375,0.0256331202245138,0.9737720489501952,0.93408203125,0.0060969078734574,,,
451,0,1,move,easy,1.0,False,0.9678246974945068,0.91748046875,0.0260393815072062,0.9736567139625548,0.919921875,0.0059457408845486,,,
451,0,2,move,hard,1.0,False,0.9314640760421752,0.943359375,0.0304228867592468,0.9412943720817566,0.943359375,0.0073685712453971,,,
451,0,3,rotate,easy,1.0,False,0.939160168170929,0.94921875,0.0229796761580764,0.939160168170929,0.94921875,0.0229796761580764,,,
451,0,5,rotate,hard,1.0,False,0.6977599263191223,0.9375,0.0277616134400874,0.6977599263191223,0.9375,0.0277616134400874,,,
451,0,6,resize,easy,1.2730928173975378,False,0.9381657838821412,0.92724609375,0.0215435991320857,0.9400633573532104,0.9306640625,0.0065034075740412,,,
451,0,7,resize,medium,1.4730928173975377,False,0.9197070002555848,0.91357421875,0.0199860453129797,0.9142295718193054,0.916015625,0.0046631683993507,,,
451,0,8,resize,hard,2.7464114832535884,True,0.7849183082580566,0.92529296875,0.020662163386647,0.7848095893859863,0.92578125,0.0206648487514319,0.7847897410392761,0.92529296875,0.0206483222492983
452,0,0,move,easy,1.0,False,0.9882358312606812,0.97900390625,0.0510990861062524,0.9925408959388732,0.9755859375,0.0141631844808571,,,
452,0,1,rotate,easy,1.0,False,0.96468985080719,0.97802734375,0.044179914672514,0.96468985080719,0.97802734375,0.044179914672514,,,
452,0,2,rotate,medium,1.0,False,0.9324821829795836,0.97412109375,0.0425516220435465,0.9324821829795836,0.97412109375,0.0425516220435465,,,
452,0,3,rotate,hard,1.0,False,0.8266265988349915,0.97412109375,0.0475082860521054,0.8266265988349915,0.97412109375,0.0475082860521054,,,
452,0,4,resize,easy,1.144469525959368,False,0.9803484082221984,0.9775390625,0.0388677208650084,0.9797543287277222,0.9775390625,0.0162718292042873,,,
452,0,5,resize,easy,0.8134535913012312,False,0.9368552565574646,0.9755859375,0.0511001053055486,0.9400595426559448,0.9755859375,0.0252937424491419,,,
452,0,6,resize,medium,0.7730928173975378,False,0.9400487542152404,0.97412109375,0.0524022183013181,0.9479780197143556,0.97412109375,0.0259429275862183,,,
452,0,7,resize,hard,0.5730928173975377,True,0.7792394161224365,0.97509765625,0.0665150310676657,0.7838500738143921,0.97509765625,0.0673410168753797,0.7830647230148315,0.97509765625,0.067308573910012
453,0,0,move,easy,1.0,False,0.9541601538658142,0.9619140625,0.0439672591527107,0.9599475264549256,0.9658203125,0.0061533936496616,,,
453,0,1,move,medium,1.0,False,0.9535796642303468,0.91943359375,0.0430409314313074,0.9585347175598145,0.91552734375,0.0064100234429194,,,
453,0,2,move,hard,1.0,False,0.9386712312698364,0.9755859375,0.0454618846065773,0.9423694610595704,0.974609375,0.0070383823244013,,,
453,0,3,rotate,easy,1.0,False,0.9368607997894288,0.97119140625,0.0398026068857957,0.9368607997894288,0.97119140625,0.0398026068857957,,,
453,0,4,rotate,medium,1.0,False,0.8721826076507568,0.974609375,0.0405653888844576,0.8721826076507568,0.974609375,0.0405653888844576,,,
453,0,5,rotate,hard,1.0,False,0.7392386794090271,0.97021484375,0.0449273651531883,0.7392386794090271,0.97021484375,0.0449273651531883,,,
453,0,6,resize,easy,1.20045156314777,False,0.9154771566390992,0.97021484375,0.033516837761067,0.9195908904075624,0.96826171875,0.0068894098864314,,,
453,0,7,resize,medium,1.4004515631477699,False,0.9071677923202516,0.96044921875,0.0312471258912048,0.9140355587005616,0.962890625,0.0060811039427053,,,
453,0,8,resize,hard,1.8798283261802575,True,0.8265262842178345,0.94921875,0.0294702778837951,0.8266543745994568,0.9501953125,0.0295185247775902,0.8267207145690918,0.951171875,0.0295096129847185
453,0,9,resize,easy,0.8497742184261151,False,0.953755497932434,0.96923828125,0.0428993066603551,0.947865903377533,0.96923828125,0.0110519775865707,,,
453,0,10,resize,medium,0.7004515631477698,False,0.9003468155860901,0.9716796875,0.0533151678797968,0.9066410660743712,0.9716796875,0.0153088866647712,,,
453,0,11,resize,hard,0.5004515631477697,True,0.7653301954269409,0.97119140625,0.0774547909709676,0.7628237009048462,0.970703125,0.0773327451087732,0.7630706429481506,0.97021484375,0.0773199716192384
454,0,0,move,easy,1.0,False,0.950952172279358,0.97119140625,0.0364782162939531,0.9584743976593018,0.9716796875,0.0207223483845583,,,
454,0,1,move,easy,1.0,False,0.9612431526184082,0.9794921875,0.0341527858937678,0.9596824049949646,0.9794921875,0.0187221796497235,,,
454,0,2,move,hard,1.0,False,0.9353867173194884,0.98583984375,0.0339810962554474,0.9404959678649902,0.98583984375,0.0176380777758727,,,
454,0,3,rotate,easy,1.0,False,0.92156183719635,0.970703125,0.0347840252433533,0.92156183719635,0.970703125,0.0347840252433533,,,
454,0,4,rotate,medium,1.0,False,0.8174639344215393,0.97509765625,0.0380583542041164,0.8174639344215393,0.97509765625,0.0380583542041164,,,
454,0,5,rotate,hard,1.0,False,0.7234908938407898,0.98388671875,0.036694838922107,0.7234908938407898,0.98388671875,0.036694838922107,,,
454,0,6,resize,easy,0.8497742184261151,False,0.9390451908111572,0.98046875,0.0321583783271762,0.9419438242912292,0.97998046875,0.0242547260450073,,,
454,0,7,resize,easy,0.7004515631477698,False,0.904735267162323,0.98095703125,0.0412840721950648,0.9109233617782592,0.98095703125,0.0338754525236569,,,
454,0,8,resize,hard,0.5004515631477697,True,0.7784380316734314,0.97802734375,0.05766721670646,0.7795158624649048,0.97802734375,0.057702247173748,0.7797210216522217,0.978515625,0.0576902630665179
455,0,0,move,easy,1.0,False,0.9809635281562804,0.98291015625,0.030578938810142,0.9850163459777832,0.9833984375,0.0071358901911001,,,
455,0,1,move,medium,1.0,False,0.9755544066429138,0.9853515625,0.0307638403569676,0.9782235622406006,0.9853515625,0.0069879473087409,,,
455,0,2,resize,easy,0.8901271572714509,False,0.9768312573432922,0.986328125,0.0270356396691802,0.9814258813858032,0.986328125,0.0105565653942698,,,
455,0,3,resize,medium,0.6197456854570983,False,0.8988585472106934,0.9853515625,0.0365106042416966,0.9005314111709595,0.9853515625,0.019000021061056,,,
455,0,4,resize,hard,0.41974568545709834,True,0.7646687030792236,0.98486328125,0.0458767384949622,0.7586345672607422,0.98583984375,0.0472538034821771,0.7593060731887817,0.98583984375,0.0472794346496768
455,1,0,move,easy,1.0,False,0.980366349220276,0.97607421875,0.0618432356536515,0.9820891618728638,0.97607421875,0.0305770329749348,,,
455,1,1,move,easy,1.0,False,0.9549475312232972,0.97412109375,0.0650082692795319,0.9575088620185852,0.974609375,0.033357933020728,,,
455,1,2,move,medium,1.0,False,0.9707009196281432,0.97607421875,0.0675233034730974,0.9721390008926392,0.97607421875,0.0351211629218373,,,
455,1,3,resize,easy,1.1197456854570984,False,0.9774384498596193,0.9794921875,0.0527272988812498,0.9765740633010864,0.9794921875,0.0368463011290465,,,
455,1,4,resize,easy,0.8901271572714509,False,0.9739562273025512,0.97509765625,0.0590624369764946,0.9764925241470336,0.97509765625,0.0448232119821332,,,
455,1,5,resize,medium,0.6197456854570983,False,0.8263972401618958,0.9755859375,0.0728515406162465,0.8357991576194763,0.9755859375,0.0610240896358543,,,
455,1,6,resize,hard,0.41974568545709834,True,0.5553460121154785,0.97607421875,0.1015196883351041,0.5592987537384033,0.9755859375,0.1011236678579477,0.5592771768569946,0.9755859375,0.1011429859300041
455,2,0,move,easy,1.0,False,0.9844865798950196,0.98291015625,0.0300580133280999,0.985069751739502,0.98291015625,0.007917023728972,,,
455,2,1,move,medium,1.0,False,0.9749555587768556,0.982421875,0.0307440586501967,0.9735323190689088,0.98193359375,0.0084320434163478,,,
455,2,2,resize,easy,0.8901271572714509,False,0.9721440076828004,0.98193359375,0.0286881719444081,0.975062370300293,0.98193359375,0.0125136690944353,,,
456,0,0,move,medium,1.0,False,0.9822255969047546,0.93798828125,0.0254768179504053,0.987073004245758,0.94091796875,0.0059634889418611,,,
456,0,1,move,medium,1.0,False,0.961400866508484,0.92919921875,0.0239708473387832,0.9650313258171082,0.931640625,0.005818675326481,,,
456,0,2,move,hard,1.0,False,0.9394360780715942,0.94287109375,0.0250393346819509,0.955556333065033,0.9423828125,0.0062477421743282,,,
456,0,3,rotate,easy,1.0,False,0.948904514312744,0.95947265625,0.0226476587908866,0.948904514312744,0.95947265625,0.0226476587908866,,,
456,0,4,rotate,medium,1.0,False,0.8939775228500366,0.94970703125,0.022708504580794,0.8939775228500366,0.94970703125,0.022708504580794,,,
456,0,5,rotate,hard,1.0,False,0.8285073041915894,0.962890625,0.0274010143029019,0.8285073041915894,0.962890625,0.0274010143029019,,,
456,0,6,resize,easy,1.1656612199384144,False,0.9607235193252563,0.9609375,0.0220307844840549,0.9645000100135804,0.9609375,0.0064528520304365,,,
456,0,7,resize,medium,1.3656612199384144,False,0.9375561475753784,0.966796875,0.0217958517634406,0.943593442440033,0.9658203125,0.00572404360652,,,
456,0,8,resize,medium,1.5219941348973607,True,0.912060022354126,0.9658203125,0.0192319545018682,0.911904513835907,0.96630859375,0.019309737160744,0.9120619297027588,0.966796875,0.0192804001870562
456,0,9,resize,easy,0.8671693900307929,False,0.9736984968185424,0.94482421875,0.02328612758702,0.9770419597625732,0.94482421875,0.0080625011336634,,,
456,0,10,resize,medium,0.6656612199384142,False,0.9164530634880066,0.94482421875,0.0258521899956992,0.9277256727218628,0.94482421875,0.0096568354235894,,,
456,0,11,resize,hard,0.46566121993841425,True,0.7809333205223083,0.94287109375,0.0359790235266548,0.782556414604187,0.94384765625,0.0360139449305215,0.7824066877365112,0.9443359375,0.0359711465182638
457,0,5,resize,medium,1.1656612199384144,False,0.9139285087585448,0.9697265625,0.0303380034751739,0.9191571474075316,0.970703125,0.0059794214715589,,,
457,0,6,resize,medium,1.3656612199384144,False,0.8954970836639404,0.97265625,0.0289681577287997,0.890254020690918,0.97314453125,0.0047186622829678,,,
457,0,7,resize,hard,1.5849056603773586,True,0.8833966255187988,0.982421875,0.0277415297782241,0.8833643198013306,0.9794921875,0.0279218368830886,0.883752703666687,0.97998046875,0.027915730674993
458,0,0,move,medium,1.0,False,0.9544116258621216,0.96923828125,0.0503438604773219,0.9595950841903688,0.96875,0.0079145239853177,,,
458,0,1,move,medium,1.0,False,0.9683183431625366,0.9462890625,0.0482323228688766,0.9815995693206788,0.94873046875,0.0089693013071735,,,
458,0,2,move,hard,1.0,False,0.9619065523147584,0.9814453125,0.0454435708205459,0.967809796333313,0.9814453125,0.0049665910421487,,,
458,0,3,rotate,easy,1.0,False,0.924159824848175,0.970703125,0.0390546582279654,0.924159824848175,0.970703125,0.0390546582279654,,,
458,0,4,rotate,medium,1.0,False,0.839894711971283,0.97216796875,0.0400012984267608,0.839894711971283,0.97216796875,0.0400012984267608,,,
458,0,5,rotate,hard,1.0,False,0.7639110088348389,0.96728515625,0.0415575742921948,0.7639110088348389,0.96728515625,0.0415575742921948,,,
458,0,6,resize,easy,1.1656612199384144,False,0.9518208503723145,0.9775390625,0.03433410960845,0.9585094451904296,0.97900390625,0.0075410555392975,,,
458,0,7,resize,easy,0.8671693900307929,False,0.9546664357185364,0.9775390625,0.0435443300595137,0.963736057281494,0.9775390625,0.0087513293714185,,,
458,0,8,resize,medium,0.6656612199384142,False,0.8856764435768127,0.978515625,0.0519045488149171,0.8974232077598572,0.978515625,0.0096767157452501,,,
458,0,9,resize,hard,0.46566121993841425,True,0.7575117349624634,0.97802734375,0.066480304131871,0.760283350944519,0.978515625,0.0659057477004852,0.7605477571487427,0.97900390625,0.0659100200431801
459,0,0,move,easy,1.0,False,0.9579622745513916,0.9609375,0.045923964198474,0.9590716361999512,0.96240234375,0.0331827707513981,,,
459,0,1,move,easy,1.0,False,0.9564591646194458,0.95556640625,0.0475250951886466,0.9572407603263856,0.95556640625,0.0355141695153504,,,
459,0,2,move,hard,1.0,False,0.931492805480957,0.95751953125,0.0507681831241784,0.9308348298072816,0.95751953125,0.0387911173853796,,,
459,0,3,rotate,easy,1.0,False,0.9648617506027222,0.94384765625,0.0408889402133815,0.9648617506027222,0.94384765625,0.0408889402133815,,,
459,0,4,rotate,medium,1.0,False,0.9306815266609192,0.9443359375,0.0446019498841527,0.9306815266609192,0.9443359375,0.0446019498841527,,,
459,0,5,rotate,hard,1.0,False,0.8767145276069641,0.96240234375,0.047041108243831,0.8767145276069641,0.96240234375,0.047041108243831,,,
459,0,6,resize,easy,1.103448275862069,False,0.9617041349411012,0.9365234375,0.0396505083085051,0.9619530439376832,0.93603515625,0.0352378538422329,,,
459,0,7,resize,easy,0.8450303737358219,False,0.9630162715911864,0.951171875,0.0418562916361971,0.963492751121521,0.951171875,0.0384595657964936,,,
459,0,8,resize,easy,0.7099392525283563,False,0.9406315088272096,0.9619140625,0.0461009948865996,0.9410297870635986,0.96142578125,0.0433297171939954,,,
459,0,9,resize,hard,0.5099392525283564,True,0.8652052879333496,0.93212890625,0.0606602759622367,0.8621768951416016,0.931640625,0.0619776325344952,0.8622376322746277,0.931640625,0.0619584604212055
460,0,0,move,easy,1.0,False,0.951408326625824,0.95751953125,0.0410010061596603,0.9584167003631592,0.95849609375,0.0099512666977512,,,
460,0,1,move,medium,1.0,False,0.9705381393432616,0.98388671875,0.0403091009731663,0.9750964641571044,0.984375,0.0097443427377904,,,
460,0,2,rotate,easy,1.0,False,0.9537366628646852,0.97265625,0.0356350169197082,0.9537366628646852,0.97265625,0.0356350169197082,,,
460,0,3,rotate,medium,1.0,False,0.9210331439971924,0.96484375,0.0360783018567285,0.9210331439971924,0.96484375,0.0360783018567285,,,
460,0,4,rotate,hard,1.0,False,0.8253825902938843,0.96337890625,0.03682581849316,0.8253825902938843,0.96337890625,0.03682581849316,,,
460,0,5,resize,easy,1.2099392525283563,False,0.92694091796875,0.98583984375,0.0313879331963652,0.9423744678497314,0.986328125,0.0105208917003995,,,
460,0,6,resize,medium,1.4099392525283563,False,0.913207232952118,0.98876953125,0.0290511467982138,0.9149224758148192,0.98876953125,0.0089997999663381,,,
460,0,7,resize,medium,1.643312101910828,True,0.8728742003440857,0.99072265625,0.0279645981882989,0.8725285530090332,0.99072265625,0.02803628461205,0.8725861310958862,0.9912109375,0.0280271151241849
460,0,8,resize,easy,0.8450303737358219,False,0.9093677997589112,0.97021484375,0.0395958823934941,0.9133914709091188,0.97021484375,0.014788336104056,,,
460,0,9,resize,medium,0.7099392525283563,False,0.850147008895874,0.97021484375,0.0460826048358781,0.832653284072876,0.97021484375,0.0192224651955123,,,
460,0,10,resize,hard,0.5099392525283564,True,0.6936248540878296,0.96923828125,0.0598136816027941,0.6909222602844238,0.97021484375,0.0596180878979506,0.690885603427887,0.9697265625,0.0596229351632414
461,0,1,move,easy,1.0,False,0.9596774578094482,0.97900390625,0.0806049604623952,0.9718581438064576,0.97802734375,0.0122502738130739,,,
461,0,3,rotate,easy,1.0,False,0.9544554352760316,0.9775390625,0.0641317326449666,0.9544554352760316,0.9775390625,0.0641317326449666,,,
461,0,4,rotate,medium,1.0,False,0.9159615635871888,0.9619140625,0.0656447828496888,0.9159615635871888,0.9619140625,0.0656447828496888,,,
461,0,5,rotate,hard,1.0,False,0.7594597339630127,0.95849609375,0.067631470049714,0.7594597339630127,0.95849609375,0.067631470049714,,,
461,0,6,resize,easy,1.2462036825081564,False,0.9506335854530334,0.98486328125,0.0566427720070633,0.959982693195343,0.984375,0.013628199851736,,,
461,0,7,resize,medium,1.4462036825081563,False,0.9355807304382324,0.97900390625,0.053969537485963,0.9453865885734558,0.9794921875,0.0113292445969877,,,
461,0,8,resize,hard,2.2335766423357666,True,0.8604381084442139,0.97705078125,0.0407947508340758,0.8605999946594238,0.97802734375,0.0408238173068688,0.8605256080627441,0.97802734375,0.040830814251172
462,0,0,move,medium,1.0,False,0.9836881160736084,0.9609375,0.0493278775895164,0.9957303404808044,0.96044921875,0.0041122693092263,,,
462,0,1,move,hard,1.0,False,0.971401572227478,0.9541015625,0.0484483884484462,0.9814339876174928,0.95361328125,0.004127884201372,,,
462,0,2,move,hard,1.0,False,0.9596215486526488,0.9541015625,0.0487972601240429,0.9682222604751588,0.9541015625,0.0041198440564954,,,
462,0,3,rotate,medium,1.0,False,0.9600549936294556,0.9560546875,0.043347377047694,0.9600549936294556,0.9560546875,0.043347377047694,,,
462,0,4,rotate,hard,1.0,False,0.9326249957084656,0.96044921875,0.0441135589321315,0.9326249957084656,0.96044921875,0.0441135589321315,,,
462,0,5,rotate,hard,1.0,False,0.8114790916442871,0.93994140625,0.044698358498044,0.8114790916442871,0.93994140625,0.044698358498044,,,
462,0,6,resize,medium,1.2462036825081564,False,0.9524559378623962,0.9755859375,0.0347718388152485,0.962493896484375,0.97607421875,0.0046623398761453,,,
462,0,7,resize,hard,1.338235294117647,False,0.9419455528259276,0.9755859375,0.0336539932276147,0.9482390284538268,0.97412109375,0.0039243513230023,,,
462,0,8,resize,medium,0.8268981587459219,False,0.9583334922790528,0.93408203125,0.0495183760602521,0.9670605063438416,0.93408203125,0.0086798390104243,,,
462,0,9,resize,hard,0.7462036825081564,False,0.9525556564331056,0.935546875,0.0517992243158828,0.9520716071128844,0.935546875,0.0092810688254531,,,
462,0,10,resize,hard,0.5462036825081563,True,0.8872716426849365,0.9345703125,0.0628555541573768,0.8863676190376282,0.93408203125,0.0630419421347607,0.886959433555603,0.93359375,0.0630265621689408
463,0,0,move,hard,1.0,False,0.9657319784164428,0.96630859375,0.0302355398822648,0.9738835096359252,0.96630859375,0.0157642931832778,,,
463,1,0,move,easy,1.0,False,0.9396687746047974,0.984375,0.0640783118536703,0.9401230812072754,0.984375,0.0399027270545439,,,
463,1,1,move,hard,1.0,False,0.9330655336380004,0.984375,0.0674813227655512,0.9391173720359802,0.984375,0.0446942774553659,,,
464,0,0,move,easy,1.0,False,0.948971390724182,0.96875,0.0973984752751327,0.974623441696167,0.9697265625,0.0194580404022426,,,
464,0,1,move,medium,1.0,False,0.9190692901611328,0.97265625,0.0983941319846143,0.9281137585639954,0.97265625,0.0199241963552945,,,
464,0,2,move,hard,1.0,False,0.9572044610977172,0.96142578125,0.0981879678245478,0.9727952480316162,0.962890625,0.0195139692286395,,,
464,0,3,rotate,easy,1.0,False,0.9455651640892028,0.9755859375,0.0756228827053924,0.9455651640892028,0.9755859375,0.0756228827053924,,,
464,0,4,rotate,medium,1.0,False,0.9268456697463988,0.96435546875,0.0789280279289069,0.9268456697463988,0.96435546875,0.0789280279289069,,,
464,0,5,rotate,hard,1.0,False,0.8629715442657471,0.96044921875,0.0800774539306356,0.8629715442657471,0.96044921875,0.0800774539306356,,,
464,0,6,resize,easy,1.2338414685717625,False,0.949365735054016,0.9775390625,0.0676799852820862,0.958141028881073,0.9775390625,0.0213528743691633,,,
464,0,7,resize,medium,1.4338414685717624,False,0.9286376237869264,0.97998046875,0.0643129080459355,0.9281620979309082,0.9794921875,0.0188977184890264,,,
464,0,8,resize,hard,2.5038110142882184,True,0.8151715993881226,0.97802734375,0.0452055365374655,0.8152554035186768,0.97705078125,0.0451666604076856,0.8154507875442505,0.97705078125,0.0451489943659958
464,0,9,resize,easy,0.8330792657141188,False,0.9136611819267272,0.97216796875,0.0876918047215251,0.9226597547531128,0.97216796875,0.0408356427846682,,,
464,0,10,resize,easy,0.7338414685717625,False,0.8786662817001343,0.96923828125,0.0936013071895424,0.9077606201171876,0.96923828125,0.045964682949203,,,
464,0,11,resize,hard,0.5338414685717624,True,0.7720418572425842,0.97119140625,0.1098147948804098,0.7710978984832764,0.97119140625,0.1096153783423201,0.7713422179222107,0.970703125,0.1096169006059696
465,0,0,move,easy,1.0,False,0.9466850757598876,0.96533203125,0.0988758483489915,0.9518110752105712,0.9677734375,0.0233637873893667,,,
465,0,1,move,medium,1.0,False,0.9395110607147216,0.962890625,0.094022124684135,0.9417017698287964,0.9638671875,0.0223223359420012,,,
465,0,2,move,medium,1.0,False,0.9416439533233644,0.9775390625,0.1079233738099597,0.94801127910614,0.9775390625,0.0344684594189484,,,
465,0,3,rotate,easy,1.0,False,0.9412119388580322,0.9775390625,0.0838230817441132,0.9412119388580322,0.9775390625,0.0838230817441132,,,
465,0,4,rotate,easy,1.0,False,0.9225163459777832,0.9794921875,0.0828057313855402,0.9225163459777832,0.9794921875,0.0828057313855402,,,
465,0,5,rotate,medium,1.0,False,0.8742831945419312,0.97509765625,0.0852673102732515,0.8742831945419312,0.97509765625,0.0852673102732515,,,
465,0,6,resize,easy,1.119627955526294,False,0.9506259560585022,0.96923828125,0.0747398220978301,0.952528178691864,0.97021484375,0.0283548785479007,,,
465,0,7,resize,easy,1.319627955526294,False,0.8858882188796997,0.97802734375,0.0640433470046976,0.877966046333313,0.97998046875,0.0226218467179881,,,
465,0,8,resize,medium,1.6472096664472042,True,0.789544939994812,0.98681640625,0.0578283600342423,0.7912060022354126,0.9873046875,0.0579785526476703,0.7913185954093933,0.9873046875,0.0579781704781705
465,0,9,resize,easy,0.8901860222368531,False,0.950540006160736,0.9765625,0.0905877261097038,0.93135267496109,0.9765625,0.0389497788583802,,,
465,0,10,resize,medium,0.6196279555262939,False,0.7862430810928345,0.9716796875,0.1185046101774042,0.7521249651908875,0.9716796875,0.0724095471521942,,,
465,0,11,resize,hard,0.41962795552629395,True,0.633895754814148,0.97216796875,0.1494143880427027,0.6340652108192444,0.97119140625,0.149448299469894,0.6339318156242371,0.97119140625,0.1494495791463918
466,0,0,move,easy,1.0,False,0.965802013874054,0.97509765625,0.0367479883933287,0.9698148965835572,0.97607421875,0.0060596605451578,,,
466,0,1,move,medium,1.0,False,0.9654344916343688,0.97509765625,0.0358196690562404,0.9781681895256042,0.97412109375,0.005617433587058,,,
466,0,2,move,hard,1.0,False,0.9462460875511168,0.9775390625,0.0368196418636492,0.9460465908050536,0.9775390625,0.0062268255110966,,,
466,0,3,rotate,easy,1.0,False,0.9579803347587584,0.95068359375,0.0289340392720597,0.9579803347587584,0.95068359375,0.0289340392720597,,,
466,0,4,rotate,easy,1.0,False,0.9317055940628052,0.95947265625,0.0301261432945742,0.9317055940628052,0.95947265625,0.0301261432945742,,,
466,0,5,rotate,hard,1.0,False,0.9045931100845336,0.96337890625,0.03267227525931,0.9045931100845336,0.96337890625,0.03267227525931,,,
466,0,6,resize,easy,1.119627955526294,False,0.975214660167694,0.9345703125,0.0273925351404453,0.979851007461548,0.93408203125,0.00687587467804,,,
466,0,7,resize,easy,1.319627955526294,False,0.9445486068725586,0.9794921875,0.0267876280763815,0.9506045579910278,0.9794921875,0.006405104779957,,,
466,0,8,resize,medium,1.6472096664472042,True,0.8875178694725037,0.98046875,0.0249701415116978,0.8878822326660156,0.9794921875,0.0249863706230624,0.8880072832107544,0.98046875,0.0249812788355158
466,0,9,resize,easy,0.8901860222368531,False,0.9602810144424438,0.9609375,0.0313203195820041,0.9581695795059204,0.9609375,0.0096405917966199,,,
466,0,10,resize,medium,0.6196279555262939,False,0.8512616157531738,0.9619140625,0.0406732284481645,0.8541341423988342,0.9619140625,0.0152987677284352,,,
466,0,11,resize,hard,0.41962795552629395,True,0.7318723201751709,0.96142578125,0.0487720426105443,0.7301985025405884,0.96435546875,0.0479166737157906,0.7302184104919434,0.96435546875,0.0479123878484381
467,0,0,move,easy,1.0,False,0.9772101640701294,0.9755859375,0.0538970707543117,0.9738654494285583,0.97509765625,0.0059098732791834,,,
467,0,1,move,medium,1.0,False,0.9771841764450072,0.9716796875,0.0543344267232557,0.980079174041748,0.96923828125,0.0063585767478065,,,
467,0,2,move,hard,1.0,False,0.9746556282043456,0.97509765625,0.0561328993710091,0.9775601029396056,0.9755859375,0.0081547692904843,,,
467,0,3,rotate,easy,1.0,False,0.952515721321106,0.9619140625,0.0478822930197054,0.952515721321106,0.9619140625,0.0478822930197054,,,
467,0,4,rotate,easy,1.0,False,0.9053610563278198,0.9599609375,0.0494405011379256,0.9053610563278198,0.9599609375,0.0494405011379256,,,
467,0,5,rotate,hard,1.0,False,0.7107565402984619,0.9599609375,0.0500822659436488,0.7107565402984619,0.9599609375,0.0500822659436488,,,
467,0,6,resize,easy,1.258418870674551,False,0.9683499932289124,0.98779296875,0.0418763053046712,0.9688995480537416,0.98779296875,0.008554389860914,,,
467,0,7,resize,medium,1.4496644295302012,False,0.9551887512207032,0.97021484375,0.0366282192477714,0.9529598355293274,0.97265625,0.0065948162634082,,,
467,0,8,resize,easy,0.8207905646627246,False,0.9606095552444458,0.96630859375,0.0531441730115334,0.9690141081809998,0.96630859375,0.0098314764186534,,,
467,0,9,resize,easy,0.7584188706745509,False,0.9614591598510742,0.96240234375,0.0606267933442817,0.9657717943191528,0.96240234375,0.0122087939541565,,,
467,0,10,resize,hard,0.5584188706745509,True,0.8554654121398926,0.95947265625,0.0677186021145208,0.8555471897125244,0.9609375,0.0677649807185248,0.8553194999694824,0.9609375,0.0677500365016791
468,0,2,rotate,hard,1.0,False,0.9706749320030212,0.982421875,0.0279545921328586,0.9706749320030212,0.982421875,0.0279545921328586,,,
468,0,3,rotate,hard,1.0,False,0.978618323802948,0.98388671875,0.0278580554159248,0.978618323802948,0.98388671875,0.0278580554159248,,,
469,0,6,resize,medium,1.258418870674551,False,0.9636117219924928,0.9892578125,0.0540297778417985,0.9695944786071776,0.98876953125,0.0145572181542897,,,
470,0,0,move,hard,1.0,False,0.950075387954712,0.9638671875,0.0408932461873638,0.9533612728118896,0.9638671875,0.0226850379791556,,,
470,0,1,resize,hard,0.4628786598023609,True,0.7410460710525513,0.9560546875,0.0619251150538626,0.7397347092628479,0.95654296875,0.0623549228020185,0.7398613095283508,0.95654296875,0.0622797576950278
470,2,0,move,easy,1.0,False,0.9224430322647096,0.96826171875,0.0380313176644612,0.9180806279182434,0.96875,0.0232896264838073,,,
470,2,1,move,medium,1.0,False,0.922379732131958,0.9609375,0.0368636821514746,0.9221808314323424,0.9609375,0.0225619040925808,,,
470,2,2,move,hard,1.0,False,0.91889226436615,0.9619140625,0.0342707214307467,0.9165117740631104,0.9619140625,0.0206571756540131,,,
470,2,3,rotate,easy,1.0,False,0.9623521566390992,0.96142578125,0.0332380732347583,0.9623521566390992,0.96142578125,0.0332380732347583,,,
470,2,4,rotate,easy,1.0,False,0.9315074682235718,0.95751953125,0.0364102885769364,0.9315074682235718,0.95751953125,0.0364102885769364,,,
470,2,5,rotate,hard,1.0,False,0.866246223449707,0.9638671875,0.0372501336385059,0.866246223449707,0.9638671875,0.0372501336385059,,,
470,2,6,resize,easy,1.162878659802361,False,0.9392049908638,0.9755859375,0.0319811725224933,0.9401711225509644,0.97509765625,0.0235316325680815,,,
470,2,7,resize,easy,1.362878659802361,False,0.8967289328575134,0.982421875,0.0278800303124265,0.8963178396224976,0.98193359375,0.0186505373504971,,,
470,2,8,resize,easy,0.8685606700988195,False,0.9348416924476624,0.9609375,0.0346176714632447,0.9350647926330566,0.9609375,0.0269930647072135,,,
470,2,9,resize,easy,0.6628786598023609,False,0.8562265634536743,0.95947265625,0.0451660826273829,0.8561235666275024,0.95947265625,0.0397486929994669,,,
470,2,10,resize,hard,0.4628786598023609,True,0.7066112160682678,0.958984375,0.0714586531962854,0.7142942547798157,0.95849609375,0.0697053158780946,0.7139332890510559,0.95849609375,0.0695842074626224
471,0,0,move,easy,1.0,False,0.9711540937423706,0.966796875,0.0647760185287024,0.9753541946411132,0.9677734375,0.0271627313364713,,,
471,0,1,move,medium,1.0,False,0.9710959196090698,0.9697265625,0.0653549607795317,0.9716777801513672,0.97119140625,0.0268568951033791,,,
471,0,2,move,hard,1.0,False,0.9382694959640504,0.98876953125,0.0697476107208457,0.9404296875,0.98876953125,0.0294431134511089,,,
471,0,3,rotate,easy,1.0,False,0.9340040683746338,0.98486328125,0.0568787188468707,0.9340040683746338,0.98486328125,0.0568787188468707,,,
471,0,4,rotate,medium,1.0,False,0.8668042421340942,0.978515625,0.061319826735475,0.8668042421340942,0.978515625,0.061319826735475,,,
471,0,5,rotate,hard,1.0,False,0.7431814074516296,0.982421875,0.065658043252517,0.7431814074516296,0.982421875,0.065658043252517,,,
471,0,6,resize,easy,1.2209712100495413,False,0.914874792098999,0.98291015625,0.0477585160300142,0.9139729738235474,0.982421875,0.0267866222359935,,,
471,0,7,resize,easy,0.8395143949752294,False,0.9381392002105712,0.9755859375,0.063143302720499,0.941153347492218,0.97607421875,0.0411549898844383,,,
471,0,8,resize,medium,0.7209712100495412,False,0.8964906930923462,0.9814453125,0.0761088006295166,0.8996418714523315,0.9814453125,0.0559815858203029,,,
471,0,9,resize,hard,0.5209712100495412,True,0.8102874755859375,0.97900390625,0.1027517775375502,0.8087294101715088,0.978515625,0.102200425964499,0.8087607622146606,0.978515625,0.1022164411359444
472,0,0,move,easy,1.0,False,0.9833419322967528,0.98583984375,0.0375937421861002,0.9841216206550598,0.98583984375,0.0202263594462787,,,
472,0,1,move,medium,1.0,False,0.9830631017684937,0.98876953125,0.0415083213725293,0.9861294031143188,0.98828125,0.0226664619055775,,,
472,0,2,move,hard,1.0,False,0.9758647084236144,0.98876953125,0.043383952637185,0.9793289303779602,0.98876953125,0.0235693139256572,,,
473,0,0,move,easy,1.0,False,0.9591212868690492,0.9853515625,0.0727106917054365,0.962989628314972,0.9853515625,0.0104437820597339,,,
473,0,1,move,medium,1.0,False,0.963726043701172,0.9853515625,0.0734190666340183,0.9673048853874208,0.9853515625,0.0117360600980706,,,
473,0,2,move,medium,1.0,False,0.9774614572525024,0.99267578125,0.0724441681892096,0.9810343980789183,0.99267578125,0.0103500750284103,,,
473,0,3,rotate,easy,1.0,False,0.9292643666267396,0.98388671875,0.0589865846444677,0.9292643666267396,0.98388671875,0.0589865846444677,,,
473,0,4,rotate,medium,1.0,False,0.8688154816627502,0.98486328125,0.0600550717745776,0.8688154816627502,0.98486328125,0.0600550717745776,,,
473,0,5,rotate,hard,1.0,False,0.7349872589111328,0.97265625,0.0665455550139674,0.7349872589111328,0.97265625,0.0665455550139674,,,
473,0,6,resize,easy,1.2041549603163333,False,0.9653711318969728,0.990234375,0.0503444225956817,0.9658192992210388,0.990234375,0.0111148202566999,,,
473,0,7,resize,easy,0.8479225198418334,False,0.964756965637207,0.97412109375,0.0696135562826831,0.9672735929489136,0.97412109375,0.0190600372311199,,,
473,0,8,resize,easy,0.7041549603163332,False,0.9175325036048888,0.98681640625,0.0748011492920244,0.9171440601348876,0.98681640625,0.0226930754603438,,,
473,0,9,resize,hard,0.5041549603163332,True,0.8355082869529724,0.9873046875,0.0929743645085058,0.8372209072113037,0.98828125,0.0930053316692394,0.8375668525695801,0.98828125,0.0929571605303204
473,1,0,move,easy,1.0,False,0.9829180836677552,0.95556640625,0.0301302621780016,0.9844091534614564,0.95703125,0.0083054931101952,,,
473,1,1,resize,easy,0.8479225198418334,False,0.960413932800293,0.9345703125,0.0322721760535026,0.963025450706482,0.9345703125,0.0147388313085798,,,
473,1,2,resize,medium,0.7041549603163332,False,0.9286078810691832,0.896484375,0.0400135721044282,0.917522668838501,0.896484375,0.0204983667418146,,,
473,1,3,resize,hard,0.5041549603163332,True,0.8587738275527954,0.9150390625,0.0567430536410594,0.859073281288147,0.9169921875,0.0565716282462762,0.8591578602790833,0.916015625,0.0565462150838464
474,0,0,move,medium,1.0,False,0.946280002593994,0.92578125,0.0234383743453353,0.9441030025482178,0.92529296875,0.0052726776536452,,,
474,0,1,move,hard,1.0,False,0.9494126439094543,0.93896484375,0.023473586932073,0.9465762376785278,0.9384765625,0.0048574712061584,,,
474,0,2,move,hard,1.0,False,0.942347764968872,0.9609375,0.0239004025755238,0.9451417326927184,0.9619140625,0.0050293879984309,,,
474,0,3,rotate,easy,1.0,False,0.9511304497718812,0.93115234375,0.0204225929884952,0.9511304497718812,0.93115234375,0.0204225929884952,,,
474,0,4,rotate,medium,1.0,False,0.9040354490280152,0.9130859375,0.0202895718021387,0.9040354490280152,0.9130859375,0.0202895718021387,,,
474,0,5,rotate,hard,1.0,False,0.8394685983657837,0.92529296875,0.0241532990290117,0.8394685983657837,0.92529296875,0.0241532990290117,,,
474,0,6,resize,easy,1.2041549603163333,False,0.9651559591293336,0.982421875,0.0175791751521255,0.9632480144500732,0.98291015625,0.0047945191491586,,,
474,0,7,resize,medium,1.4041549603163332,False,0.9423916339874268,0.9365234375,0.0176222805760833,0.9417206048965454,0.93798828125,0.0049130288018415,,,
474,0,8,resize,hard,1.831858407079646,True,0.9029009342193604,0.96435546875,0.0171842268295421,0.9028708338737488,0.96435546875,0.0172680109996851,0.9028886556625366,0.96435546875,0.0172562024321242
474,0,9,resize,easy,0.8479225198418334,False,0.9560713768005372,0.90625,0.0225927978729386,0.954431653022766,0.90625,0.0069553787123731,,,
474,0,10,resize,medium,0.7041549603163332,False,0.9108039140701294,0.90673828125,0.0277909272866488,0.9095234870910645,0.90673828125,0.0093449574394727,,,
474,0,11,resize,hard,0.5041549603163332,True,0.8374230265617371,0.91015625,0.0365453097794227,0.8373517990112305,0.90869140625,0.0368079143006302,0.8375043869018555,0.90869140625,0.0368028978659737
475,0,0,move,easy,1.0,False,0.9560343027114868,0.96875,0.017294497754366,0.9658937454223632,0.97021484375,0.0064493078687085,,,
475,0,1,move,medium,1.0,False,0.9536019563674928,0.97119140625,0.0167926381268147,0.9579651355743408,0.97119140625,0.0056110968763232,,,
475,0,2,move,hard,1.0,False,0.9514923095703124,0.97216796875,0.0164351525905133,0.9535374641418456,0.97119140625,0.005196492650874,,,
475,0,3,rotate,medium,1.0,False,0.9319553971290588,0.96142578125,0.0174764114316696,0.9319553971290588,0.96142578125,0.0174764114316696,,,
475,0,4,rotate,hard,1.0,False,0.8670037388801575,0.97412109375,0.0164421301399933,0.8670037388801575,0.97412109375,0.0164421301399933,,,
475,0,5,rotate,hard,1.0,False,0.6013932228088379,0.96630859375,0.0176114077333113,0.6013932228088379,0.96630859375,0.0176114077333113,,,
475,0,6,resize,easy,1.1822541966426858,False,0.9402248859405518,0.95703125,0.0162132417788303,0.9510154724121094,0.95849609375,0.008043890188586,,,
475,0,7,resize,medium,0.8157854990553798,False,0.9487831592559814,0.96142578125,0.0168296078489163,0.9538708925247192,0.96142578125,0.008010191216298,,,
475,0,8,resize,medium,0.7684290018892406,False,0.9336249232292176,0.9619140625,0.0176010732430608,0.94016432762146,0.9619140625,0.0086093608569088,,,
475,0,9,resize,hard,0.5684290018892406,True,0.8396329283714294,0.962890625,0.0203259081410341,0.8357320427894592,0.9638671875,0.020932023603092,0.8390894532203674,0.9638671875,0.0208412730171433
476,0,0,move,easy,1.0,False,0.9860662221908568,0.9560546875,0.0569160800264358,0.9940423965454102,0.95458984375,0.0080533689407753,,,
476,0,1,move,medium,1.0,False,0.9651127457618712,0.9677734375,0.0566459748255619,0.9681463837623596,0.9677734375,0.0082708135966243,,,
476,0,2,rotate,easy,1.0,False,0.880143404006958,0.97119140625,0.0510937638113984,0.880143404006958,0.97119140625,0.0510937638113984,,,
476,0,3,rotate,medium,1.0,False,0.7930827140808105,0.953125,0.0522650934887981,0.7930827140808105,0.953125,0.0522650934887981,,,
476,0,4,rotate,hard,1.0,False,0.7129465937614441,0.947265625,0.0549085292812744,0.7129465937614441,0.947265625,0.0549085292812744,,,
476,0,5,resize,easy,1.2241379310344827,False,0.9336060285568236,0.97607421875,0.0452194073967044,0.93317848443985,0.9775390625,0.0109967129369396,,,
476,0,6,resize,easy,0.8309362306313894,False,0.9452890157699584,0.94775390625,0.0610180010044862,0.9366669654846193,0.94775390625,0.0148632151025865,,,
476,0,7,resize,medium,0.7381275387372213,False,0.9038641452789308,0.9462890625,0.0685922487736738,0.907922089099884,0.9462890625,0.0158650674807043,,,
476,0,8,resize,hard,0.5381275387372212,True,0.843014121055603,0.9462890625,0.0789922606336085,0.8431524038314819,0.947265625,0.0798066648782107,0.8431484699249268,0.94775390625,0.0798053513229774
477,0,0,move,easy,1.0,False,0.989141583442688,0.98046875,0.0294604202667557,0.9941407442092896,0.98095703125,0.0038087844740883,,,
477,0,1,move,medium,1.0,False,0.9736781120300292,0.96923828125,0.0298180560339107,0.97391676902771,0.96826171875,0.004265918129771,,,
477,0,2,move,hard,1.0,False,0.9495712518692015,0.974609375,0.0298374387394681,0.9703863859176636,0.974609375,0.0045506285380685,,,
477,0,3,rotate,easy,1.0,False,0.9664570093154908,0.97021484375,0.0258973982967928,0.9664570093154908,0.97021484375,0.0258973982967928,,,
477,0,4,rotate,medium,1.0,False,0.9176663160324096,0.978515625,0.0259380813848011,0.9176663160324096,0.978515625,0.0259380813848011,,,
477,0,5,rotate,hard,1.0,False,0.7109183073043823,0.9853515625,0.0280767312542662,0.7109183073043823,0.9853515625,0.0280767312542662,,,
477,0,6,resize,easy,1.2381275387372213,False,0.9506950378417968,0.97998046875,0.02229402149507,0.9543884992599488,0.97900390625,0.0045931349216426,,,
477,0,7,resize,medium,1.4381275387372212,False,0.932668387889862,0.9755859375,0.0228382481470555,0.938501238822937,0.97607421875,0.0043844574121853,,,
477,0,8,resize,easy,0.8309362306313894,False,0.9706246852874756,0.97265625,0.0270216315256925,0.9712031483650208,0.97265625,0.0070978098841875,,,
477,0,9,resize,medium,0.7381275387372213,False,0.930251121520996,0.97119140625,0.0294228343362905,0.928171455860138,0.97119140625,0.0086618033279444,,,
477,0,10,resize,hard,0.5381275387372212,True,0.8365097045898438,0.97265625,0.0360887242035921,0.8383150100708008,0.97314453125,0.036003064976355,0.8374985456466675,0.97314453125,0.0359926577805225
478,0,0,move,medium,1.0,False,0.9901815056800842,0.95166015625,0.0265584018351332,0.9941967129707336,0.95166015625,0.0054855296350515,,,
478,0,1,move,medium,1.0,False,0.982441544532776,0.96630859375,0.0260183320977293,0.9854806065559388,0.9658203125,0.0048158699216363,,,
478,0,2,rotate,medium,1.0,False,0.9838162064552308,0.95556640625,0.023306384402836,0.9838162064552308,0.95556640625,0.023306384402836,,,
478,0,3,rotate,hard,1.0,False,0.9812976717948914,0.939453125,0.0235996850165834,0.9812976717948914,0.939453125,0.0235996850165834,,,
478,0,4,rotate,hard,1.0,False,0.9656895399093628,0.95849609375,0.0239389893473702,0.9656895399093628,0.95849609375,0.0239389893473702,,,
478,0,5,resize,medium,1.146341463414634,False,0.9804368019104004,0.9716796875,0.0221842489393027,0.9841764569282532,0.9716796875,0.0060987713848661,,,
478,0,6,resize,medium,0.8462884228884454,False,0.9756434559822084,0.95654296875,0.0246047600549291,0.9741297960281372,0.95654296875,0.0078203921521922,,,
478,0,7,resize,hard,0.7074231542231093,False,0.9554420709609984,0.9541015625,0.0281836189624218,0.9534422755241394,0.9541015625,0.0109830598223996,,,
478,0,8,resize,hard,0.5074231542231092,True,0.8636833429336548,0.9560546875,0.0388007642991534,0.8628978729248047,0.95556640625,0.0391616508315508,0.8625442981719971,0.95458984375,0.0391482557638618
479,0,0,move,easy,1.0,False,0.9899588227272034,0.97021484375,0.0525820600824245,0.9922487139701844,0.97265625,0.0097007363431968,,,
479,0,1,move,medium,1.0,False,0.9804086089134216,0.96728515625,0.0532208425909975,0.981963872909546,0.96875,0.0094291389304839,,,
479,0,2,move,hard,1.0,False,0.97364342212677,0.9853515625,0.0526769704652905,0.9775254726409912,0.9853515625,0.0093978947740393,,,
479,0,3,rotate,easy,1.0,False,0.9556459188461304,0.9833984375,0.0428492939657167,0.9556459188461304,0.9833984375,0.0428492939657167,,,
479,0,4,rotate,medium,1.0,False,0.8867962956428528,0.97705078125,0.0444013583744977,0.8867962956428528,0.97705078125,0.0444013583744977,,,
479,0,5,rotate,hard,1.0,False,0.755700409412384,0.97119140625,0.0441583982591617,0.755700409412384,0.97119140625,0.0441583982591617,,,
479,0,6,resize,easy,1.1438202247191012,False,0.9710766673088074,0.982421875,0.0397544604949803,0.9753860235214232,0.982421875,0.0109314257953737,,,
479,0,7,resize,easy,0.8462884228884454,False,0.9716374278068542,0.98095703125,0.0463786762774699,0.9670735597610474,0.98095703125,0.0150414756340305,,,
479,0,8,resize,medium,0.7074231542231093,False,0.9436084032058716,0.98388671875,0.0490258398342996,0.9362619519233704,0.98388671875,0.0175683946331973,,,
479,0,9,resize,hard,0.4509922479752198,True,0.817983865737915,0.98583984375,0.068122803941053,0.8195624947547913,0.9853515625,0.0685543482418178,0.8197553753852844,0.9853515625,0.0685290906322412
480,0,0,move,medium,1.0,False,0.9771401286125184,0.97802734375,0.026853166884702,0.9783901572227478,0.97705078125,0.0062514658247046,,,
480,0,1,move,medium,1.0,False,0.9724403023719788,0.98291015625,0.0277796320380366,0.9745917916297911,0.98193359375,0.0069112244128069,,,
480,0,2,move,hard,1.0,False,0.9569004774093628,0.96240234375,0.0290935992214664,0.9617379903793336,0.96337890625,0.0086720811066225,,,
480,0,3,rotate,easy,1.0,False,0.9721989631652832,0.986328125,0.0235733274813147,0.9721989631652832,0.986328125,0.0235733274813147,,,
480,0,4,rotate,medium,1.0,False,0.9575265049934388,0.97607421875,0.0245759921098512,0.9575265049934388,0.97607421875,0.0245759921098512,,,
480,0,5,rotate,hard,1.0,False,0.9224668741226196,0.98681640625,0.0286069263428366,0.9224668741226196,0.98681640625,0.0286069263428366,,,
480,0,6,resize,easy,1.15099224797522,False,0.9778777956962584,0.98828125,0.0230743224391861,0.980141282081604,0.98779296875,0.0077458829090112,,,
480,0,7,resize,medium,1.3509922479752199,False,0.9613242149353028,0.974609375,0.0234100230095338,0.9630495309829712,0.9765625,0.0069895965392477,,,
480,0,8,resize,easy,0.8745038760123901,False,0.9769108295440674,0.97705078125,0.0262341192471809,0.9781197905540466,0.97705078125,0.009386002405528,,,
480,0,9,resize,medium,0.6509922479752198,False,0.8566092252731323,0.96142578125,0.0372854826685196,0.8505733013153076,0.96142578125,0.0157974990168332,,,
480,0,10,resize,hard,0.4509922479752198,True,0.6788573265075684,0.96484375,0.0533499245852187,0.692362368106842,0.96240234375,0.0538186274509803,0.6921917796134949,0.96240234375,0.0537782805429864
481,0,0,move,medium,1.0,False,0.9814505577087402,0.96240234375,0.0281050462489942,0.9873541593551636,0.96240234375,0.0074262729479229,,,
481,0,1,rotate,medium,1.0,False,0.9773288369178772,0.9775390625,0.0252703927343316,0.9773288369178772,0.9775390625,0.0252703927343316,,,
481,0,2,rotate,hard,1.0,False,0.9739186763763428,0.9736328125,0.0267444325469551,0.9739186763763428,0.9736328125,0.0267444325469551,,,
481,0,3,rotate,hard,1.0,False,0.9540131092071532,0.978515625,0.0272456817949341,0.9540131092071532,0.978515625,0.0272456817949341,,,
481,0,4,resize,medium,1.156722329446482,False,0.965575873851776,0.984375,0.0238931280835268,0.9681781530380248,0.9853515625,0.0087317116002173,,,
482,0,0,move,easy,1.0,False,0.970258891582489,0.982421875,0.0383850803080133,0.9734228849411012,0.98193359375,0.0112457231437315,,,
482,0,1,move,easy,1.0,False,0.964315950870514,0.97802734375,0.0398294123840592,0.9675907492637634,0.97802734375,0.0129702152960818,,,
482,0,2,move,hard,1.0,False,0.9589519500732422,0.986328125,0.0402784612784692,0.9607372283935548,0.986328125,0.0126374986617543,,,
482,0,3,rotate,easy,1.0,False,0.9636234045028688,0.97607421875,0.033069318286812,0.9636234045028688,0.97607421875,0.033069318286812,,,
482,0,4,rotate,medium,1.0,False,0.949339747428894,0.98046875,0.0333319846907775,0.949339747428894,0.98046875,0.0333319846907775,,,
482,0,5,rotate,hard,1.0,False,0.9325026869773864,0.9736328125,0.0340226945085657,0.9325026869773864,0.9736328125,0.0340226945085657,,,
482,0,6,resize,easy,0.8716388352767591,False,0.957993984222412,0.97705078125,0.0354463351733074,0.9564260244369508,0.97705078125,0.0183746436985366,,,
482,0,7,resize,medium,0.6567223294464818,False,0.9182279109954834,0.97900390625,0.0426241708899986,0.9174911379814148,0.97900390625,0.0254792295853803,,,
482,0,8,resize,hard,0.5797802655882112,True,0.8866246342658997,0.9765625,0.0450153463441697,0.8860988616943359,0.97607421875,0.0454933964136243,0.8859267234802246,0.9765625,0.0454711835608045
483,0,0,move,easy,1.0,False,0.9875435829162598,0.9453125,0.0550168902212954,0.9905962944030762,0.94580078125,0.0158454195947815,,,
483,0,1,rotate,medium,1.0,False,0.975431263446808,0.94677734375,0.0470355536613506,0.975431263446808,0.94677734375,0.0470355536613506,,,
483,0,2,rotate,hard,1.0,False,0.9406245946884156,0.9560546875,0.045417411360697,0.9406245946884156,0.9560546875,0.045417411360697,,,
483,0,3,rotate,hard,1.0,False,0.945091724395752,0.9326171875,0.0474208062393733,0.945091724395752,0.9326171875,0.0474208062393733,,,
483,0,4,resize,easy,0.8101098672058945,False,0.9656769037246704,0.9462890625,0.0525436021428977,0.964811384677887,0.9462890625,0.0292771611722004,,,
483,0,5,resize,medium,0.7797802655882111,False,0.96243554353714,0.94921875,0.0532718143002723,0.9592519998550416,0.94921875,0.0304513562162147,,,
483,0,6,resize,hard,0.5797802655882112,True,0.8945915102958679,0.9453125,0.0650069233388283,0.8908949494361877,0.94580078125,0.0645152989298436,0.8912299871444702,0.94580078125,0.0645186433135782
484,0,0,move,easy,1.0,False,0.9434981346130372,0.9794921875,0.0424961590178043,0.9517391920089722,0.9794921875,0.0156013505646757,,,
484,0,1,move,medium,1.0,False,0.921083927154541,0.984375,0.0433980764269848,0.9305975437164308,0.984375,0.0166299119484794,,,
484,0,2,move,hard,1.0,False,0.9364783763885498,0.984375,0.0427642858284308,0.9378131031990052,0.984375,0.0156401598944386,,,
484,0,3,rotate,easy,1.0,False,0.9278283715248108,0.97998046875,0.0387845590731563,0.9278283715248108,0.97998046875,0.0387845590731563,,,
484,0,4,rotate,medium,1.0,False,0.935983180999756,0.984375,0.0391672274533776,0.935983180999756,0.984375,0.0391672274533776,,,
484,0,5,rotate,hard,1.0,False,0.8728476762771606,0.9794921875,0.0384693484278322,0.8728476762771606,0.9794921875,0.0384693484278322,,,
484,0,6,resize,easy,1.182571154381374,False,0.938098967075348,0.984375,0.0355294338255976,0.9341163635253906,0.984375,0.0184100592763904,,,
484,0,7,resize,easy,1.382571154381374,False,0.9134997725486756,0.9833984375,0.0345985447895428,0.928173303604126,0.98388671875,0.017880932466055,,,
484,0,8,resize,hard,2.0431654676258995,True,0.8253830671310425,0.986328125,0.0253212775240539,0.8275558352470398,0.98583984375,0.0254391834042934,0.8276576995849609,0.9853515625,0.0254328430981861
484,0,9,resize,easy,0.8587144228093131,False,0.9328806400299072,0.98193359375,0.0414979347147247,0.934071958065033,0.98193359375,0.0238569047928222,,,
484,0,10,resize,medium,0.6825711543813738,False,0.8925490379333496,0.97900390625,0.0497225258916531,0.9005165696144104,0.97900390625,0.0303869423371626,,,
484,0,11,resize,hard,0.48257115438137377,True,0.81535804271698,0.98046875,0.0578516231201366,0.8026336431503296,0.9794921875,0.0567334424896429,0.8026704788208008,0.97998046875,0.0567327098969608
485,0,0,move,easy,1.0,False,0.9287891387939452,0.9697265625,0.0366311972498232,0.952577829360962,0.97265625,0.011428997909334,,,
485,0,1,move,medium,1.0,False,0.9500147700309752,0.974609375,0.0368913609170168,0.9641212224960328,0.9755859375,0.0119712421941343,,,
485,0,2,move,hard,1.0,False,0.9389395713806152,0.98486328125,0.0364630702116059,0.9565258026123048,0.98583984375,0.0112075347708595,,,
485,0,3,rotate,easy,1.0,False,0.9313865900039672,0.96826171875,0.0297948185773845,0.9313865900039672,0.96826171875,0.0297948185773845,,,
485,0,4,rotate,medium,1.0,False,0.9184094667434692,0.982421875,0.0300767561047055,0.9184094667434692,0.982421875,0.0300767561047055,,,
485,0,5,rotate,hard,1.0,False,0.8636090159416199,0.9814453125,0.0312792641303586,0.8636090159416199,0.9814453125,0.0312792641303586,,,
485,0,6,resize,easy,1.2356481942218422,False,0.9400946497917176,0.982421875,0.0272653046150586,0.9423247575759888,0.98291015625,0.0120250941711728,,,
485,0,7,resize,medium,1.4356481942218422,False,0.9125640392303468,0.962890625,0.0255369607480584,0.9234291315078736,0.96435546875,0.0103602054414616,,,
485,0,8,resize,medium,1.5346534653465347,True,0.9049947261810304,0.970703125,0.0243588444511186,0.9049911499023438,0.97119140625,0.0244782836651363,0.9050182700157166,0.970703125,0.0244780730711065
485,0,9,resize,easy,0.8321759028890789,False,0.9341672658920288,0.966796875,0.0334977238339427,0.935164213180542,0.96630859375,0.0187364184730048,,,
485,0,10,resize,medium,0.7356481942218422,False,0.9064792394638062,0.966796875,0.0355903780900377,0.9090529680252076,0.96630859375,0.0214305137500273,,,
485,0,11,resize,hard,0.5356481942218422,True,0.8045963644981384,0.974609375,0.0406577224716568,0.8069756627082825,0.97509765625,0.0408477739539571,0.8070060014724731,0.97509765625,0.0408489135031514
486,0,0,move,easy,1.0,False,0.9840536117553712,0.9794921875,0.0702951034331395,0.9884020686149596,0.97900390625,0.0138061599141648,,,
486,0,1,move,easy,1.0,False,0.9771487712860109,0.982421875,0.070714766650352,0.9812161326408386,0.9814453125,0.0132646418461142,,,
486,0,2,move,hard,1.0,False,0.9741276502609252,0.98779296875,0.0756827565023353,0.9757607579231262,0.98779296875,0.0147899265948079,,,
486,0,3,rotate,easy,1.0,False,0.9325878024101256,0.98779296875,0.0618237419629098,0.9325878024101256,0.98779296875,0.0618237419629098,,,
486,0,4,rotate,medium,1.0,False,0.8517681360244751,0.97607421875,0.0651645868536252,0.8517681360244751,0.97607421875,0.0651645868536252,,,
486,0,5,rotate,hard,1.0,False,0.6284216642379761,0.98291015625,0.0638133749610006,0.6284216642379761,0.98291015625,0.0638133749610006,,,
486,0,6,resize,easy,1.206896551724138,False,0.9605940580368042,0.9794921875,0.0535257684308677,0.9649887084960938,0.978515625,0.0176172596698253,,,
486,0,7,resize,easy,0.8321759028890789,False,0.9602079391479492,0.9853515625,0.0700922647673615,0.9637237787246704,0.9853515625,0.0296116774475521,,,
486,0,8,resize,easy,0.7356481942218422,False,0.9446850419044496,0.982421875,0.0766213195055699,0.9455560445785522,0.982421875,0.0356980007833897,,,
486,0,9,resize,hard,0.5356481942218422,True,0.8470069169998169,0.9833984375,0.0908713459514844,0.8471699953079224,0.98291015625,0.0907449984367953,0.8471647500991821,0.98291015625,0.090743891743236
487,0,0,move,easy,1.0,False,0.9606916904449464,0.97900390625,0.1059793328047494,0.9664602279663086,0.978515625,0.0202954391069115,,,
487,0,1,move,easy,1.0,False,0.9497114419937134,0.982421875,0.1017503700451626,0.9527013301849364,0.9814453125,0.016906386036647,,,
487,0,2,move,hard,1.0,False,0.9440386295318604,0.98486328125,0.1068566656546395,0.9370364546775818,0.98486328125,0.0167297545433828,,,
487,0,3,rotate,easy,1.0,False,0.9608904123306274,0.986328125,0.0858751312212714,0.9608904123306274,0.986328125,0.0858751312212714,,,
487,0,4,rotate,easy,1.0,False,0.93407541513443,0.98681640625,0.0886105558286453,0.93407541513443,0.98681640625,0.0886105558286453,,,
487,0,5,rotate,medium,1.0,False,0.9273016452789308,0.9853515625,0.0904289953110729,0.9273016452789308,0.9853515625,0.0904289953110729,,,
487,0,6,resize,easy,1.107363197819758,False,0.94833505153656,0.986328125,0.0820441870900194,0.9537716507911682,0.986328125,0.0272053778527999,,,
487,0,7,resize,easy,1.307363197819758,False,0.8932544589042664,0.97900390625,0.0759574296850149,0.8991454243659973,0.97998046875,0.0233890607082192,,,
487,0,8,resize,medium,1.5552239836481851,True,0.8227475881576538,0.96142578125,0.066641159355423,0.8207269310951233,0.96044921875,0.0669189724764681,0.820442795753479,0.9599609375,0.0668996615167766
487,0,9,resize,easy,0.8963184010901211,False,0.9535444974899292,0.98291015625,0.0906141182628887,0.9584046602249146,0.98291015625,0.0354000766164855,,,
487,0,10,resize,medium,0.607363197819758,False,0.8105723261833191,0.98193359375,0.1151016867279842,0.8298631906509399,0.98193359375,0.0661946588590187,,,
487,0,11,resize,hard,0.40736319781975805,True,0.6456694602966309,0.97998046875,0.1522998640171952,0.6452556848526001,0.97998046875,0.1511365530552265,0.6455589532852173,0.97998046875,0.1511453261394043
488,0,0,rotate,hard,1.0,False,0.9507333040237428,0.95947265625,0.0695677106496996,0.9507333040237428,0.95947265625,0.0695677106496996,,,
488,0,1,rotate,hard,1.0,False,0.9437153935432434,0.97021484375,0.068720766120239,0.9437153935432434,0.97021484375,0.068720766120239,,,
488,0,2,rotate,hard,1.0,False,0.912649631500244,0.96875,0.071024676276862,0.912649631500244,0.96875,0.071024676276862,,,
488,0,3,resize,hard,1.1026694045174539,False,0.9556645154953004,0.9755859375,0.065335969588751,0.9480743408203124,0.9755859375,0.0100321781644307,,,
488,0,4,resize,hard,0.8814491202814746,False,0.9355324506759644,0.95361328125,0.0745707925870932,0.9430705308914183,0.95361328125,0.0138436060234838,,,
488,0,5,resize,hard,0.6371017594370509,False,0.8892595171928406,0.95166015625,0.0873550101360601,0.8781274557113647,0.95166015625,0.0203600112472818,,,
488,0,6,resize,hard,0.43710175943705093,True,0.7859197854995728,0.95166015625,0.0993978311908891,0.7850887775421143,0.951171875,0.0993376951520078,0.7852149605751038,0.9521484375,0.0993343050023744
489,0,0,move,medium,1.0,False,0.9613305926322936,0.962890625,0.0423322099464487,0.9681726694107056,0.96533203125,0.0068280283024034,,,
489,0,1,move,medium,1.0,False,0.9513234496116638,0.89599609375,0.0425264850813954,0.95536470413208,0.90625,0.0067337492937089,,,
489,0,2,move,hard,1.0,False,0.928254008293152,0.93115234375,0.0439143554417475,0.9389524459838868,0.931640625,0.007356647952457,,,
489,0,3,rotate,easy,1.0,False,0.9456727504730223,0.9560546875,0.0375786404213569,0.9456727504730223,0.9560546875,0.0375786404213569,,,
489,0,4,rotate,medium,1.0,False,0.9160091876983644,0.94091796875,0.0368444487180514,0.9160091876983644,0.94091796875,0.0368444487180514,,,
489,0,5,rotate,hard,1.0,False,0.8640843629837036,0.9599609375,0.0369495490252194,0.8640843629837036,0.9599609375,0.0369495490252194,,,
489,0,6,resize,easy,1.123275594081745,False,0.9487688541412354,0.97314453125,0.0337980417146877,0.95116525888443,0.974609375,0.0103815509311321,,,
489,0,7,resize,medium,1.3232755940817449,False,0.9216991662979126,0.978515625,0.0315227492891777,0.9233191013336182,0.97705078125,0.0085790743139529,,,
489,0,8,resize,easy,0.8883622029591276,False,0.9427785873413086,0.94873046875,0.0403262081954323,0.9496949911117554,0.94873046875,0.0134148786098904,,,
489,0,9,resize,hard,0.6232755940817448,False,0.8199034333229065,0.935546875,0.0524469397005004,0.8292371034622192,0.935546875,0.0223718137856707,,,
489,0,10,resize,hard,0.42327559408174487,True,0.6231566667556763,0.93505859375,0.0659128117266324,0.6219807863235474,0.94580078125,0.0663150468639768,0.6222701072692871,0.9453125,0.0663217657137098
490,0,0,move,easy,1.0,False,0.9827989339828492,0.95703125,0.0318261947765419,0.982769787311554,0.9580078125,0.0059616308404465,,,
490,0,1,move,medium,1.0,False,0.9570786952972412,0.9638671875,0.0319959480184817,0.9640458226203918,0.962890625,0.006412290612474,,,
490,0,2,move,hard,1.0,False,0.9643616676330566,0.95361328125,0.0311846932441718,0.966386079788208,0.95361328125,0.0057808294543523,,,
490,0,3,rotate,easy,1.0,False,0.956190288066864,0.9697265625,0.0305767986453692,0.956190288066864,0.9697265625,0.0305767986453692,,,
490,0,4,rotate,medium,1.0,False,0.926166534423828,0.9716796875,0.0293736517204783,0.926166534423828,0.9716796875,0.0293736517204783,,,
490,0,5,rotate,hard,1.0,False,0.8447154760360718,0.95751953125,0.0299039153922529,0.8447154760360718,0.95751953125,0.0299039153922529,,,
490,0,6,resize,easy,1.123275594081745,False,0.9721121191978456,0.9765625,0.0260458781304736,0.9758275151252748,0.9765625,0.0082605016865458,,,
490,0,7,resize,medium,1.3232755940817449,False,0.936333417892456,0.97900390625,0.0241627913848679,0.9377810955047609,0.978515625,0.0070409317872529,,,
490,0,8,resize,medium,1.6745669556130862,True,0.8688254356384277,0.9794921875,0.0236893329461169,0.8691543340682983,0.9794921875,0.023640446537705,0.8691613674163818,0.97900390625,0.0236353436862548
490,0,9,resize,easy,0.8883622029591276,False,0.9720239639282228,0.966796875,0.0318247063178934,0.9688303470611572,0.966796875,0.0100822887462967,,,
490,0,10,resize,medium,0.6232755940817448,False,0.874589204788208,0.9619140625,0.0490607545939603,0.8704447150230408,0.9619140625,0.0199825330362317,,,
490,0,11,resize,hard,0.42327559408174487,True,0.719914436340332,0.96240234375,0.0645625373728282,0.7182449102401733,0.9619140625,0.0654026056283739,0.7189027070999146,0.9619140625,0.0653761451451263
491,0,0,move,medium,1.0,False,0.951997458934784,0.95263671875,0.0458234705293528,0.972615361213684,0.951171875,0.0100215000373982,,,
491,0,1,move,medium,1.0,False,0.928308606147766,0.966796875,0.0454268258719768,0.954418957233429,0.966796875,0.009999379347551,,,
491,0,2,move,hard,1.0,False,0.9051879048347472,0.9609375,0.0458619828095185,0.9446504712104796,0.9609375,0.0105857845126525,,,
491,0,3,rotate,easy,1.0,False,0.9448457956314088,0.97265625,0.0378889218320132,0.9448457956314088,0.97265625,0.0378889218320132,,,
491,0,4,rotate,medium,1.0,False,0.910409927368164,0.947265625,0.0383847933965328,0.910409927368164,0.947265625,0.0383847933965328,,,
491,0,5,rotate,hard,1.0,False,0.8638639450073242,0.95703125,0.040047869809396,0.8638639450073242,0.95703125,0.040047869809396,,,
491,0,6,resize,easy,1.123275594081745,False,0.9519771933555604,0.96826171875,0.0350223704342258,0.957197368144989,0.96923828125,0.0109142008776772,,,
491,0,7,resize,medium,1.3232755940817449,False,0.9221919775009156,0.97265625,0.0330026164682628,0.9266095757484436,0.97021484375,0.0090687398578359,,,
491,0,8,resize,easy,0.8883622029591276,False,0.931970477104187,0.9521484375,0.0412623870656354,0.94972825050354,0.9521484375,0.0145342108194228,,,
491,0,9,resize,medium,0.6232755940817448,False,0.781122088432312,0.97265625,0.0556919565187133,0.8076871037483215,0.97265625,0.0213367621882775,,,
491,0,10,resize,hard,0.42327559408174487,True,0.525827169418335,0.9697265625,0.0717079975780272,0.5313659906387329,0.96826171875,0.0735924061730074,0.5291827917098999,0.96826171875,0.0735234101802876
492,0,0,move,easy,1.0,False,0.9494720101356506,0.97314453125,0.0264293195369116,0.9556153416633606,0.97314453125,0.0119314333018019,,,
492,0,1,move,easy,1.0,False,0.9587608575820924,0.9873046875,0.0276545914173502,0.9605050683021544,0.98828125,0.0118999207302953,,,
492,0,2,move,medium,1.0,False,0.9722474217414856,0.9755859375,0.0285536574771275,0.9736834764480592,0.97607421875,0.0114267063221768,,,
492,0,3,rotate,easy,1.0,False,0.9239845275878906,0.966796875,0.0259511012030945,0.9239845275878906,0.966796875,0.0259511012030945,,,
492,0,4,rotate,medium,1.0,False,0.8963792324066162,0.9755859375,0.0261640538111126,0.8963792324066162,0.9755859375,0.0261640538111126,,,
492,0,5,rotate,hard,1.0,False,0.7772063612937927,0.9638671875,0.0279904536476223,0.7772063612937927,0.9638671875,0.0279904536476223,,,
492,0,6,resize,easy,0.8232098664186616,False,0.9251509308815002,0.96337890625,0.0281123004757458,0.93274587392807,0.96337890625,0.0178075118936463,,,
492,0,7,resize,medium,0.753580267162677,False,0.9163593649864196,0.97412109375,0.0279760137899859,0.9262936115264891,0.974609375,0.0188941868749592,,,
492,0,8,resize,hard,0.553580267162677,True,0.8616002202033997,0.9677734375,0.039218142012895,0.8635303974151611,0.96630859375,0.0397829618415091,0.8633170127868652,0.96630859375,0.0397547208500784
493,0,0,move,easy,1.0,False,0.951185941696167,0.978515625,0.0523358368505838,0.961281716823578,0.97900390625,0.0164090516662653,,,
493,0,1,move,medium,1.0,False,0.9506438374519348,0.9765625,0.0508909326070558,0.9504572153091432,0.97607421875,0.0170076155629613,,,
493,0,3,rotate,easy,1.0,False,0.8837474584579468,0.974609375,0.0464620685222986,0.8837474584579468,0.974609375,0.0464620685222986,,,
493,0,4,rotate,medium,1.0,False,0.8066072463989258,0.98046875,0.0475461746836006,0.8066072463989258,0.98046875,0.0475461746836006,,,
493,0,5,rotate,hard,1.0,False,0.7487366199493408,0.98388671875,0.0496408065909909,0.7487366199493408,0.98388671875,0.0496408065909909,,,
493,0,6,resize,easy,1.253580267162677,False,0.9271209239959716,0.986328125,0.0380627702271239,0.9405502080917358,0.98681640625,0.0173128260916241,,,
493,0,7,resize,medium,1.453580267162677,False,0.9130462408065796,0.982421875,0.0359034831331183,0.9209957718849182,0.9814453125,0.0153023624212469,,,
493,0,8,resize,medium,1.5517241379310345,True,0.9067704677581788,0.974609375,0.0345550290316129,0.9080415964126588,0.9765625,0.0344057137883236,0.90818053483963,0.9775390625,0.0344017619989066
494,0,0,move,medium,1.0,False,0.9805664420127868,0.95263671875,0.0225554124290745,0.9836353659629822,0.9521484375,0.0046282813806021,,,
494,0,1,move,hard,1.0,False,0.9693502187728882,0.94677734375,0.0220990074099766,0.9734870195388794,0.94677734375,0.0040796015921094,,,
494,0,2,move,hard,1.0,False,0.9786726236343384,0.9453125,0.0224618651549795,0.9835679531097412,0.9482421875,0.0040453287988537,,,
494,0,3,rotate,hard,1.0,False,0.9581467509269714,0.95751953125,0.0196135030271222,0.9581467509269714,0.95751953125,0.0196135030271222,,,
495,0,0,move,easy,1.0,False,0.9340578317642212,0.98291015625,0.0530963065780587,0.9640695452690125,0.98193359375,0.0223829550869722,,,
495,0,1,move,medium,1.0,False,0.8618748188018799,0.98095703125,0.054192037216767,0.8791317939758301,0.98095703125,0.0228600931262602,,,
495,0,2,move,hard,1.0,False,0.9253331422805786,0.9833984375,0.0505602456056008,0.9315534830093384,0.9833984375,0.0210158823107698,,,
495,0,3,rotate,easy,1.0,False,0.9197633266448976,0.990234375,0.047406708504444,0.9197633266448976,0.990234375,0.047406708504444,,,
495,0,4,rotate,easy,1.0,False,0.9118084907531738,0.978515625,0.0448524369059768,0.9118084907531738,0.978515625,0.0448524369059768,,,
495,0,5,rotate,hard,1.0,False,0.8539546728134155,0.9677734375,0.0473966176003605,0.8539546728134155,0.9677734375,0.0473966176003605,,,
495,0,6,resize,easy,1.1928887651201596,False,0.9089906215667723,0.98681640625,0.0384051438757321,0.9246103763580322,0.9873046875,0.022652066887361,,,
495,0,7,resize,easy,1.3928887651201596,False,0.8693262338638306,0.97607421875,0.0340610477397549,0.885562539100647,0.9755859375,0.0184547950992817,,,
495,0,8,resize,hard,2.196665738401197,True,0.7694644927978516,0.9853515625,0.0272629430321024,0.7661498785018921,0.98583984375,0.0276774549478204,0.7660484313964844,0.986328125,0.0276669084611188
495,0,9,resize,easy,0.8535556174399203,False,0.9173213839530944,0.98828125,0.0519046458133282,0.9273332953453064,0.98828125,0.0366829028828819,,,
495,0,10,resize,easy,0.6928887651201596,False,0.8606942892074585,0.970703125,0.060900848069289,0.8630684614181519,0.970703125,0.0467924235133726,,,
495,0,11,resize,hard,0.4928887651201596,True,0.7107155323028564,0.9853515625,0.0786982674157582,0.710580050945282,0.98583984375,0.0783321551264401,0.7103506922721863,0.986328125,0.0783435651300368
496,0,0,move,easy,1.0,False,0.9895365238189696,0.982421875,0.0272462682822325,0.9927301406860352,0.98388671875,0.0043423585940271,,,
496,0,1,move,medium,1.0,False,0.9735775589942932,0.98779296875,0.0267911666274226,0.9742244482040404,0.98779296875,0.0039022254132092,,,
496,0,2,move,hard,1.0,False,0.9862003922462464,0.98193359375,0.0267717805235706,0.9889425039291382,0.98193359375,0.004466695574264,,,
496,0,3,rotate,easy,1.0,False,0.944399356842041,0.986328125,0.0239823523836847,0.944399356842041,0.986328125,0.0239823523836847,,,
496,0,4,rotate,medium,1.0,False,0.892180323600769,0.978515625,0.025869062687484,0.892180323600769,0.978515625,0.025869062687484,,,
496,0,5,rotate,hard,1.0,False,0.7949650883674622,0.98486328125,0.0270257159529494,0.7949650883674622,0.98486328125,0.0270257159529494,,,
496,0,6,resize,easy,1.1928887651201596,False,0.9809542894363404,0.9892578125,0.0229576876883798,0.9820448160171508,0.9892578125,0.0061047068193091,,,
496,0,7,resize,easy,0.8535556174399203,False,0.9596807360649108,0.98583984375,0.025876489090104,0.9617117643356324,0.98583984375,0.0068693360193554,,,
496,0,8,resize,medium,0.6928887651201596,False,0.9034705758094788,0.986328125,0.0306977382697032,0.9061076641082764,0.986328125,0.0088219248419498,,,
496,0,9,resize,hard,0.4928887651201596,True,0.7867706418037415,0.98486328125,0.0420564757331247,0.7875771522521973,0.98388671875,0.0422650904275984,0.787031888961792,0.98486328125,0.0422546949318434
497,0,0,move,easy,1.0,False,0.9510754346847534,0.990234375,0.0354927520356373,0.9592651724815368,0.99072265625,0.0101021360499507,,,
497,0,1,move,medium,1.0,False,0.9611397981643676,0.990234375,0.037012305108263,0.970279097557068,0.990234375,0.0108119618797239,,,
497,0,2,move,hard,1.0,False,0.9442944526672364,0.9892578125,0.0410665498229086,0.9511252641677856,0.9892578125,0.0135717530215065,,,
497,0,3,rotate,easy,1.0,False,0.9191730618476868,0.990234375,0.0331926013165366,0.9191730618476868,0.990234375,0.0331926013165366,,,
497,0,4,rotate,easy,1.0,False,0.8742637634277344,0.984375,0.0332041217983043,0.8742637634277344,0.984375,0.0332041217983043,,,
497,0,5,rotate,hard,1.0,False,0.6660462021827698,0.98193359375,0.0353964453392277,0.6660462021827698,0.98193359375,0.0353964453392277,,,
497,0,6,resize,easy,1.1561891268444349,False,0.9614291191101074,0.98974609375,0.0326383646150082,0.9648789167404176,0.98974609375,0.0148849655726818,,,
497,0,7,resize,easy,1.3561891268444348,False,0.9366202354431152,0.98828125,0.0291595578962984,0.9364296793937684,0.98828125,0.0117694926129018,,,
497,0,8,resize,hard,1.9214184513332604,True,0.8768478631973267,0.98583984375,0.0230834562391316,0.876584529876709,0.98486328125,0.0230231141965249,0.8763458132743835,0.98486328125,0.0230220072932276
497,0,9,resize,easy,0.8719054365777826,False,0.9528343081474304,0.984375,0.0360343399062421,0.9594134092330932,0.984375,0.0174517812151565,,,
497,0,10,resize,medium,0.6561891268444348,False,0.8718750476837158,0.98486328125,0.0451725749273802,0.8738713264465332,0.98486328125,0.026727868692356,,,
497,0,11,resize,hard,0.45618912684443474,True,0.658363938331604,0.984375,0.0566352243708728,0.6509933471679688,0.98388671875,0.055672268907563,0.6512960195541382,0.984375,0.0556731126185413
498,0,1,move,hard,1.0,False,0.9836812019348145,0.97802734375,0.0145772118109896,0.9859515428543092,0.9775390625,0.0033924260501741,,,
498,0,2,move,hard,1.0,False,0.97489333152771,0.9853515625,0.0148401569592643,0.978792130947113,0.98486328125,0.003621029911628,,,
499,0,0,move,easy,1.0,False,0.9125772714614868,0.9619140625,0.0333800496348663,0.9210556745529176,0.962890625,0.0220875636870816,,,
499,0,1,move,medium,1.0,False,0.9235092401504515,0.97998046875,0.0348536359008516,0.9306977987289428,0.97998046875,0.0229638073882071,,,
499,0,2,rotate,easy,1.0,False,0.9094226360321044,0.96337890625,0.0350735002216044,0.9094226360321044,0.96337890625,0.0350735002216044,,,
499,0,3,rotate,medium,1.0,False,0.8547673225402832,0.96826171875,0.034391130576816,0.8547673225402832,0.96826171875,0.034391130576816,,,
499,0,4,rotate,hard,1.0,False,0.7916242480278015,0.935546875,0.0390084459699566,0.7916242480278015,0.935546875,0.0390084459699566,,,
499,0,5,resize,easy,0.8088105679738317,False,0.913588047027588,0.97265625,0.0338483682217841,0.9176393747329712,0.97216796875,0.0308858224600269,,,
499,0,6,resize,easy,0.7823788640523368,False,0.8832374811172485,0.9658203125,0.0354887116201582,0.8857972621917725,0.96533203125,0.0327912501225564,,,
499,0,7,resize,medium,0.5823788640523369,True,0.8474988341331482,0.98193359375,0.0486190404140498,0.8444039225578308,0.98291015625,0.0492996995921869,0.8443306684494019,0.98291015625,0.0492921698621846
500,0,0,move,medium,1.0,False,0.960533320903778,0.9150390625,0.1039840716097753,0.976237416267395,0.916015625,0.0117955847872368,,,
500,0,1,move,medium,1.0,False,0.9720447659492492,0.91259765625,0.1048384315555738,0.9812977910041808,0.91259765625,0.0115926102414162,,,
500,0,2,move,hard,1.0,False,0.9554888010025024,0.9091796875,0.1050266333822924,0.9641565084457396,0.91357421875,0.0122602064127981,,,
500,0,3,rotate,medium,1.0,False,0.9752452969551086,0.9453125,0.0804535641525761,0.9752452969551086,0.9453125,0.0804535641525761,,,
500,0,4,rotate,hard,1.0,False,0.944565773010254,0.9580078125,0.0826447350617414,0.944565773010254,0.9580078125,0.0826447350617414,,,
500,0,5,rotate,hard,1.0,False,0.9356411695480348,0.91650390625,0.0826597638859182,0.9356411695480348,0.91650390625,0.0826597638859182,,,
500,0,6,resize,medium,1.2823788640523368,False,0.9772874712944032,0.9609375,0.0714778238286742,0.9818506240844728,0.96630859375,0.0122388154960261,,,
500,0,7,resize,medium,1.3235294117647058,False,0.9784852862358092,0.9521484375,0.0715481900519585,0.9824444055557252,0.95849609375,0.0123482696626247,,,
500,0,8,resize,medium,0.8088105679738317,False,0.96086186170578,0.8837890625,0.0886294900281568,0.9720441102981568,0.8837890625,0.0232872048753232,,,
500,0,9,resize,medium,0.7823788640523368,False,0.9543166160583496,0.88671875,0.0893272787481842,0.9712910056114196,0.88671875,0.023885355482839,,,
500,0,10,resize,hard,0.5823788640523369,True,0.905258059501648,0.888671875,0.096790932835591,0.907684087753296,0.88720703125,0.0969831303555038,0.9079002141952516,0.88720703125,0.0969876734859825
501,0,0,move,easy,1.0,False,0.9611669182777404,0.83154296875,0.0283568199495283,0.9701918363571168,0.8310546875,0.0067929475618412,,,
501,0,1,move,medium,1.0,False,0.961932897567749,0.84228515625,0.0283096467025711,0.9739428758621216,0.8466796875,0.0066916571659747,,,
501,0,2,move,hard,1.0,False,0.9405898451805116,0.966796875,0.0266985104952926,0.9519439935684204,0.966796875,0.006501982974609,,,
501,0,3,rotate,easy,1.0,False,0.9416747093200684,0.8974609375,0.0253449402164006,0.9416747093200684,0.8974609375,0.0253449402164006,,,
501,0,4,rotate,medium,1.0,False,0.9155746102333068,0.9697265625,0.0253283916572614,0.9155746102333068,0.9697265625,0.0253283916572614,,,
501,0,5,rotate,hard,1.0,False,0.8349412679672241,0.94873046875,0.0270560003562935,0.8349412679672241,0.94873046875,0.0270560003562935,,,
501,0,6,resize,easy,1.2823788640523368,False,0.9418363571166992,0.95947265625,0.0228156560045409,0.9414650797843932,0.96435546875,0.0079021384309063,,,
501,0,7,resize,medium,1.4823788640523368,False,0.9182745218276978,0.94482421875,0.0212484802992081,0.9272767901420592,0.9453125,0.0064895119930463,,,
501,0,8,resize,medium,1.5853658536585367,True,0.9081536531448364,0.96337890625,0.019975217189086,0.907903254032135,0.962890625,0.0199745985618425,0.9079070687294006,0.962890625,0.0199788535102003
501,0,9,resize,easy,0.8088105679738317,False,0.9170607924461364,0.9228515625,0.0269639350540845,0.9303590059280396,0.9228515625,0.0123510175665671,,,
501,0,10,resize,easy,0.7823788640523368,False,0.9076780080795288,0.92333984375,0.028525084578228,0.920644760131836,0.92333984375,0.0133723165508793,,,
501,0,11,resize,hard,0.5823788640523369,True,0.8869249224662781,0.91796875,0.0362405575504588,0.891910195350647,0.9208984375,0.03615853868612,0.8917220234870911,0.92138671875,0.0361666516632158
502,0,0,move,medium,1.0,False,0.9813857078552246,0.9912109375,0.020692794227745,0.991124987602234,0.9912109375,0.005238951925138,,,
502,0,1,move,medium,1.0,False,0.983946681022644,0.984375,0.0207869998438112,0.9849992394447328,0.98486328125,0.0050942881325997,,,
502,0,2,move,hard,1.0,False,0.988806962966919,0.9873046875,0.0212246018896377,0.9943668246269226,0.98828125,0.0053660365047674,,,
502,0,6,resize,medium,1.1550928005303982,False,0.969112992286682,0.99072265625,0.0192898874806165,0.9715906977653505,0.990234375,0.0065639458929886,,,
503,0,0,move,easy,1.0,False,0.955209255218506,0.94482421875,0.0609866067289696,0.957671046257019,0.9443359375,0.0115838051592414,,,
503,0,1,move,medium,1.0,False,0.9515758156776428,0.93359375,0.0619259014651255,0.9483077526092528,0.93359375,0.0119439030854351,,,
503,0,2,move,medium,1.0,False,0.9782291650772096,0.953125,0.0611336336114985,0.991441249847412,0.95263671875,0.0110793011505639,,,
503,0,3,rotate,easy,1.0,False,0.9666515588760376,0.947265625,0.0558709214199194,0.9666515588760376,0.947265625,0.0558709214199194,,,
503,0,4,rotate,easy,1.0,False,0.9198174476623536,0.94970703125,0.0573579700886202,0.9198174476623536,0.94970703125,0.0573579700886202,,,
503,0,5,rotate,hard,1.0,False,0.7891751527786255,0.9462890625,0.0567887037856078,0.7891751527786255,0.9462890625,0.0567887037856078,,,
503,0,6,resize,easy,1.1550928005303982,False,0.9557196497917176,0.9267578125,0.0487689609927773,0.9577652215957642,0.9287109375,0.0138763688089369,,,
503,0,7,resize,easy,1.3550928005303982,False,0.92621910572052,0.94384765625,0.0446111078998692,0.930834174156189,0.939453125,0.0115584014295021,,,
503,0,8,resize,medium,1.7841409691629957,True,0.8720096349716187,0.94189453125,0.0396272862622048,0.8723936676979065,0.94189453125,0.0397650075398952,0.8723175525665283,0.9423828125,0.0397451096651714
503,0,9,resize,easy,0.872453599734801,False,0.9253768920898438,0.95556640625,0.0613648011875438,0.9467985033988952,0.95556640625,0.0202271554657355,,,
503,0,10,resize,medium,0.6550928005303981,False,0.8604916334152222,0.955078125,0.0755405577739137,0.8357122540473938,0.955078125,0.0284589779363083,,,
503,0,11,resize,hard,0.45509280053039813,True,0.7219393849372864,0.95458984375,0.102771083382848,0.7237423658370972,0.95458984375,0.1025204198851257,0.7238640189170837,0.9541015625,0.1025096454743513
504,0,0,move,easy,1.0,False,0.9833461046218872,0.96728515625,0.0488386999472136,0.9886212348937988,0.96728515625,0.0125302314073456,,,
504,0,1,move,medium,1.0,False,0.9840856790542604,0.98046875,0.0494951533638617,0.9872541427612304,0.98095703125,0.0123190859432026,,,
504,0,2,move,hard,1.0,False,0.9822967052459716,0.9716796875,0.0492408817836764,0.9882097840309144,0.97216796875,0.0128056717496339,,,
504,0,3,rotate,medium,1.0,False,0.9763652086257936,0.98046875,0.0420418269109921,0.9763652086257936,0.98046875,0.0420418269109921,,,
504,0,4,rotate,medium,1.0,False,0.9634585976600648,0.97412109375,0.0411620766163518,0.9634585976600648,0.97412109375,0.0411620766163518,,,
504,0,5,rotate,hard,1.0,False,0.9138998985290528,0.9541015625,0.0420739633685947,0.9138998985290528,0.9541015625,0.0420739633685947,,,
504,0,6,resize,medium,1.210129327921193,False,0.9814976453781128,0.984375,0.0362825427886512,0.9811750650405884,0.98486328125,0.013281590590198,,,
504,0,7,resize,easy,0.8449353360394035,False,0.970242977142334,0.9697265625,0.0447840442018731,0.9735122919082642,0.9697265625,0.020350380702109,,,
504,0,8,resize,medium,0.7101293279211931,False,0.953928291797638,0.9677734375,0.0497852432477821,0.9575998187065125,0.9677734375,0.0258217289505185,,,
504,0,9,resize,hard,0.5101293279211931,True,0.907495617866516,0.97265625,0.0613412094297217,0.9093165397644044,0.97119140625,0.0623033698819816,0.90924072265625,0.9716796875,0.0622974031422934
505,0,0,move,easy,1.0,False,0.9706236720085144,0.92529296875,0.0803986369122667,0.9816646575927734,0.92529296875,0.0034361653013015,,,
505,0,1,move,medium,1.0,False,0.965045928955078,0.9453125,0.0805002888073189,0.9716731905937196,0.94482421875,0.0038139128526502,,,
505,0,2,move,hard,1.0,False,0.9735971093177797,0.94580078125,0.0831188084990093,0.9850640296936036,0.94580078125,0.0040546063214642,,,
505,0,3,rotate,medium,1.0,False,0.9014226198196412,0.94140625,0.0716102657678793,0.9014226198196412,0.94140625,0.0716102657678793,,,
505,0,4,rotate,hard,1.0,False,0.793951153755188,0.95361328125,0.0765365564587363,0.793951153755188,0.95361328125,0.0765365564587363,,,
505,0,5,rotate,hard,1.0,False,0.6872937679290771,0.93994140625,0.0877109752306453,0.6872937679290771,0.93994140625,0.0877109752306453,,,
505,0,6,resize,medium,1.210129327921193,False,0.9545542001724244,0.94921875,0.0611106629745862,0.9528730511665344,0.94580078125,0.004314009192374,,,
505,0,7,resize,medium,1.410129327921193,False,0.9259785413742064,0.95166015625,0.054103322662844,0.9315000772476196,0.95703125,0.0036759674349855,,,
505,0,8,resize,hard,1.53125,True,0.904929220676422,0.96875,0.0522040434324723,0.9052029848098756,0.970703125,0.0522236615311276,0.9051780700683594,0.970703125,0.0522231133913724
505,0,9,resize,medium,0.8449353360394035,False,0.9538379907608032,0.9384765625,0.0781558704026978,0.9605401754379272,0.9384765625,0.0080365786416823,,,
505,0,10,resize,medium,0.7101293279211931,False,0.9209155440330504,0.9384765625,0.0930683116064342,0.9364510774612428,0.9384765625,0.0105009167095122,,,
505,0,11,resize,hard,0.5101293279211931,True,0.7474364042282104,0.93798828125,0.1067609244266118,0.7461808323860168,0.93896484375,0.1066708063655831,0.7461013197898865,0.93896484375,0.1066680200297739
506,0,0,move,easy,1.0,False,0.9640403985977172,0.96875,0.0453952106179524,0.964999794960022,0.96923828125,0.0135716836922842,,,
506,0,1,move,hard,1.0,False,0.9305779337882996,0.96435546875,0.0477721260517224,0.9326069951057434,0.96142578125,0.0142341869760033,,,
506,0,2,move,hard,1.0,False,0.916804313659668,0.98193359375,0.0472826136498299,0.921776294708252,0.98193359375,0.013946172695865,,,
506,0,3,rotate,easy,1.0,False,0.935737371444702,0.9814453125,0.0392282422558498,0.935737371444702,0.9814453125,0.0392282422558498,,,
506,0,4,rotate,medium,1.0,False,0.867107629776001,0.98193359375,0.0398127980586097,0.867107629776001,0.98193359375,0.0398127980586097,,,
506,0,5,rotate,hard,1.0,False,0.7718403935432434,0.97802734375,0.0407998834960225,0.7718403935432434,0.97802734375,0.0407998834960225,,,
506,0,6,resize,easy,1.192130115356945,False,0.9527780413627625,0.98046875,0.0358933823529411,0.9565311670303344,0.97900390625,0.0149821136788048,,,
506,0,7,resize,medium,1.3921301153569448,False,0.9115655422210692,0.98388671875,0.0356495824074545,0.9202039241790771,0.984375,0.0151148506405728,,,
506,0,8,resize,medium,1.528169014084507,True,0.9075813293457032,0.97998046875,0.0334442493998559,0.9072844982147216,0.98046875,0.0334246561228901,0.907389223575592,0.98046875,0.0334211033981457
506,0,9,resize,easy,0.8539349423215277,False,0.9266674518585204,0.98095703125,0.040432262199654,0.922638177871704,0.9814453125,0.0183254955965135,,,
506,0,10,resize,medium,0.6921301153569448,False,0.8614001274108887,0.97705078125,0.0500416512822505,0.858976423740387,0.97705078125,0.0268512364752089,,,
506,0,11,resize,hard,0.49213011535694484,True,0.7084777355194092,0.9775390625,0.0703037656244109,0.7034691572189331,0.9765625,0.0695708278067388,0.703291654586792,0.97607421875,0.0695509492033135
507,0,0,move,medium,1.0,False,0.9655792713165284,0.94091796875,0.011444318403685,0.977235734462738,0.94091796875,0.0036502864294926,,,
507,0,1,move,hard,1.0,False,0.97508442401886,0.9765625,0.0149165546281312,0.9838379621505736,0.9765625,0.0035912074165403,,,
507,0,2,rotate,medium,1.0,False,0.9448965787887572,0.96142578125,0.0131541247813475,0.9448965787887572,0.96142578125,0.0131541247813475,,,
507,0,3,rotate,hard,1.0,False,0.9175963401794434,0.962890625,0.0149226782673951,0.9175963401794434,0.962890625,0.0149226782673951,,,
507,0,4,rotate,hard,1.0,False,0.7844003438949585,0.9482421875,0.0146611648070175,0.7844003438949585,0.9482421875,0.0146611648070175,,,
507,0,5,resize,medium,1.192130115356945,False,0.949466586112976,0.96240234375,0.0127766433606118,0.9602076411247252,0.962890625,0.0048259028717043,,,
507,0,6,resize,medium,0.8539349423215277,False,0.9656949043273926,0.93505859375,0.0143637292836186,0.9708752632141112,0.93505859375,0.0044564241526477,,,
507,0,7,resize,hard,0.6921301153569448,False,0.9503133893013,0.93359375,0.0170452599880723,0.9422481060028076,0.93359375,0.0055714561461365,,,
507,0,8,resize,hard,0.49213011535694484,True,0.8571604490280151,0.93505859375,0.0226476754223702,0.8575118780136108,0.935546875,0.022797920006577,0.8576134443283081,0.93505859375,0.022733040106329
508,0,0,move,medium,1.0,False,0.9771862030029296,0.9638671875,0.0587285022187152,0.9848161935806274,0.96435546875,0.009031429678463,,,
508,0,1,move,hard,1.0,False,0.9495497345924376,0.9853515625,0.0582884546674095,0.954908013343811,0.984375,0.008431702504551,,,
508,0,2,rotate,medium,1.0,False,0.9584785103797911,0.98974609375,0.048188909242725,0.9584785103797911,0.98974609375,0.048188909242725,,,
508,0,3,rotate,hard,1.0,False,0.9169464111328124,0.9853515625,0.048051925521122,0.9169464111328124,0.9853515625,0.048051925521122,,,
508,0,4,rotate,hard,1.0,False,0.8454817533493042,0.984375,0.0494483296593021,0.8454817533493042,0.984375,0.0494483296593021,,,
508,0,5,resize,medium,1.1837270341207349,False,0.9570270776748656,0.98583984375,0.0425580797372158,0.964028000831604,0.986328125,0.0096447836944595,,,
508,0,6,resize,medium,0.8539349423215277,False,0.9464124441146852,0.98291015625,0.0533657454700962,0.957451343536377,0.98291015625,0.0142541782724403,,,
508,0,7,resize,hard,0.6921301153569448,False,0.8958662152290344,0.9765625,0.0616058408517384,0.9066870212554932,0.9765625,0.0184248425019521,,,
508,0,8,resize,hard,0.49213011535694484,True,0.7201759815216064,0.97412109375,0.078862975577015,0.7175628542900085,0.97314453125,0.0784537975304489,0.7172108888626099,0.97314453125,0.0784519287819964
509,0,0,move,easy,1.0,False,0.9855116605758668,0.98583984375,0.0603859817615643,0.9872445464134216,0.98486328125,0.0098237513477027,,,
509,0,1,move,medium,1.0,False,0.9823317527770996,0.986328125,0.0613060017985419,0.9851516485214232,0.9853515625,0.0109335477692665,,,
509,0,2,move,hard,1.0,False,0.9623031616210938,0.9853515625,0.0629367129463652,0.967818558216095,0.98681640625,0.011985503687332,,,
509,0,3,rotate,easy,1.0,False,0.9765098690986632,0.98681640625,0.0535850139027387,0.9765098690986632,0.98681640625,0.0535850139027387,,,
509,0,4,rotate,medium,1.0,False,0.9664399027824402,0.9873046875,0.0539924083693373,0.9664399027824402,0.9873046875,0.0539924083693373,,,
509,0,6,resize,easy,1.172780758396999,False,0.9648259878158568,0.970703125,0.047128660686658,0.9694252610206604,0.97265625,0.0127268899559472,,,
509,0,7,resize,medium,1.372780758396999,False,0.948913276195526,0.9736328125,0.0422454605793163,0.95014488697052,0.9716796875,0.0101649277843766,,,
509,0,8,resize,hard,1.7075812274368232,True,0.9192808270454408,0.970703125,0.0387428962031118,0.9182706475257874,0.97216796875,0.0390659935568702,0.9183069467544556,0.97216796875,0.039048339119126
510,0,0,move,easy,1.0,False,0.981366753578186,0.98583984375,0.0345460030165912,0.9867108464241028,0.98583984375,0.0047980559745265,,,
510,0,1,move,medium,1.0,False,0.9755383133888244,0.97998046875,0.0365482235629294,0.9774263501167296,0.97998046875,0.0049188453159041,,,
510,0,2,move,medium,1.0,False,0.9836097955703736,0.984375,0.0349855036031506,0.9872398376464844,0.984375,0.0044498491704374,,,
510,0,3,rotate,easy,1.0,False,0.9598917961120604,0.978515625,0.0306066873686876,0.9598917961120604,0.978515625,0.0306066873686876,,,
510,0,4,rotate,medium,1.0,False,0.90529203414917,0.9541015625,0.0310894684562285,0.90529203414917,0.9541015625,0.0310894684562285,,,
510,0,5,rotate,hard,1.0,False,0.8301643133163452,0.9755859375,0.0327264703053301,0.8301643133163452,0.9755859375,0.0327264703053301,,,
510,0,6,resize,easy,1.172780758396999,False,0.9719704985618592,0.99267578125,0.0274583597863268,0.9720587134361268,0.99267578125,0.0070846148169696,,,
510,0,7,resize,medium,1.372780758396999,False,0.963424265384674,0.97412109375,0.0239463898056747,0.9623867273330688,0.97412109375,0.0046474299761496,,,
510,0,8,resize,easy,0.8636096208015005,False,0.9765979647636414,0.98193359375,0.032657442882062,0.9776347279548644,0.98193359375,0.0086443777258855,,,
510,0,9,resize,medium,0.6727807583969989,False,0.9429866075515748,0.98095703125,0.0411675083755111,0.94540274143219,0.98095703125,0.0149231929130148,,,
510,0,10,resize,hard,0.47278075839699896,True,0.8667477369308472,0.982421875,0.0530855960474642,0.8665331602096558,0.9833984375,0.0531173139272459,0.866344690322876,0.9833984375,0.053109994416527
511,0,0,move,medium,1.0,False,0.9675068855285645,0.982421875,0.0364872636092161,0.9689806699752808,0.9814453125,0.0065569645817223,,,
511,0,1,move,medium,1.0,False,0.9729916453361512,0.9814453125,0.0355931880705562,0.9787372946739196,0.982421875,0.0053684102268907,,,
511,0,2,rotate,medium,1.0,False,0.952094554901123,0.98388671875,0.0316896493472918,0.952094554901123,0.98388671875,0.0316896493472918,,,
511,0,3,rotate,hard,1.0,False,0.9263650178909302,0.98193359375,0.0312266609117558,0.9263650178909302,0.98193359375,0.0312266609117558,,,
511,0,4,rotate,hard,1.0,False,0.8476508855819702,0.9912109375,0.0335499851487545,0.8476508855819702,0.9912109375,0.0335499851487545,,,
511,0,5,resize,medium,1.2619647355163728,False,0.944038152694702,0.9765625,0.0274640899276612,0.9472801685333252,0.9765625,0.006651318660386,,,
511,0,6,resize,medium,0.8177210160214364,False,0.9435229301452636,0.97119140625,0.0349783589681288,0.945877730846405,0.97119140625,0.0095353758780868,,,
511,0,7,resize,medium,0.7645579679571273,False,0.92385995388031,0.97705078125,0.0368611882363788,0.9338550567626952,0.9775390625,0.0103889889044894,,,
511,0,8,resize,hard,0.5645579679571272,True,0.8364700078964233,0.9833984375,0.0477891035549364,0.840645432472229,0.98291015625,0.0483424896287655,0.8407487869262695,0.98291015625,0.0483272754615671
512,0,0,move,medium,1.0,False,0.9703328013420104,0.97314453125,0.0473410392533373,0.979584813117981,0.97412109375,0.0076938716600358,,,
512,0,1,move,medium,1.0,False,0.9737385511398317,0.970703125,0.0480402894391523,0.98223078250885,0.97216796875,0.0082099423938553,,,
512,0,2,rotate,medium,1.0,False,0.9559199213981628,0.927734375,0.0403628590371268,0.9559199213981628,0.927734375,0.0403628590371268,,,
512,0,3,rotate,hard,1.0,False,0.9271299839019777,0.93896484375,0.0419521385113323,0.9271299839019777,0.93896484375,0.0419521385113323,,,
512,0,4,rotate,hard,1.0,False,0.8710057735443115,0.904296875,0.0422154811414989,0.8710057735443115,0.904296875,0.0422154811414989,,,
512,0,5,resize,medium,1.2645579679571273,False,0.9533146619796752,0.96923828125,0.0336201092893889,0.960978090763092,0.96875,0.008894036306019,,,
512,0,6,resize,medium,1.4645579679571272,False,0.9501080513000488,0.9443359375,0.029859660063863,0.9550497531890868,0.9443359375,0.0066499683609675,,,
512,0,7,resize,easy,0.8177210160214364,False,0.9430997967720032,0.91015625,0.0450765558542368,0.9469860792160034,0.91015625,0.0121783127343354,,,
512,0,8,resize,medium,0.7645579679571273,False,0.9288792610168456,0.93603515625,0.0456044161538459,0.9369650483131408,0.93603515625,0.0124345232012208,,,
512,0,9,resize,hard,0.5645579679571272,True,0.8671772480010986,0.9326171875,0.055657991109433,0.8678044080734253,0.92333984375,0.0560565458241779,0.867594838142395,0.92333984375,0.0560419496317738
513,0,0,move,easy,1.0,False,0.9740248918533324,0.9482421875,0.0203353980693859,0.9746041297912598,0.9462890625,0.0078940049730969,,,
513,0,1,move,medium,1.0,False,0.9525733590126038,0.947265625,0.0208192669615064,0.960075855255127,0.94775390625,0.0084433262840613,,,
513,0,2,move,hard,1.0,False,0.9248140454292296,0.98046875,0.0224383474676241,0.942640483379364,0.98046875,0.0099436558696985,,,
513,0,3,rotate,easy,1.0,False,0.9240360856056212,0.98193359375,0.0188913212601219,0.9240360856056212,0.98193359375,0.0188913212601219,,,
513,0,4,rotate,medium,1.0,False,0.8772357106208801,0.9814453125,0.0209129593644502,0.8772357106208801,0.9814453125,0.0209129593644502,,,
513,0,5,rotate,hard,1.0,False,0.8124831914901733,0.98095703125,0.0224135946459571,0.8124831914901733,0.98095703125,0.0224135946459571,,,
513,0,6,resize,easy,1.2730928173975378,False,0.9487894177436828,0.9873046875,0.0166114044316368,0.9482006430625916,0.986328125,0.0078862387817886,,,
513,0,7,resize,medium,1.3209876543209877,False,0.9221136569976808,0.9873046875,0.0173198822004034,0.9268152713775636,0.9873046875,0.0080080212946072,,,
513,0,8,resize,easy,0.8134535913012312,False,0.950587034225464,0.974609375,0.0243366921066939,0.9472328424453736,0.974609375,0.0160083567876266,,,
513,0,9,resize,easy,0.7730928173975378,False,0.8923353552818298,0.98046875,0.0228806256923705,0.8878440856933594,0.98046875,0.0149981825507549,,,
513,0,10,resize,hard,0.5730928173975377,True,0.8200144171714783,0.97412109375,0.0317792326250867,0.8177728652954102,0.970703125,0.0325821692653455,0.818284273147583,0.97119140625,0.0325618513828383
514,0,0,move,easy,1.0,False,0.9861840009689332,0.9638671875,0.0459037085995446,0.9955435395240784,0.9619140625,0.0067217155026804,,,
514,0,1,move,medium,1.0,False,0.9533196091651917,0.94140625,0.0476597194683116,0.9602881669998168,0.94189453125,0.0078128515825806,,,
514,0,2,move,hard,1.0,False,0.9413284063339232,0.9404296875,0.050356289931703,0.9493902325630188,0.9404296875,0.009413879709187,,,
514,0,3,rotate,medium,1.0,False,0.9423136711120604,0.96728515625,0.0425535958286484,0.9423136711120604,0.96728515625,0.0425535958286484,,,
514,0,4,rotate,hard,1.0,False,0.9191300272941588,0.9658203125,0.0443322317691121,0.9191300272941588,0.9658203125,0.0443322317691121,,,
514,0,5,rotate,hard,1.0,False,0.7514514923095703,0.96923828125,0.0466592731337608,0.7514514923095703,0.96923828125,0.0466592731337608,,,
514,0,6,resize,medium,1.2730928173975378,False,0.9554685354232788,0.9521484375,0.0336536428630409,0.9610549211502076,0.951171875,0.0074568965908358,,,
514,0,7,resize,medium,1.4730928173975377,False,0.9357166290283204,0.9736328125,0.0326813855240349,0.9424384832382202,0.9697265625,0.0061065335257095,,,
514,0,8,resize,hard,1.7267267267267268,True,0.9024956822395324,0.94482421875,0.030572695796819,0.902928590774536,0.947265625,0.030569953781694,0.9029374122619628,0.94677734375,0.030559917371121
514,0,9,resize,easy,0.8134535913012312,False,0.9533069133758544,0.958984375,0.0511695064906455,0.9520776271820068,0.958984375,0.015220195172388,,,
514,0,10,resize,medium,0.7730928173975378,False,0.9348572492599488,0.96044921875,0.0524208670479876,0.9365206956863404,0.96044921875,0.016395818645396,,,
514,0,11,resize,hard,0.5730928173975377,True,0.8540921211242676,0.95947265625,0.0661984730096185,0.8539896011352539,0.95947265625,0.0663436666532641,0.8544528484344482,0.9599609375,0.0663323192115761
515,0,0,move,hard,1.0,False,0.9903711676597596,0.95263671875,0.0313883753445326,0.994677186012268,0.95263671875,0.0030515080409924,,,
515,0,1,rotate,hard,1.0,False,0.9116194248199464,0.93701171875,0.0280180352610718,0.9116194248199464,0.93701171875,0.0280180352610718,,,
515,0,2,rotate,hard,1.0,False,0.8266030550003052,0.93896484375,0.0299016402433641,0.8266030550003052,0.93896484375,0.0299016402433641,,,
515,0,3,rotate,hard,1.0,False,0.7388757467269897,0.89453125,0.0326015906784492,0.7388757467269897,0.89453125,0.0326015906784492,,,
515,0,4,resize,hard,1.1007194244604317,False,0.9725958108901978,0.96826171875,0.0257258514796203,0.9729926586151124,0.96826171875,0.0038651634505516,,,
515,0,5,resize,hard,0.8134535913012312,False,0.9493870735168456,0.9541015625,0.0338778347847728,0.9564569592475892,0.9541015625,0.0051249177844578,,,
515,0,6,resize,hard,0.7730928173975378,False,0.937570571899414,0.95703125,0.0374136455012406,0.944455862045288,0.95703125,0.005554877089533,,,
515,0,7,resize,hard,0.5730928173975377,True,0.876557469367981,0.9599609375,0.0510040358357873,0.8767417669296265,0.958984375,0.0511314950213645,0.8769210577011108,0.95849609375,0.0510980369851505
516,0,0,move,easy,1.0,False,0.9445868730545044,0.9267578125,0.0475326801012592,0.9576382040977478,0.92529296875,0.008294419556166,,,
516,0,1,move,medium,1.0,False,0.9282670021057128,0.91796875,0.0462939387648247,0.9500224590301514,0.91748046875,0.0076197448265966,,,
516,0,2,move,hard,1.0,False,0.9171044826507568,0.92578125,0.0468718749106858,0.9406751394271852,0.92626953125,0.0077681605001622,,,
516,0,3,rotate,easy,1.0,False,0.9394885301589966,0.94091796875,0.0401932059337097,0.9394885301589966,0.94091796875,0.0401932059337097,,,
516,0,4,rotate,medium,1.0,False,0.9185998439788818,0.93994140625,0.0407368914004383,0.9185998439788818,0.93994140625,0.0407368914004383,,,
516,0,5,rotate,hard,1.0,False,0.864780068397522,0.9228515625,0.0430987757177194,0.864780068397522,0.9228515625,0.0430987757177194,,,
516,0,6,resize,easy,1.20045156314777,False,0.9463781118392944,0.93994140625,0.0366224009556603,0.9484313726425172,0.93701171875,0.0091297764775322,,,
516,0,7,resize,medium,1.3669250645994833,False,0.927310049533844,0.939453125,0.0342147497110244,0.9242706298828124,0.94287109375,0.0075013345443825,,,
516,0,8,resize,easy,0.8497742184261151,False,0.9366014003753662,0.9404296875,0.0441465148803234,0.943203330039978,0.9404296875,0.0131089810933328,,,
516,0,9,resize,medium,0.7004515631477698,False,0.8290269374847412,0.91796875,0.0498844022281855,0.8762957453727722,0.91796875,0.0163296938374674,,,
516,0,10,resize,hard,0.5004515631477697,True,0.7427306175231934,0.91455078125,0.0657988042087673,0.7398569583892822,0.92138671875,0.0656303142650757,0.7396917343139648,0.921875,0.0656101233214102
517,0,0,move,easy,1.0,False,0.9125239849090576,0.97412109375,0.0441277817140054,0.9198609590530396,0.974609375,0.0231686361378276,,,
517,0,1,move,easy,1.0,False,0.9074592590332032,0.974609375,0.0434850455018871,0.914697766304016,0.9755859375,0.0228484896196699,,,
517,0,2,move,hard,1.0,False,0.8975743651390076,0.95654296875,0.0446543765874987,0.8962286114692688,0.95703125,0.0241361789997276,,,
517,0,3,rotate,easy,1.0,False,0.9157969355583192,0.9775390625,0.0371987502743107,0.9157969355583192,0.9775390625,0.0371987502743107,,,
517,0,4,rotate,medium,1.0,False,0.8817887902259827,0.97998046875,0.038332687363495,0.8817887902259827,0.97998046875,0.038332687363495,,,
517,0,5,rotate,hard,1.0,False,0.8449938297271729,0.97216796875,0.0403643395074292,0.8449938297271729,0.97216796875,0.0403643395074292,,,
517,0,6,resize,easy,1.20045156314777,False,0.9249387979507446,0.96630859375,0.0357870740369566,0.928969144821167,0.9677734375,0.0236088147668911,,,
517,0,7,resize,medium,1.4004515631477699,False,0.9116604328155518,0.982421875,0.0325380666673598,0.9095306396484376,0.98193359375,0.0203407889583268,,,
517,0,8,resize,hard,2.107981220657277,True,0.834801971912384,0.97216796875,0.0268635499584752,0.8338866233825684,0.97607421875,0.0270243583105626,0.83394855260849,0.974609375,0.0270134596918167
517,0,9,resize,easy,0.8497742184261151,False,0.9018827676773072,0.97412109375,0.043007789245452,0.9059964418411256,0.97412109375,0.0316021531655167,,,
517,0,10,resize,medium,0.7004515631477698,False,0.8607701063156128,0.962890625,0.0458209686514869,0.8655178546905518,0.962890625,0.0360555047101348,,,
517,0,11,resize,hard,0.5004515631477697,True,0.7295860052108765,0.9619140625,0.0650128601242029,0.7338559627532959,0.9619140625,0.062488257557246,0.7351465225219727,0.9619140625,0.0624364912585545
518,0,0,move,easy,1.0,False,0.9812142848968506,0.9658203125,0.0240322677347211,0.9859669208526612,0.966796875,0.0072531883650554,,,
518,0,1,move,medium,1.0,False,0.9606843590736388,0.91796875,0.024452229025842,0.9719698429107666,0.9189453125,0.0074947106966102,,,
518,0,2,move,hard,1.0,False,0.9705039262771606,0.87451171875,0.0248677176811935,0.9755128622055054,0.87548828125,0.0081527918233632,,,
518,0,3,rotate,easy,1.0,False,0.9647464752197266,0.95751953125,0.021704307672086,0.9647464752197266,0.95751953125,0.021704307672086,,,
518,0,4,rotate,medium,1.0,False,0.9520095586776732,0.9482421875,0.0225832889786821,0.9520095586776732,0.9482421875,0.0225832889786821,,,
518,0,5,rotate,hard,1.0,False,0.896364688873291,0.91455078125,0.0234872337374822,0.896364688873291,0.91455078125,0.0234872337374822,,,
518,0,6,resize,easy,1.1197456854570984,False,0.9733657836914062,0.9560546875,0.0206844666200594,0.9774160385131836,0.9541015625,0.0087682434001093,,,
518,0,7,resize,medium,1.3197456854570984,False,0.9560407400131226,0.9453125,0.0187580206758375,0.9607057571411132,0.9462890625,0.0071081011644409,,,
518,0,8,resize,easy,0.8901271572714509,False,0.9707080721855164,0.951171875,0.0230051584285482,0.9732240438461304,0.951171875,0.0110109813889546,,,
518,0,9,resize,hard,0.6197456854570983,False,0.9079280495643616,0.94775390625,0.0296224599645065,0.9056463241577148,0.947265625,0.0181150045251067,,,
518,0,10,resize,hard,0.41974568545709834,True,0.7476857900619507,0.93798828125,0.0363681758565508,0.7443879842758179,0.9384765625,0.0357326042907712,0.7442151308059692,0.93896484375,0.035750549473699
519,0,0,move,easy,1.0,False,0.974134922027588,0.9765625,0.0511871311821882,0.9764344692230223,0.9765625,0.006377787781279,,,
519,0,1,move,medium,1.0,False,0.9493457078933716,0.97509765625,0.0520226523727749,0.9568452835083008,0.974609375,0.0065096640033161,,,
519,0,2,move,hard,1.0,False,0.9406694173812866,0.98388671875,0.0535499843245789,0.9521446228027344,0.98486328125,0.0081948943568157,,,
519,0,3,rotate,easy,1.0,False,0.953599452972412,0.984375,0.0413210037989205,0.953599452972412,0.984375,0.0413210037989205,,,
519,0,4,rotate,medium,1.0,False,0.9354641437530518,0.97314453125,0.0410504133963227,0.9354641437530518,0.97314453125,0.0410504133963227,,,
519,0,5,rotate,hard,1.0,False,0.7787467837333679,0.97021484375,0.0413945206925382,0.7787467837333679,0.97021484375,0.0413945206925382,,,
519,0,6,resize,easy,1.1197456854570984,False,0.9637261033058168,0.96875,0.0383414890916976,0.9733034372329712,0.96875,0.0082309741011491,,,
519,0,7,resize,medium,1.3197456854570984,False,0.9358699917793274,0.9580078125,0.0357619335565157,0.9408668279647828,0.9609375,0.0073553340247257,,,
519,0,8,resize,medium,1.543859649122807,True,0.8967714905738831,0.958984375,0.0332495366419604,0.896231472492218,0.9580078125,0.033218226463593,0.8962029218673706,0.9580078125,0.0332077666166772
519,0,9,resize,easy,0.8901271572714509,False,0.95851469039917,0.96826171875,0.0441649510216336,0.965887725353241,0.96826171875,0.0100543809985713,,,
519,0,10,resize,medium,0.6197456854570983,False,0.8545733094215393,0.95751953125,0.0553123248387718,0.8512599468231201,0.95751953125,0.0167043961558055,,,
519,0,11,resize,hard,0.41974568545709834,True,0.6794756650924683,0.95751953125,0.0664722117851162,0.6735994815826416,0.95654296875,0.0675029339864642,0.6740038990974426,0.9560546875,0.0674337243769047
519,1,0,move,easy,1.0,False,0.961207628250122,0.98974609375,0.0454517950616157,0.9622098207473756,0.98974609375,0.0274719386935879,,,
519,1,1,move,easy,1.0,False,0.9846513271331788,0.98974609375,0.0413823351942276,0.9860023856163024,0.990234375,0.0244392386727986,,,
519,1,2,rotate,easy,1.0,False,0.9640005826950072,0.99072265625,0.044129813248981,0.9640005826950072,0.99072265625,0.044129813248981,,,
519,1,3,rotate,easy,1.0,False,0.9468910694122314,0.99072265625,0.0414235385624304,0.9468910694122314,0.99072265625,0.0414235385624304,,,
519,1,4,rotate,hard,1.0,False,0.8984373807907104,0.99267578125,0.043266689647248,0.8984373807907104,0.99267578125,0.043266689647248,,,
519,1,5,resize,easy,1.1656612199384144,False,0.9385842680931092,0.99072265625,0.0397498161238342,0.9398258924484252,0.99072265625,0.03095532635758,,,
519,1,6,resize,easy,1.3656612199384144,False,0.9398351311683656,0.98388671875,0.0305095888073865,0.9414392709732056,0.98388671875,0.0212810976757468,,,
519,1,7,resize,hard,1.992459149538107,True,0.8860986232757568,0.9814453125,0.0255468070203224,0.8875396847724915,0.9814453125,0.0261687260605477,0.8874830007553101,0.9814453125,0.0261560934773447
519,1,8,resize,easy,0.8671693900307929,False,0.9610722064971924,0.9921875,0.0450966864841831,0.961696982383728,0.9921875,0.0401411800778722,,,
519,1,9,resize,easy,0.6656612199384142,False,0.9051213264465332,0.99169921875,0.0603291215300806,0.9063048362731934,0.99169921875,0.0567760148291753,,,
519,1,10,resize,hard,0.46566121993841425,True,0.8360272645950317,0.99267578125,0.0818979611745195,0.8301076889038086,0.99267578125,0.0855409228367964,0.8299872279167175,0.99267578125,0.0854753682567554
520,0,0,move,medium,1.0,False,0.9691916108131408,0.97119140625,0.0303058515178045,0.9724449515342712,0.97021484375,0.0083916062353051,,,
520,0,1,move,medium,1.0,False,0.9867913722991944,0.9677734375,0.0294337457532858,0.9918504357337952,0.96826171875,0.0074624334429081,,,
521,0,0,move,easy,1.0,False,0.9492851495742798,0.978515625,0.029583033371264,0.9536246061325072,0.98046875,0.0125535416166729,,,
521,0,1,move,medium,1.0,False,0.9745677709579468,0.95703125,0.0291549584697676,0.9777003526687622,0.9580078125,0.0127327447625977,,,
521,0,2,rotate,easy,1.0,False,0.9422506093978882,0.984375,0.0238986462852307,0.9422506093978882,0.984375,0.0238986462852307,,,
521,0,3,rotate,medium,1.0,False,0.9292482137680054,0.9765625,0.0255778946662228,0.9292482137680054,0.9765625,0.0255778946662228,,,
521,0,4,rotate,hard,1.0,False,0.8757419586181641,0.98291015625,0.0283689349946366,0.8757419586181641,0.98291015625,0.0283689349946366,,,
521,0,5,resize,easy,1.2099392525283563,False,0.927600622177124,0.95751953125,0.0234774926413016,0.9371862411499025,0.95703125,0.0144037663842186,,,
521,0,6,resize,medium,1.4099392525283563,False,0.9216581583023072,0.97314453125,0.0222612314273403,0.9290800094604492,0.97412109375,0.0118778082471298,,,
521,0,7,resize,easy,0.8450303737358219,False,0.9086295366287231,0.9833984375,0.0283700945080728,0.8950048685073853,0.98388671875,0.0185181041977548,,,
521,0,8,resize,medium,0.7099392525283563,False,0.9025009870529176,0.9755859375,0.0305759303754152,0.8905524015426636,0.9755859375,0.0216483341304001,,,
521,0,9,resize,hard,0.5099392525283564,True,0.7750072479248047,0.9775390625,0.0405160726920089,0.7804086208343506,0.9794921875,0.0397937045118324,0.7801079154014587,0.97900390625,0.0397974153072785
522,0,0,move,easy,1.0,False,0.9763816595077516,0.95263671875,0.0400538100112869,0.9780625104904176,0.95263671875,0.0107585899152164,,,
522,0,1,move,medium,1.0,False,0.9739111065864564,0.97900390625,0.040096693965404,0.9763107299804688,0.978515625,0.0115025461322413,,,
522,0,2,move,hard,1.0,False,0.9671894311904908,0.98828125,0.0394688939491044,0.9669040441513062,0.98828125,0.0107856099545138,,,
522,0,3,rotate,easy,1.0,False,0.946050226688385,0.990234375,0.0346303030243378,0.946050226688385,0.990234375,0.0346303030243378,,,
522,0,4,rotate,medium,1.0,False,0.8457558155059814,0.95703125,0.0356281968774662,0.8457558155059814,0.95703125,0.0356281968774662,,,
522,0,5,rotate,hard,1.0,False,0.722442090511322,0.97412109375,0.0382632157702938,0.722442090511322,0.97412109375,0.0382632157702938,,,
522,0,6,resize,easy,1.2099392525283563,False,0.9662116169929504,0.9697265625,0.0317339786522014,0.9661136865615844,0.9716796875,0.0126573163519415,,,
522,0,7,resize,easy,0.8450303737358219,False,0.9591922760009766,0.99072265625,0.0393092048141117,0.9595535397529602,0.99072265625,0.0172418654855638,,,
522,0,8,resize,medium,0.7099392525283563,False,0.930190920829773,0.990234375,0.0448463657927517,0.9290691614151,0.990234375,0.021249228390535,,,
522,0,9,resize,hard,0.5099392525283564,True,0.8338711857795715,0.99072265625,0.0586390251202403,0.8345774412155151,0.99072265625,0.0584725797703231,0.834568440914154,0.990234375,0.0584684123222599
523,0,0,move,easy,1.0,False,0.9632346630096436,0.97509765625,0.0362567255023414,0.9669548869132996,0.97412109375,0.0167196725606444,,,
523,0,1,move,easy,1.0,False,0.9503892064094543,0.9736328125,0.0355069509147492,0.9624350666999816,0.97265625,0.0167645526192661,,,
523,0,2,rotate,easy,1.0,False,0.9249144792556764,0.98193359375,0.0324181386722388,0.9249144792556764,0.98193359375,0.0324181386722388,,,
523,0,3,rotate,medium,1.0,False,0.8724583387374878,0.97998046875,0.0362830671310751,0.8724583387374878,0.97998046875,0.0362830671310751,,,
523,0,4,rotate,hard,1.0,False,0.8492162227630615,0.970703125,0.0362130365034588,0.8492162227630615,0.970703125,0.0362130365034588,,,
523,0,5,resize,easy,1.2099392525283563,False,0.9563573598861694,0.984375,0.0294993419869154,0.9597615599632264,0.9833984375,0.0178731028867365,,,
523,0,6,resize,easy,1.4099392525283563,False,0.946837306022644,0.95751953125,0.0289946563720037,0.9449156522750854,0.95703125,0.016520316691749,,,
523,0,7,resize,hard,2.3245443939626727,True,0.828423023223877,0.97265625,0.0265962671879413,0.828473687171936,0.97314453125,0.0267711099701806,0.828416109085083,0.9736328125,0.0267601073759015
523,0,8,resize,easy,0.8450303737358219,False,0.9424086213111876,0.982421875,0.0334120240367277,0.9430261254310608,0.982421875,0.0243852035544534,,,
523,0,9,resize,easy,0.7462036825081564,False,0.8883166313171387,0.97509765625,0.0402427193028875,0.8883982300758362,0.97509765625,0.0327017360365324,,,
523,0,10,resize,medium,0.5462036825081563,True,0.6308250427246094,0.97705078125,0.0512337595570532,0.6299502849578857,0.97802734375,0.0509047311414919,0.630431056022644,0.97802734375,0.0508779587822068
524,0,0,move,easy,1.0,False,0.9559861421585084,0.9814453125,0.0543504107870554,0.9747653007507324,0.9814453125,0.0167923168175939,,,
524,0,1,move,easy,1.0,False,0.8967019319534302,0.98046875,0.0570600138288723,0.9346174001693726,0.98046875,0.0189706985720418,,,
524,0,2,move,hard,1.0,False,0.8739894032478333,0.97802734375,0.058942960582364,0.8836317658424377,0.97802734375,0.0206452760491687,,,
524,0,3,rotate,easy,1.0,False,0.9173805713653564,0.9765625,0.0448672127927315,0.9173805713653564,0.9765625,0.0448672127927315,,,
524,0,4,rotate,medium,1.0,False,0.8242896795272827,0.97607421875,0.0455798288767622,0.8242896795272827,0.97607421875,0.0455798288767622,,,
524,0,5,rotate,hard,1.0,False,0.7149959206581116,0.97900390625,0.0472498619683777,0.7149959206581116,0.97900390625,0.0472498619683777,,,
524,0,6,resize,easy,1.2462036825081564,False,0.9183812737464904,0.97412109375,0.0408093366602056,0.930167019367218,0.974609375,0.0163950196863744,,,
524,0,7,resize,easy,1.4462036825081563,False,0.8474242687225342,0.96533203125,0.04025662799582,0.861617922782898,0.9658203125,0.0147268459104036,,,
524,0,8,resize,hard,2.5965276188111726,True,0.7282623648643494,0.97314453125,0.0353764157415133,0.7288427352905273,0.97314453125,0.0354545961300847,0.7289905548095703,0.97314453125,0.0353913739383951
524,0,9,resize,easy,0.8268981587459219,False,0.9054990410804749,0.9814453125,0.048860932221723,0.8995945453643799,0.9814453125,0.0250656580339689,,,
524,0,10,resize,easy,0.7462036825081564,False,0.8617337346076965,0.97802734375,0.049089507173689,0.8603840470314026,0.97802734375,0.0260272919654202,,,
524,0,11,resize,medium,0.5462036825081563,True,0.6687018871307373,0.9775390625,0.0616266162262006,0.6755892038345337,0.97705078125,0.0610693734015345,0.6748285293579102,0.9765625,0.0610778097470872
524,1,0,move,easy,1.0,False,0.987366020679474,0.9736328125,0.0345679616267851,0.9919108748435974,0.9736328125,0.0105637764461293,,,
524,1,1,move,easy,1.0,False,0.9739984273910522,0.97705078125,0.0285981003628062,0.97734797000885,0.97705078125,0.007661190602367,,,
524,1,2,move,hard,1.0,False,0.9695817232131958,0.97705078125,0.0322829616947264,0.9791109561920166,0.97705078125,0.0113593684181919,,,
524,1,3,rotate,easy,1.0,False,0.9466953873634338,0.97802734375,0.0293191761051609,0.9466953873634338,0.97802734375,0.0293191761051609,,,
524,1,4,rotate,medium,1.0,False,0.8931409120559692,0.9794921875,0.0328699628780208,0.8931409120559692,0.9794921875,0.0328699628780208,,,
524,1,5,rotate,hard,1.0,False,0.7885334491729736,0.98046875,0.0394801298503439,0.7885334491729736,0.98046875,0.0394801298503439,,,
524,1,6,resize,easy,1.2338414685717625,False,0.9633418917655944,0.9853515625,0.0312627715190647,0.9648809432983398,0.98583984375,0.0149259257708729,,,
524,1,7,resize,easy,1.4338414685717624,False,0.9410008192062378,0.9775390625,0.0280907432401935,0.9382375478744508,0.9775390625,0.0115768101255501,,,
524,1,8,resize,hard,2.5038110142882184,True,0.7483992576599121,0.9833984375,0.0238445578816692,0.7486286163330078,0.98291015625,0.0238644892397281,0.7481296062469482,0.9833984375,0.0238516846729039
524,1,9,resize,easy,0.8330792657141188,False,0.963892936706543,0.98095703125,0.0299958762805428,0.962325632572174,0.98095703125,0.0151000961545085,,,
524,1,10,resize,easy,0.7338414685717625,False,0.9386107921600342,0.98095703125,0.0359887680030006,0.9326651096343994,0.98095703125,0.019470991188255,,,
524,1,11,resize,medium,0.5338414685717624,True,0.8531458377838135,0.98046875,0.0489284919968719,0.8526753783226013,0.98046875,0.0507245025098708,0.853561520576477,0.98046875,0.0500467536691466
525,0,0,move,easy,1.0,False,0.9171561002731324,0.94140625,0.0263539549372571,0.9443557262420654,0.9423828125,0.007963999537352,,,
525,0,1,move,hard,1.0,False,0.8267441987991333,0.98486328125,0.029249270089245,0.8818065524101257,0.98486328125,0.0088469158450033,,,
525,0,2,move,hard,1.0,False,0.8914676904678345,0.9775390625,0.0298684651356846,0.9290158748626708,0.9775390625,0.0086840326997627,,,
525,0,3,rotate,easy,1.0,False,0.9062591791152954,0.9765625,0.0202463464467676,0.9062591791152954,0.9765625,0.0202463464467676,,,
525,0,4,rotate,medium,1.0,False,0.9070532321929932,0.97900390625,0.0209474912457513,0.9070532321929932,0.97900390625,0.0209474912457513,,,
525,0,5,rotate,hard,1.0,False,0.8397506475448608,0.97607421875,0.0220544299666089,0.8397506475448608,0.97607421875,0.0220544299666089,,,
525,0,6,resize,easy,1.2338414685717625,False,0.8841056823730469,0.97607421875,0.0200665715084769,0.8923842906951904,0.9765625,0.0077841046598879,,,
525,0,7,resize,medium,1.4338414685717624,False,0.9037202596664428,0.93310546875,0.0205502876791314,0.9101500511169434,0.939453125,0.0079914666945875,,,
525,0,8,resize,hard,2.2658227848101267,True,0.7966651320457458,0.9755859375,0.0162352428524937,0.7963979244232178,0.97509765625,0.0163687718079027,0.7962034344673157,0.97509765625,0.0163629146443581
525,0,9,resize,easy,0.8330792657141188,False,0.8996034860610962,0.984375,0.0201948449081801,0.9192298650741576,0.984375,0.0083180005537915,,,
525,0,10,resize,easy,0.7338414685717625,False,0.8498600721359253,0.9833984375,0.0212302430821264,0.8551168441772461,0.9833984375,0.0101343034166873,,,
525,0,11,resize,hard,0.5338414685717624,True,0.6911758184432983,0.984375,0.0248439616086674,0.7081232070922852,0.9833984375,0.0253480371127429,0.7073858976364136,0.98388671875,0.025351612116318
526,0,0,move,easy,1.0,False,0.944046139717102,0.986328125,0.0456005100160637,0.9505082964897156,0.98681640625,0.0330018885028775,,,
526,0,1,move,easy,1.0,False,0.9168193340301514,0.98095703125,0.0468921716252169,0.9229844808578492,0.98095703125,0.0341299600538447,,,
526,0,2,move,medium,1.0,False,0.9163957834243774,0.99169921875,0.0454246725738424,0.9365944862365724,0.99169921875,0.0338823879337022,,,
526,0,3,rotate,easy,1.0,False,0.9013808369636536,0.98291015625,0.0433650393535385,0.9013808369636536,0.98291015625,0.0433650393535385,,,
526,0,4,rotate,medium,1.0,False,0.9251562356948853,0.986328125,0.0448771888434518,0.9251562356948853,0.986328125,0.0448771888434518,,,
526,0,5,rotate,medium,1.0,False,0.8396700620651245,0.984375,0.0469790235322539,0.8396700620651245,0.984375,0.0469790235322539,,,
526,0,6,resize,easy,1.119627955526294,False,0.9397372007369996,0.97900390625,0.0418194392184734,0.9453343749046326,0.97900390625,0.0388800047382136,,,
526,0,7,resize,easy,1.319627955526294,False,0.909298062324524,0.97998046875,0.0378624918833407,0.9120672345161438,0.97998046875,0.0330214530512371,,,
526,0,8,resize,medium,1.6472096664472042,True,0.8341930508613586,0.98583984375,0.0357965731567975,0.8364088535308838,0.9853515625,0.0354655483810706,0.836299479007721,0.9853515625,0.0354519402110152
526,0,9,resize,easy,0.8901860222368531,False,0.956775724887848,0.982421875,0.0481877097685921,0.9567589163780212,0.982421875,0.0474479994700582,,,
526,0,10,resize,medium,0.6196279555262939,False,0.9038683772087096,0.98046875,0.0574288174593091,0.9038459658622742,0.98046875,0.0574231708522141,,,
526,0,11,resize,hard,0.41962795552629395,True,0.6956186890602112,0.9814453125,0.0982369003051756,0.6882869601249695,0.98193359375,0.0961587407489776,0.6882852911949158,0.98193359375,0.0961031419499116
527,0,0,move,easy,1.0,False,0.9239016771316528,0.97314453125,0.0602542649551751,0.9674601554870604,0.97314453125,0.0034137854570572,,,
527,0,1,move,medium,1.0,False,0.9223012924194336,0.9521484375,0.0595598271509487,0.9616436958312988,0.95703125,0.0029342023443688,,,
527,0,2,move,hard,1.0,False,0.89312744140625,0.9677734375,0.0636927899677004,0.941940188407898,0.9677734375,0.0040432326008451,,,
527,0,3,rotate,easy,1.0,False,0.8663563132286072,0.95166015625,0.0413436410125179,0.8663563132286072,0.95166015625,0.0413436410125179,,,
527,0,4,rotate,medium,1.0,False,0.8343298435211182,0.9814453125,0.0423792482863267,0.8343298435211182,0.9814453125,0.0423792482863267,,,
527,0,5,rotate,hard,1.0,False,0.7374758124351501,0.9853515625,0.0424639876233212,0.7374758124351501,0.9853515625,0.0424639876233212,,,
527,0,6,resize,easy,1.119627955526294,False,0.9191027879714966,0.98095703125,0.0395750669410189,0.9461098313331604,0.98193359375,0.0054253862280523,,,
527,0,7,resize,medium,1.319627955526294,False,0.910974383354187,0.9853515625,0.039282933939432,0.9329404830932616,0.986328125,0.0037817505388206,,,
527,0,8,resize,hard,1.6472096664472042,True,0.9041486382484436,0.97998046875,0.0369212226596136,0.9038650989532472,0.98095703125,0.0369845597532725,0.9037741422653198,0.98095703125,0.0369842132824937
527,0,9,resize,easy,0.8901860222368531,False,0.913796842098236,0.9677734375,0.0413160768850821,0.9443024396896362,0.9677734375,0.0060956376811843,,,
527,0,10,resize,hard,0.6196279555262939,False,0.7860777378082275,0.9677734375,0.0421336077971819,0.7685734629631042,0.9677734375,0.0094132225969953,,,
527,0,11,resize,hard,0.41962795552629395,True,0.5740242600440979,0.96923828125,0.0483291249727235,0.5806782245635986,0.96875,0.0481273661204457,0.5798380970954895,0.96875,0.0481128187010539
528,0,0,move,medium,1.0,False,0.9838133454322816,0.9794921875,0.040347539996786,0.9864660501480104,0.97998046875,0.0045225412481262,,,
528,0,1,rotate,medium,1.0,False,0.9804755449295044,0.94287109375,0.0341015594839398,0.9804755449295044,0.94287109375,0.0341015594839398,,,
528,0,2,rotate,medium,1.0,False,0.9649824500083924,0.96923828125,0.0350048861128194,0.9649824500083924,0.96923828125,0.0350048861128194,,,
528,0,3,rotate,hard,1.0,False,0.9419651627540588,0.97802734375,0.0355279030258248,0.9419651627540588,0.97802734375,0.0355279030258248,,,
528,0,4,resize,medium,1.1111111111111112,False,0.9813121557235718,0.9755859375,0.0328522598886448,0.9821505546569824,0.97509765625,0.0068832047427157,,,
528,0,5,resize,medium,0.8901860222368531,False,0.9736986756324768,0.94140625,0.0366710677299436,0.9741774201393129,0.94140625,0.0087873143843512,,,
528,0,6,resize,hard,0.6196279555262939,False,0.915324091911316,0.94189453125,0.0456924170357006,0.92216694355011,0.94189453125,0.0155065225477868,,,
528,0,7,resize,hard,0.5584188706745509,True,0.8835322260856628,0.94677734375,0.0518067545246992,0.8829485177993774,0.9462890625,0.0518682556749447,0.8830075263977051,0.9462890625,0.0518338129209908
529,0,0,move,medium,1.0,False,0.9814613461494446,0.95947265625,0.0416799696705776,0.9827058911323548,0.96044921875,0.0054564249942401,,,
529,0,1,move,hard,1.0,False,0.9895839691162108,0.9296875,0.0418024250698497,0.9951251745224,0.9345703125,0.0054398229880187,,,
529,0,2,move,hard,1.0,False,0.9702669382095336,0.95166015625,0.0427624882395025,0.976042628288269,0.95068359375,0.0063874034462269,,,
530,0,0,move,easy,1.0,False,0.949791669845581,0.9921875,0.0348895057329868,0.9518307447433472,0.9921875,0.0113240917010047,,,
530,0,1,move,easy,1.0,False,0.9717406034469604,0.9912109375,0.0375363420042076,0.9798312783241272,0.9912109375,0.0134232523439878,,,
530,0,2,move,medium,1.0,False,0.928074061870575,0.99267578125,0.0385912793370225,0.9371779561042786,0.99267578125,0.0144829164514999,,,
530,0,3,rotate,easy,1.0,False,0.9261445999145508,0.994140625,0.0315625768147181,0.9261445999145508,0.994140625,0.0315625768147181,,,
530,0,4,rotate,medium,1.0,False,0.8958348035812378,0.9931640625,0.0313948436402625,0.8958348035812378,0.9931640625,0.0313948436402625,,,
530,0,5,rotate,hard,1.0,False,0.8321153521537781,0.99365234375,0.0361051534055033,0.8321153521537781,0.99365234375,0.0361051534055033,,,
530,0,6,resize,easy,1.258418870674551,False,0.952791690826416,0.9931640625,0.0283340489661524,0.9537791013717652,0.99365234375,0.0132613086728992,,,
530,0,7,resize,medium,1.458418870674551,False,0.8961766958236694,0.99365234375,0.0250758136098189,0.902352511882782,0.994140625,0.0101002946622618,,,
530,0,8,resize,medium,1.819277108433735,True,0.8540847897529602,0.9873046875,0.0237221300318082,0.8545112609863281,0.9873046875,0.0240830832101608,0.8544782996177673,0.9873046875,0.0240550734450298
530,0,9,resize,easy,0.8207905646627246,False,0.9487807154655457,0.99267578125,0.0363053020843056,0.9488717317581176,0.99267578125,0.0220027721858526,,,
530,0,10,resize,easy,0.7584188706745509,False,0.9301016330718994,0.9921875,0.0357391618447865,0.9290155172348022,0.9921875,0.0221636099695352,,,
530,0,11,resize,medium,0.5584188706745509,True,0.8478121757507324,0.99267578125,0.0478131670470186,0.8437857627868652,0.99267578125,0.0482833278633887,0.8435988426208496,0.99365234375,0.0482003882388559
531,0,0,move,easy,1.0,False,0.981669306755066,0.9375,0.0530145379638953,0.9857094287872314,0.93701171875,0.0084851825914015,,,
531,0,1,move,medium,1.0,False,0.97408926486969,0.93359375,0.0540529031214057,0.9792691469192504,0.9326171875,0.009019785923807,,,
531,0,2,move,hard,1.0,False,0.9543337225914,0.94384765625,0.0544573785209161,0.9551016092300416,0.94384765625,0.008720042605155,,,
531,0,3,rotate,easy,1.0,False,0.9737302660942078,0.91845703125,0.0450584266293611,0.9737302660942078,0.91845703125,0.0450584266293611,,,
531,0,4,rotate,medium,1.0,False,0.9382213950157166,0.90625,0.0454691107110827,0.9382213950157166,0.90625,0.0454691107110827,,,
531,0,5,rotate,hard,1.0,False,0.831885039806366,0.89697265625,0.0471814975652959,0.831885039806366,0.89697265625,0.0471814975652959,,,
531,0,6,resize,easy,1.1008403361344539,False,0.9720532298088074,0.93212890625,0.0416737121782669,0.9746489524841307,0.93212890625,0.0111621423100364,,,
531,0,7,resize,easy,0.8685606700988195,False,0.9715014100074768,0.90966796875,0.0507188243022491,0.971255898475647,0.90966796875,0.0152180239367586,,,
531,0,8,resize,medium,0.6628786598023609,False,0.913632035255432,0.9052734375,0.0621344542844519,0.912565529346466,0.9052734375,0.0229054485007337,,,
531,0,9,resize,hard,0.4628786598023609,True,0.7423117160797119,0.90478515625,0.0871020431762826,0.7428987622261047,0.90576171875,0.0870296490632129,0.7429414987564087,0.90625,0.0869945963395801
532,0,0,move,easy,1.0,False,0.9641467332839966,0.93896484375,0.0485282459213545,0.9642146825790404,0.939453125,0.0091779129499252,,,
532,0,1,move,medium,1.0,False,0.9501675367355348,0.92431640625,0.0492141777936288,0.9490625858306884,0.92529296875,0.0091752419097586,,,
532,0,2,rotate,easy,1.0,False,0.9274933338165284,0.9541015625,0.042786429101727,0.9274933338165284,0.9541015625,0.042786429101727,,,
532,0,3,rotate,medium,1.0,False,0.870334267616272,0.95263671875,0.0433758852017025,0.870334267616272,0.95263671875,0.0433758852017025,,,
532,0,4,rotate,hard,1.0,False,0.8108447790145874,0.94580078125,0.0462729241636897,0.8108447790145874,0.94580078125,0.0462729241636897,,,
532,0,5,resize,easy,0.8685606700988195,False,0.973169445991516,0.953125,0.0456793448653077,0.9756296873092652,0.953125,0.0126422284109613,,,
532,0,6,resize,medium,0.6628786598023609,False,0.9306487441062928,0.95703125,0.0557629778619838,0.930230677127838,0.95703125,0.0168546836635229,,,
532,0,7,resize,hard,0.4628786598023609,True,0.8271190524101257,0.953125,0.0756201202027427,0.824135959148407,0.95263671875,0.0759940978782116,0.82426917552948,0.9521484375,0.0759733100183218
532,1,0,move,hard,1.0,False,0.881148099899292,0.95361328125,0.0612559490856968,0.9085577130317688,0.95361328125,0.0342704529101346,,,
533,0,0,move,easy,1.0,False,0.971705198287964,0.96044921875,0.0253312407385265,0.9798527956008912,0.96044921875,0.0104483244340604,,,
533,0,1,move,medium,1.0,False,0.9444997310638428,0.95703125,0.0274349663687555,0.9556723833084106,0.95654296875,0.0110865873936602,,,
533,0,2,move,medium,1.0,False,0.9622381925582886,0.95068359375,0.0277419616604172,0.968105673789978,0.951171875,0.0124734161825656,,,
533,0,3,rotate,easy,1.0,False,0.9101487994194032,0.97314453125,0.0224566876321112,0.9101487994194032,0.97314453125,0.0224566876321112,,,
533,0,4,rotate,medium,1.0,False,0.8221359848976135,0.98193359375,0.0238128527977324,0.8221359848976135,0.98193359375,0.0238128527977324,,,
533,0,5,rotate,hard,1.0,False,0.7178674936294556,0.9814453125,0.024701466414635,0.7178674936294556,0.9814453125,0.024701466414635,,,
533,0,6,resize,easy,1.2209712100495413,False,0.9485501646995544,0.97216796875,0.0192972066578595,0.9500508308410645,0.97314453125,0.009835182859268,,,
533,0,7,resize,easy,1.4209712100495413,False,0.9230583310127258,0.96484375,0.0181941236622805,0.9254175424575806,0.9677734375,0.0086603531753785,,,
533,0,8,resize,medium,1.833976833976834,True,0.8860819339752197,0.98193359375,0.0184174886404141,0.8870205283164978,0.98095703125,0.0183928569330405,0.886969804763794,0.9814453125,0.0183880502251835
533,0,9,resize,easy,0.8395143949752294,False,0.9611214399337769,0.9658203125,0.025837205111052,0.9631351232528688,0.9658203125,0.01643211992176,,,
533,0,10,resize,easy,0.7209712100495412,False,0.91758531332016,0.9638671875,0.0275708072506293,0.9224994778633118,0.9638671875,0.0195389564985708,,,
533,0,11,resize,hard,0.5209712100495412,True,0.8059688210487366,0.96337890625,0.039724567848226,0.7961982488632202,0.96533203125,0.0397460362896172,0.7966289520263672,0.9658203125,0.0396765951582038
534,0,0,move,easy,1.0,False,0.9296218752861024,0.982421875,0.0649578790624056,0.939047873020172,0.982421875,0.022042596468575,,,
534,0,1,move,medium,1.0,False,0.9291445016860962,0.97705078125,0.0608559904754962,0.9423402547836304,0.97705078125,0.0205358227553722,,,
534,0,2,move,medium,1.0,False,0.9516102075576782,0.984375,0.0618023665476103,0.959370255470276,0.98388671875,0.0181503580366471,,,
534,0,3,resize,easy,1.2041549603163333,False,0.9298501014709472,0.98486328125,0.0554238494071417,0.9351032972335817,0.98486328125,0.0304451884517544,,,
534,0,4,resize,easy,1.4041549603163332,False,0.8548475503921509,0.98779296875,0.04300121573464,0.8698251247406006,0.98779296875,0.0195012630009958,,,
534,0,5,resize,easy,0.8479225198418334,False,0.930034041404724,0.98291015625,0.0657803307323908,0.935141146183014,0.98291015625,0.0407894484274375,,,
534,0,6,resize,easy,0.7041549603163332,False,0.8897411823272705,0.9814453125,0.0785302474511563,0.8839194774627686,0.9814453125,0.0526485982459381,,,
534,0,7,resize,hard,0.5041549603163332,True,0.7627090215682983,0.9814453125,0.1022707080724808,0.7628072500228882,0.98193359375,0.1020131269929819,0.7627338171005249,0.9814453125,0.1019456324855197
534,1,0,move,easy,1.0,False,0.9533025026321412,0.990234375,0.069012492136823,0.9551677107810974,0.98974609375,0.027008820689559,,,
534,1,1,move,easy,1.0,False,0.980602204799652,0.990234375,0.0700755615138879,0.9801512956619264,0.9892578125,0.0279758708970826,,,
534,1,2,move,hard,1.0,False,0.9536889791488647,0.9853515625,0.0665832928788283,0.9561107158660888,0.9853515625,0.0232524993382607,,,
534,1,3,resize,easy,1.2041549603163333,False,0.96406352519989,0.9892578125,0.0528206449473007,0.9629889726638794,0.9892578125,0.0309041937270301,,,
534,1,4,resize,easy,1.4041549603163332,False,0.940169870853424,0.99072265625,0.0427918261214875,0.9402923583984376,0.99072265625,0.0228868598347925,,,
534,1,5,resize,easy,0.8479225198418334,False,0.9164828658103944,0.9892578125,0.066422235258564,0.919008731842041,0.9892578125,0.0494275860842977,,,
534,1,6,resize,easy,0.7041549603163332,False,0.8884432315826416,0.98779296875,0.0684941937940224,0.8852247595787048,0.98779296875,0.0567614346263,,,
534,1,7,resize,hard,0.5041549603163332,True,0.6341850161552429,0.98681640625,0.1068862883333549,0.6295828819274902,0.98681640625,0.1058322425687613,0.6289856433868408,0.986328125,0.1057294299081165
535,0,0,move,easy,1.0,False,0.945732355117798,0.982421875,0.0182168479225289,0.9540220499038696,0.98291015625,0.0041565161229819,,,
535,0,1,move,medium,1.0,False,0.9674275517463684,0.97705078125,0.0197682304261646,0.9724482893943788,0.9765625,0.0049744912964213,,,
535,0,2,move,hard,1.0,False,0.918306529521942,0.98095703125,0.0211570054036267,0.9362083077430724,0.98095703125,0.0042864828475901,,,
535,0,3,rotate,easy,1.0,False,0.9092801809310912,0.9775390625,0.0192912690435737,0.9092801809310912,0.9775390625,0.0192912690435737,,,
535,0,4,rotate,medium,1.0,False,0.7933821678161621,0.970703125,0.0192741285720605,0.7933821678161621,0.970703125,0.0192741285720605,,,
535,0,5,rotate,hard,1.0,False,0.6771316528320312,0.943359375,0.0209029720239172,0.6771316528320312,0.943359375,0.0209029720239172,,,
535,0,6,resize,easy,1.2041549603163333,False,0.9280946850776672,0.96044921875,0.0161005740203457,0.931736171245575,0.95849609375,0.0045367260683575,,,
535,0,7,resize,medium,1.4684290018892405,False,0.9187631607055664,0.958984375,0.0157370910610227,0.9044768810272216,0.95849609375,0.0033791975316133,,,
535,0,8,resize,hard,1.68503937007874,True,0.8825580477714539,0.97705078125,0.0167389139695588,0.8834220170974731,0.974609375,0.0169705814204163,0.8834890127182007,0.974609375,0.0169693016311617
535,0,9,resize,easy,0.8157854990553798,False,0.9429145455360411,0.982421875,0.0187001942474107,0.9455952644348145,0.982421875,0.0064416103428785,,,
535,0,10,resize,medium,0.7684290018892406,False,0.9286913275718688,0.984375,0.0191573756702235,0.935292661190033,0.984375,0.0072327759435037,,,
535,0,11,resize,hard,0.5684290018892406,True,0.8498673439025879,0.98193359375,0.022816073225569,0.8485440611839294,0.98388671875,0.022612657480678,0.848421037197113,0.9833984375,0.0226051767001354
536,0,0,move,easy,1.0,False,0.9605891108512878,0.97412109375,0.0367918370576969,0.9677515029907228,0.97412109375,0.0058524203001902,,,
536,0,1,move,medium,1.0,False,0.9434190988540648,0.974609375,0.0387995893398719,0.9496488571166992,0.97412109375,0.0067435129080361,,,
536,0,2,move,hard,1.0,False,0.9201840162277222,0.9697265625,0.0385710018252568,0.9328320026397704,0.9697265625,0.0072548143677884,,,
536,0,3,rotate,easy,1.0,False,0.955206036567688,0.96533203125,0.0338007304722816,0.955206036567688,0.96533203125,0.0338007304722816,,,
536,0,4,rotate,medium,1.0,False,0.8015700578689575,0.9697265625,0.0345706264759346,0.8015700578689575,0.9697265625,0.0345706264759346,,,
536,0,5,rotate,hard,1.0,False,0.618179440498352,0.970703125,0.0370601588760369,0.618179440498352,0.970703125,0.0370601588760369,,,
536,0,6,resize,easy,1.2684290018892406,False,0.9374059438705444,0.97802734375,0.0291435196539821,0.9561235904693604,0.97802734375,0.0069473081619378,,,
536,0,7,resize,medium,1.4684290018892405,False,0.9223825931549072,0.97998046875,0.0258735762130517,0.9347250461578368,0.98095703125,0.005784552314799,,,
536,0,8,resize,hard,2.0866141732283463,True,0.831334114074707,0.97265625,0.0237445077429583,0.8314858675003052,0.97314453125,0.0238247628405181,0.8311289548873901,0.9736328125,0.0238206479122512
536,0,9,resize,easy,0.8157854990553798,False,0.9498366713523864,0.96875,0.0369786571102844,0.9527729749679564,0.96875,0.0099634368456671,,,
536,0,10,resize,easy,0.7684290018892406,False,0.9317286014556884,0.9697265625,0.0388062838978943,0.9246963262557985,0.9697265625,0.0106936472220946,,,
536,0,11,resize,medium,0.5684290018892406,True,0.7968764305114746,0.96826171875,0.0480579659726722,0.7959365248680115,0.96923828125,0.0478367032414148,0.7960473895072937,0.96923828125,0.0478600826508883
537,0,0,move,easy,1.0,False,0.9752048850059508,0.962890625,0.0128338713534194,0.9836909770965576,0.962890625,0.0051986024762208,,,
537,0,1,move,medium,1.0,False,0.965996503829956,0.96728515625,0.0131881011212072,0.9725419282913208,0.9677734375,0.0051488522238163,,,
537,0,2,move,hard,1.0,False,0.9379616975784302,0.92529296875,0.0146906052393857,0.947683334350586,0.92529296875,0.0075724002338062,,,
537,0,3,rotate,easy,1.0,False,0.9406903982162476,0.95556640625,0.0123433023309266,0.9406903982162476,0.95556640625,0.0123433023309266,,,
537,0,4,rotate,medium,1.0,False,0.9148964881896972,0.94140625,0.0121738544156589,0.9148964881896972,0.94140625,0.0121738544156589,,,
537,0,5,rotate,hard,1.0,False,0.8719997406005859,0.916015625,0.0139481484691807,0.8719997406005859,0.916015625,0.0139481484691807,,,
537,0,6,resize,easy,1.2381275387372213,False,0.922534704208374,0.96484375,0.0121110713575054,0.9376437664031982,0.96533203125,0.0060441511993186,,,
537,0,7,resize,medium,1.4381275387372212,False,0.928903341293335,0.98291015625,0.0116572843453224,0.9404628276824952,0.98291015625,0.0054913138148609,,,
537,0,8,resize,hard,2.0,True,0.8446071147918701,0.98681640625,0.0116186482985812,0.8458049893379211,0.98828125,0.0117018856219674,0.8459370136260986,0.98779296875,0.011694489937947
537,0,9,resize,easy,0.8309362306313894,False,0.9508362412452698,0.95849609375,0.0136467817930365,0.9433803558349608,0.95849609375,0.0075007448801662,,,
537,0,10,resize,medium,0.7381275387372213,False,0.9209234714508056,0.95068359375,0.0139684092298853,0.9232376217842102,0.95068359375,0.0079705651859199,,,
537,0,11,resize,hard,0.5381275387372212,True,0.8446331024169922,0.955078125,0.0171703029595924,0.8381450176239014,0.95361328125,0.016311387464798,0.8382359743118286,0.95458984375,0.0163334637320101
538,0,0,move,easy,1.0,False,0.974166989326477,0.99072265625,0.0274342272794285,0.9785427451133728,0.9912109375,0.0117403580251877,,,
538,0,1,move,easy,1.0,False,0.9560956954956056,0.984375,0.0276837369716626,0.959534764289856,0.98388671875,0.0112687020581757,,,
538,0,2,move,hard,1.0,False,0.9470027685165404,0.98193359375,0.0282215118902425,0.955918788909912,0.98193359375,0.0117307529072234,,,
538,0,3,rotate,easy,1.0,False,0.935036301612854,0.9833984375,0.0260659380673856,0.935036301612854,0.9833984375,0.0260659380673856,,,
538,0,4,rotate,medium,1.0,False,0.8875302076339722,0.98291015625,0.0275410813454182,0.8875302076339722,0.98291015625,0.0275410813454182,,,
538,0,5,rotate,hard,1.0,False,0.7897464036941528,0.9873046875,0.0313758996421535,0.7897464036941528,0.9873046875,0.0313758996421535,,,
538,0,6,resize,easy,1.2074231542231093,False,0.93794584274292,0.98876953125,0.0252828635453557,0.9428178071975708,0.9892578125,0.0138296920079046,,,
538,0,7,resize,easy,1.4074231542231093,False,0.8978626728057861,0.98291015625,0.0223630882585091,0.9042083024978638,0.98291015625,0.011553209851843,,,
538,0,8,resize,hard,2.3056736566733194,True,0.8363162279129028,0.9853515625,0.0246682976076591,0.8363521099090576,0.9853515625,0.0246889259442715,0.8365432024002075,0.98583984375,0.024693211260635
538,0,9,resize,easy,0.8462884228884454,False,0.9215034246444702,0.9814453125,0.0296572133860697,0.9242305159568788,0.9814453125,0.0181376445030404,,,
538,0,10,resize,easy,0.7074231542231093,False,0.8921176791191101,0.98291015625,0.036132484881489,0.8953533172607422,0.98291015625,0.0243659861796024,,,
538,0,11,resize,hard,0.5074231542231092,True,0.7298150062561035,0.9794921875,0.0470605647076235,0.7372665405273438,0.97998046875,0.0480243068478362,0.7373025417327881,0.9794921875,0.0480395421571892
539,0,0,move,easy,1.0,False,0.985602855682373,0.96533203125,0.0340293970639122,0.9888404607772828,0.96484375,0.0134796979527197,,,
539,0,1,move,medium,1.0,False,0.9581135511398317,0.96435546875,0.0348722425646024,0.9645147919654846,0.96435546875,0.0140590348690259,,,
539,0,2,move,hard,1.0,False,0.963428556919098,0.93896484375,0.0380132870044733,0.9660842418670654,0.93896484375,0.0167039715010666,,,
539,0,3,rotate,easy,1.0,False,0.9638898968696594,0.962890625,0.0329903255106036,0.9638898968696594,0.962890625,0.0329903255106036,,,
539,0,4,rotate,medium,1.0,False,0.9317494034767152,0.96875,0.033394588206137,0.9317494034767152,0.96875,0.033394588206137,,,
539,0,5,rotate,hard,1.0,False,0.8212043642997742,0.97509765625,0.0326349525172421,0.8212043642997742,0.97509765625,0.0326349525172421,,,
539,0,6,resize,easy,1.2074231542231093,False,0.9689419865608216,0.97509765625,0.0278992820266273,0.9716708660125732,0.9755859375,0.0138524859672608,,,
539,0,7,resize,medium,1.4074231542231093,False,0.9422580003738404,0.97265625,0.0264741863889272,0.9506853818893432,0.9736328125,0.0128496094892766,,,
539,0,8,resize,hard,1.9660377358490566,True,0.8955823183059692,0.97900390625,0.0227701800351574,0.8955056071281433,0.978515625,0.0227986924051922,0.8954454660415649,0.97900390625,0.0227929141073677
539,0,9,resize,easy,0.8745038760123901,False,0.9636292457580566,0.92431640625,0.0369461074497045,0.9661232829093932,0.92431640625,0.0202450955730684,,,
539,0,10,resize,medium,0.6509922479752198,False,0.8794246912002563,0.9453125,0.0478224974200206,0.8745468854904175,0.9453125,0.027635434088941,,,
539,0,11,resize,hard,0.4509922479752198,True,0.5958054065704346,0.93505859375,0.0670562264640955,0.6253677606582642,0.93896484375,0.0656661781710476,0.6257089376449585,0.93896484375,0.0656219043908954
540,0,2,rotate,easy,1.0,False,0.981097400188446,0.9853515625,0.0258346803158262,0.981097400188446,0.9853515625,0.0258346803158262,,,
540,0,3,rotate,medium,1.0,False,0.9692424535751344,0.98876953125,0.0276902971776436,0.9692424535751344,0.98876953125,0.0276902971776436,,,
540,0,4,rotate,hard,1.0,False,0.9500139951705932,0.98876953125,0.0279666968787253,0.9500139951705932,0.98876953125,0.0279666968787253,,,
541,0,0,move,easy,1.0,False,0.9219818115234376,0.98291015625,0.0417996451463817,0.9327541589736938,0.98291015625,0.0214007298652091,,,
541,0,1,move,easy,1.0,False,0.9305768609046936,0.98046875,0.0392239693686779,0.9332352876663208,0.97998046875,0.0186439255415805,,,
541,0,2,rotate,easy,1.0,False,0.9317424297332764,0.98046875,0.0323438848593777,0.9317424297332764,0.98046875,0.0323438848593777,,,
541,0,3,rotate,easy,1.0,False,0.9128479957580566,0.98291015625,0.0359555923530181,0.9128479957580566,0.98291015625,0.0359555923530181,,,
541,0,4,rotate,hard,1.0,False,0.8595699667930603,0.9853515625,0.0371860774230215,0.8595699667930603,0.9853515625,0.0371860774230215,,,
541,0,5,resize,easy,1.156722329446482,False,0.9419279098510742,0.97314453125,0.0331586050985814,0.9451467394828796,0.97314453125,0.0193478181698196,,,
541,0,6,resize,easy,1.3567223294464819,False,0.9204695224761964,0.9755859375,0.0304157549670074,0.9197694063186646,0.9755859375,0.0168026072867041,,,
541,0,7,resize,hard,1.9254174708486134,True,0.8855856657028198,0.96337890625,0.0274290887592991,0.8841384649276733,0.96240234375,0.0279569005758962,0.8840652108192444,0.9619140625,0.0279541517620144
541,0,8,resize,easy,0.8716388352767591,False,0.911879539489746,0.98876953125,0.0354509958481372,0.9282724857330322,0.98876953125,0.0227974744928023,,,
541,0,9,resize,medium,0.6567223294464818,False,0.8564053773880005,0.98828125,0.0409499420300933,0.8460116982460022,0.98828125,0.0294650205761316,,,
541,0,10,resize,hard,0.4567223294464818,True,0.7344115972518921,0.98876953125,0.0578715696805037,0.7307149171829224,0.9892578125,0.0560771677091889,0.7300023436546326,0.98876953125,0.0561164816803914
542,0,0,move,easy,1.0,False,0.9742274284362792,0.92822265625,0.0331834057280777,0.9772083163261414,0.92919921875,0.0151242436099616,,,
542,0,1,move,easy,1.0,False,0.9783769845962524,0.90283203125,0.0334866863496053,0.9779053330421448,0.90283203125,0.0149490206618157,,,
542,0,2,move,hard,1.0,False,0.962172508239746,0.93798828125,0.0345493542441501,0.9642176628112792,0.9384765625,0.0147913200084844,,,
542,0,3,rotate,easy,1.0,False,0.9003034830093384,0.9765625,0.0358056896076982,0.9003034830093384,0.9765625,0.0358056896076982,,,
542,0,4,rotate,medium,1.0,False,0.8573349714279175,0.96533203125,0.0351673902118205,0.8573349714279175,0.96533203125,0.0351673902118205,,,
542,0,5,rotate,hard,1.0,False,0.774488627910614,0.9677734375,0.0408410758719373,0.774488627910614,0.9677734375,0.0408410758719373,,,
542,0,6,resize,easy,1.2797802655882111,False,0.9489002227783204,0.96240234375,0.0264677468693588,0.9485903978347778,0.96142578125,0.0155573047084859,,,
542,0,7,resize,easy,1.479780265588211,False,0.9261845350265504,0.95849609375,0.0252296537934313,0.9281230568885804,0.9580078125,0.0143577462866938,,,
542,0,8,resize,medium,1.6970954356846473,True,0.8987281322479248,0.962890625,0.0248481435175775,0.8976200222969055,0.96337890625,0.0261959817140365,0.8975639343261719,0.962890625,0.0261800598506948
542,0,9,resize,easy,0.8101098672058945,False,0.9618903398513794,0.94677734375,0.0357587356612381,0.9618969559669496,0.94677734375,0.0235432540112423,,,
542,0,10,resize,easy,0.7797802655882111,False,0.9474077224731444,0.95166015625,0.0377569447817662,0.948544442653656,0.95166015625,0.0259654690392534,,,
542,0,11,resize,medium,0.5797802655882112,True,0.8935448527336121,0.94677734375,0.0484557028749908,0.8950026035308838,0.94921875,0.0472791142738567,0.8952071666717529,0.94921875,0.0472893420584203
543,0,0,move,easy,1.0,False,0.984760582447052,0.98291015625,0.0283340186967129,0.9894723892211914,0.98388671875,0.0040373547231212,,,
543,0,1,move,medium,1.0,False,0.9523071646690368,0.98291015625,0.0309244987574764,0.955014705657959,0.9833984375,0.0049055246738879,,,
543,0,2,move,hard,1.0,False,0.9622533321380616,0.982421875,0.0294891381998971,0.9664086103439332,0.982421875,0.0043649422924034,,,
543,0,3,rotate,easy,1.0,False,0.9445455074310304,0.98681640625,0.0257053307710006,0.9445455074310304,0.98681640625,0.0257053307710006,,,
543,0,4,rotate,medium,1.0,False,0.9109456539154052,0.9853515625,0.0258242678148205,0.9109456539154052,0.9853515625,0.0258242678148205,,,
543,0,5,rotate,hard,1.0,False,0.7655470371246338,0.9580078125,0.0281759350663595,0.7655470371246338,0.9580078125,0.0281759350663595,,,
543,0,6,resize,easy,1.182571154381374,False,0.973379611968994,0.98876953125,0.0257362865108378,0.9702611565589904,0.98876953125,0.0057855369077951,,,
543,0,7,resize,medium,1.382571154381374,False,0.9556840658187866,0.9755859375,0.022979605852065,0.9532160758972168,0.9765625,0.0047846478206617,,,
543,0,8,resize,medium,1.5476190476190477,True,0.9234155416488647,0.94873046875,0.022626984647445,0.9233959913253784,0.94921875,0.0226018868673031,0.9234963655471802,0.94970703125,0.0226072842393766
543,0,9,resize,easy,0.8587144228093131,False,0.963375210762024,0.98193359375,0.0274773263730927,0.9590463042259216,0.98193359375,0.006201458788343,,,
543,0,10,resize,medium,0.6825711543813738,False,0.9138829708099364,0.98095703125,0.0322135729766671,0.9198815822601318,0.98095703125,0.0084687094404246,,,
543,0,11,resize,hard,0.48257115438137377,True,0.8079618215560913,0.97998046875,0.0432262121983209,0.8084880113601685,0.9814453125,0.0436242443801745,0.8084632754325867,0.9814453125,0.0436147280182383
544,0,0,move,medium,1.0,False,0.9774430990219116,0.97314453125,0.0479941067612686,0.9796575307846068,0.96728515625,0.0065521903666607,,,
544,0,1,move,medium,1.0,False,0.9730349779129028,0.96240234375,0.0493382781662364,0.9819135665893556,0.96240234375,0.0072649630003577,,,
544,0,2,move,hard,1.0,False,0.9676106572151184,0.97119140625,0.0485808152917707,0.97150981426239,0.97119140625,0.0066209692895685,,,
544,0,3,rotate,medium,1.0,False,0.9784515500068665,0.98046875,0.0433584652411526,0.9784515500068665,0.98046875,0.0433584652411526,,,
544,0,4,rotate,medium,1.0,False,0.9587883949279784,0.97314453125,0.0454031984932717,0.9587883949279784,0.97314453125,0.0454031984932717,,,
544,0,5,rotate,hard,1.0,False,0.885799765586853,0.97607421875,0.0448004500777586,0.885799765586853,0.97607421875,0.0448004500777586,,,
544,0,6,resize,easy,1.145054945054945,False,0.9762556552886964,0.970703125,0.0397347269624049,0.9792089462280272,0.97265625,0.0080882276185962,,,
544,0,7,resize,easy,0.8587144228093131,False,0.9784159660339355,0.9609375,0.048263919024053,0.9772878885269164,0.9609375,0.0113974223897037,,,
544,0,8,resize,medium,0.6825711543813738,False,0.9452513456344604,0.96337890625,0.058165129702525,0.9365723133087158,0.96337890625,0.0152605816439048,,,
544,0,9,resize,hard,0.48257115438137377,True,0.8675756454467773,0.962890625,0.0705126176473052,0.8662198781967163,0.96337890625,0.0705684189355657,0.8662330508232117,0.962890625,0.0705718695452638
545,0,0,move,easy,1.0,False,0.97304105758667,0.9619140625,0.0465725966734554,0.976673424243927,0.9619140625,0.0103685594005442,,,
545,0,1,move,easy,1.0,False,0.953602969646454,0.95263671875,0.0463915305947668,0.963359832763672,0.9521484375,0.0100512070260684,,,
545,0,2,move,hard,1.0,False,0.9400357007980348,0.97412109375,0.0487910965182791,0.9476785063743592,0.97412109375,0.0116925297726452,,,
545,0,3,rotate,easy,1.0,False,0.9447450637817384,0.97216796875,0.0425240838941435,0.9447450637817384,0.97216796875,0.0425240838941435,,,
545,0,4,rotate,easy,1.0,False,0.9065768718719482,0.955078125,0.0441391121162135,0.9065768718719482,0.955078125,0.0441391121162135,,,
545,0,5,rotate,medium,1.0,False,0.8238710165023804,0.94287109375,0.0447335402343131,0.8238710165023804,0.94287109375,0.0447335402343131,,,
545,0,6,resize,easy,1.107363197819758,False,0.963515043258667,0.9794921875,0.0396562788408991,0.9665747880935668,0.9794921875,0.0132747312717924,,,
545,0,7,resize,easy,1.307363197819758,False,0.9447335600852966,0.9521484375,0.0359746638021505,0.9410895109176636,0.95263671875,0.0107905536009365,,,
545,0,8,resize,medium,1.5552239836481851,True,0.930430233478546,0.95361328125,0.0335485739554537,0.9309360980987548,0.95751953125,0.0334620103127391,0.9308431148529052,0.95751953125,0.0334627190657332
545,0,9,resize,easy,0.8963184010901211,False,0.9502567648887634,0.93359375,0.0440425341586229,0.959175944328308,0.93359375,0.0166147542166241,,,
545,0,10,resize,medium,0.607363197819758,False,0.7975467443466187,0.91796875,0.0559482648226405,0.8022904992103577,0.91796875,0.0275069741047911,,,
545,0,11,resize,hard,0.40736319781975805,True,0.5048685669898987,0.923828125,0.0814126918302748,0.5035261511802673,0.92236328125,0.08115103051831,0.5029945373535156,0.9228515625,0.0811415358709174
546,0,0,move,medium,1.0,False,0.9600566029548644,0.93701171875,0.104622808866261,0.9763484597206116,0.939453125,0.0166073587539603,,,
546,0,1,move,medium,1.0,False,0.9557886123657228,0.95654296875,0.1042283139828937,0.9667291641235352,0.95556640625,0.0167936812964435,,,
546,0,2,rotate,medium,1.0,False,0.9430201649665833,0.9306640625,0.08148165360224,0.9430201649665833,0.9306640625,0.08148165360224,,,
546,0,3,rotate,medium,1.0,False,0.9324929118156432,0.94287109375,0.0817127960712594,0.9324929118156432,0.94287109375,0.0817127960712594,,,
546,0,4,rotate,hard,1.0,False,0.9254146814346312,0.95947265625,0.0831330438116562,0.9254146814346312,0.95947265625,0.0831330438116562,,,
546,0,5,resize,medium,1.1537233128826982,False,0.9388012886047364,0.97802734375,0.074618829412574,0.950443148612976,0.978515625,0.01950421798735,,,
546,0,6,resize,medium,0.8731383435586509,False,0.93465918302536,0.939453125,0.0859542199672387,0.9378308057785034,0.939453125,0.0289869311257213,,,
546,0,7,resize,hard,0.6537233128826981,False,0.8814107179641724,0.9365234375,0.0971724129753061,0.8847640752792358,0.93408203125,0.0420486848871166,,,
546,0,8,resize,hard,0.4537233128826981,True,0.7604484558105469,0.93701171875,0.1079027179841001,0.7532559633255005,0.93798828125,0.108367707693087,0.7533884644508362,0.93798828125,0.1083495062062138
547,0,0,move,easy,1.0,False,0.983420729637146,0.97802734375,0.0529099459037052,0.9857172966003418,0.974609375,0.0051518970391037,,,
547,0,1,move,medium,1.0,False,0.9704972505569458,0.962890625,0.0543754895540403,0.971211314201355,0.96240234375,0.0060013592863471,,,
547,0,2,move,hard,1.0,False,0.9489113092422484,0.94482421875,0.0540425010868787,0.9541892409324646,0.94482421875,0.0063229286475559,,,
547,0,3,rotate,easy,1.0,False,0.9329367876052856,0.97119140625,0.0466304773789434,0.9329367876052856,0.97119140625,0.0466304773789434,,,
547,0,4,rotate,medium,1.0,False,0.825268030166626,0.95849609375,0.0479427440063829,0.825268030166626,0.95849609375,0.0479427440063829,,,
547,0,5,rotate,hard,1.0,False,0.7569623589515686,0.98193359375,0.0572762391526008,0.7569623589515686,0.98193359375,0.0572762391526008,,,
547,0,6,resize,easy,1.1537233128826982,False,0.9738091230392456,0.9619140625,0.0417055285002843,0.9731656312942504,0.96240234375,0.0075761987963502,,,
547,0,7,resize,easy,1.3537233128826982,False,0.934962809085846,0.94775390625,0.0404918186821299,0.9381243586540222,0.9462890625,0.0070469428593461,,,
547,0,8,resize,hard,1.8,True,0.8601105213165283,0.9765625,0.0424337441565124,0.860661506652832,0.97705078125,0.0424548532422461,0.8606605529785156,0.9775390625,0.0424495160990135
547,0,9,resize,easy,0.8731383435586509,False,0.9643093347549438,0.96728515625,0.0542115403824329,0.9617138504981996,0.96728515625,0.0097858697889024,,,
547,0,10,resize,medium,0.6537233128826981,False,0.8518654108047485,0.96728515625,0.0688583494865609,0.8404984474182129,0.96728515625,0.0167888296469599,,,
547,0,11,resize,hard,0.4537233128826981,True,0.6882794499397278,0.96630859375,0.0892601458541302,0.6876161098480225,0.96533203125,0.0877492991634476,0.6876304149627686,0.9658203125,0.0877528603813396
548,0,0,move,easy,1.0,False,0.9752414226531982,0.9580078125,0.0263559513015018,0.9768150448799132,0.9580078125,0.0083081975556648,,,
548,0,1,move,medium,1.0,False,0.9747886061668396,0.9736328125,0.0265387334838682,0.9809218645095824,0.97265625,0.0077265709376903,,,
548,0,2,move,hard,1.0,False,0.9710531234741212,0.98046875,0.0260521845856179,0.9753541946411132,0.98095703125,0.0077056848242446,,,
548,0,3,rotate,easy,1.0,False,0.9396885633468628,0.978515625,0.023240720176618,0.9396885633468628,0.978515625,0.023240720176618,,,
548,0,4,rotate,medium,1.0,False,0.9067413806915284,0.95849609375,0.02436073794402,0.9067413806915284,0.95849609375,0.02436073794402,,,
548,0,5,rotate,hard,1.0,False,0.8018707036972046,0.96533203125,0.0246104810633617,0.8018707036972046,0.96533203125,0.0246104810633617,,,
548,0,6,resize,easy,0.8594980318836467,False,0.9602962732315063,0.978515625,0.0253416359317578,0.9645230770111084,0.97802734375,0.0117957610475838,,,
548,0,7,resize,medium,0.6810039362327067,False,0.8437554836273193,0.97705078125,0.0284690168858204,0.8510681390762329,0.97705078125,0.0147524969918555,,,
548,0,8,resize,hard,0.48100393623270676,True,0.7153060436248779,0.97607421875,0.0391489525026402,0.7139195799827576,0.97607421875,0.0393378870775436,0.7141059637069702,0.97607421875,0.0393248869921145
549,0,0,move,medium,1.0,False,0.9700336456298828,0.978515625,0.0375936358336626,0.9761362075805664,0.9775390625,0.0052785849466816,,,
549,0,1,move,medium,1.0,False,0.9863853454589844,0.97509765625,0.0383523689488483,0.9911644458770752,0.974609375,0.0054954433831092,,,
549,0,2,move,hard,1.0,False,0.9454891085624696,0.9775390625,0.0388049263596201,0.9536857604980468,0.9775390625,0.006056362159017,,,
549,0,3,rotate,medium,1.0,False,0.964457869529724,0.96728515625,0.0333645193542164,0.964457869529724,0.96728515625,0.0333645193542164,,,
549,0,4,rotate,medium,1.0,False,0.94590026140213,0.97216796875,0.0332627649114807,0.94590026140213,0.97216796875,0.0332627649114807,,,
549,0,5,rotate,hard,1.0,False,0.8315131664276123,0.97607421875,0.03500077356524,0.8315131664276123,0.97607421875,0.03500077356524,,,
549,0,6,resize,medium,1.1810039362327067,False,0.9639118313789368,0.978515625,0.0306439162103893,0.9650120139122008,0.978515625,0.0072707269267358,,,
549,0,7,resize,medium,1.3810039362327067,False,0.9533308148384094,0.9833984375,0.0282253753727311,0.94913911819458,0.984375,0.0061393283631693,,,
549,0,8,resize,easy,0.8594980318836467,False,0.95425283908844,0.96484375,0.0370962356886391,0.9588910341262816,0.96484375,0.0100286273162059,,,
549,0,9,resize,medium,0.6810039362327067,False,0.8860191702842712,0.9658203125,0.0418836666603319,0.9006943702697754,0.9658203125,0.0132571122835177,,,
549,0,10,resize,hard,0.48100393623270676,True,0.7307603359222412,0.96435546875,0.0516941516915103,0.7309576272964478,0.96435546875,0.0520056388568499,0.7305158376693726,0.96435546875,0.051991649326497
550,0,0,move,easy,1.0,False,0.9800354242324828,0.95751953125,0.030538847760405,0.9810264110565186,0.9580078125,0.008860321998715,,,
550,0,1,move,medium,1.0,False,0.9638988971710204,0.97216796875,0.0277105922209839,0.967129409313202,0.97265625,0.0078174970951575,,,
550,0,2,move,hard,1.0,False,0.9458776116371156,0.97119140625,0.031388725250471,0.9482204914093018,0.97119140625,0.0088439790025852,,,
550,0,3,rotate,easy,1.0,False,0.965389370918274,0.9560546875,0.0277398595252776,0.965389370918274,0.9560546875,0.0277398595252776,,,
550,0,4,rotate,medium,1.0,False,0.9384361505508424,0.96533203125,0.0262247162763296,0.9384361505508424,0.96533203125,0.0262247162763296,,,
550,0,5,rotate,hard,1.0,False,0.8654035329818726,0.96826171875,0.0288679361696628,0.8654035329818726,0.96826171875,0.0288679361696628,,,
550,0,6,resize,easy,1.1936876176009608,False,0.968265414237976,0.96337890625,0.025876552834451,0.9701677560806274,0.96337890625,0.0103772454380126,,,
550,0,7,resize,medium,1.3936876176009607,False,0.9307383894920348,0.95556640625,0.0234457518063484,0.935959815979004,0.9541015625,0.0080506389440445,,,
550,0,8,resize,hard,1.8148148148148149,True,0.8846248984336853,0.947265625,0.0204576161378535,0.8847468495368958,0.947265625,0.0204703984824144,0.8846304416656494,0.947265625,0.020466652640265
550,0,9,resize,easy,0.8531561911995197,False,0.9597662687301636,0.9580078125,0.0296995938770208,0.9575095772743224,0.9580078125,0.0129953051965925,,,
550,0,10,resize,medium,0.6936876176009608,False,0.9344992637634276,0.958984375,0.0354727963608841,0.9350777864456176,0.958984375,0.0180180273904671,,,
550,0,11,resize,hard,0.4936876176009607,True,0.8143056631088257,0.95947265625,0.0435597860089922,0.8128295540809631,0.958984375,0.0429430448637187,0.8131387233734131,0.958984375,0.0429125334896612
551,0,0,move,easy,1.0,False,0.9821206331253052,0.9853515625,0.0301489461287595,0.985108494758606,0.9853515625,0.0062266393552629,,,
551,0,1,move,medium,1.0,False,0.958492875099182,0.97900390625,0.0326133473581082,0.9626685380935668,0.9794921875,0.0076963887882326,,,
551,0,2,move,hard,1.0,False,0.9334343671798706,0.98681640625,0.0379956902336567,0.9351081848144532,0.98681640625,0.011515078310585,,,
551,0,3,rotate,easy,1.0,False,0.95097154378891,0.98876953125,0.0287143062023988,0.95097154378891,0.98876953125,0.0287143062023988,,,
551,0,4,rotate,medium,1.0,False,0.9011746644973756,0.98828125,0.0295422403293859,0.9011746644973756,0.98828125,0.0295422403293859,,,
551,0,5,rotate,hard,1.0,False,0.7846106290817261,0.97412109375,0.0303966863952973,0.7846106290817261,0.97412109375,0.0303966863952973,,,
551,0,6,resize,easy,1.1936876176009608,False,0.9662857055664062,0.92431640625,0.0273974487359429,0.9682191014289856,0.92626953125,0.0101262726813201,,,
551,0,7,resize,medium,1.3936876176009607,False,0.9557905197143556,0.935546875,0.0273241309812376,0.9564026594161988,0.939453125,0.0083693002424827,,,
551,0,8,resize,hard,1.9565217391304348,True,0.9129874110221864,0.92138671875,0.0255982594749547,0.9119952917099,0.91552734375,0.0255195695577877,0.91200190782547,0.91650390625,0.0255002065958881
551,0,9,resize,easy,0.8531561911995197,False,0.9563341736793518,0.9912109375,0.0299946073038676,0.96055805683136,0.9912109375,0.0124786700892311,,,
551,0,10,resize,medium,0.6936876176009608,False,0.9200290441513062,0.9921875,0.035024712905745,0.9176019430160522,0.9921875,0.0168758833837375,,,
551,0,11,resize,hard,0.4936876176009607,True,0.8316540718078613,0.9912109375,0.0534893693972978,0.8293561339378357,0.9912109375,0.052983027202976,0.8293095231056213,0.9912109375,0.0530016275284817
552,0,0,move,easy,1.0,False,0.9594805836677552,0.98974609375,0.0343254186613841,0.9792069792747498,0.98974609375,0.0072422763929394,,,
552,0,1,move,easy,1.0,False,0.9598622918128968,0.990234375,0.0368157584206117,0.9680259823799132,0.990234375,0.0070204118441888,,,
552,0,2,move,hard,1.0,False,0.9453186988830566,0.91455078125,0.0369554650672242,0.973418653011322,0.9150390625,0.0080688231014264,,,
552,0,3,rotate,easy,1.0,False,0.8918501734733582,0.990234375,0.0264428805865307,0.8918501734733582,0.990234375,0.0264428805865307,,,
552,0,4,rotate,medium,1.0,False,0.8303834199905396,0.98046875,0.0302272107252815,0.8303834199905396,0.98046875,0.0302272107252815,,,
552,0,5,rotate,hard,1.0,False,0.7584129571914673,0.97314453125,0.030118959141916,0.7584129571914673,0.97314453125,0.030118959141916,,,
552,0,6,resize,easy,1.2541780973446148,False,0.9585005044937134,0.9853515625,0.0235697798557894,0.9632242918014526,0.98583984375,0.0066702334031657,,,
552,0,7,resize,medium,1.4541780973446148,False,0.9259438514709472,0.9873046875,0.0241311035280672,0.9258874654769896,0.9873046875,0.0062462523028345,,,
552,0,8,resize,hard,2.6563357300846113,True,0.782800018787384,0.97265625,0.0191247025682054,0.7837992906570435,0.97119140625,0.0192067463084466,0.7837092280387878,0.9716796875,0.0192130931134045
552,0,9,resize,easy,0.8229109513276927,False,0.9555501341819764,0.9912109375,0.0255686093989929,0.9612959623336792,0.9912109375,0.0107625949280684,,,
552,0,10,resize,easy,0.7541780973446148,False,0.9410303831100464,0.99072265625,0.0267961824397039,0.94195556640625,0.99072265625,0.0128154841400663,,,
552,0,11,resize,medium,0.5541780973446149,True,0.8974517583847046,0.9912109375,0.0298033254723131,0.8985042572021484,0.99072265625,0.0293850645584727,0.8984721899032593,0.99072265625,0.0293594820916522
553,0,0,move,easy,1.0,False,0.9568957090377808,0.97900390625,0.0470690700287358,0.965830147266388,0.9794921875,0.0076461711317562,,,
553,0,3,rotate,medium,1.0,False,0.9257456660270692,0.97021484375,0.0437616246240883,0.9257456660270692,0.97021484375,0.0437616246240883,,,
553,0,6,resize,medium,1.2453898871652243,False,0.9339699745178224,0.95849609375,0.0368812316885242,0.9360406398773192,0.9599609375,0.0091991775522835,,,
553,0,7,resize,medium,1.4453898871652244,False,0.9064161777496338,0.97216796875,0.0364972883445218,0.919787347316742,0.97265625,0.0077665905959454,,,
554,0,0,move,easy,1.0,False,0.982629895210266,0.9775390625,0.0233343446331486,0.9853478074073792,0.97802734375,0.0099732604951557,,,
554,0,1,move,easy,1.0,False,0.9795011281967164,0.98046875,0.0283355757139269,0.9850406050682068,0.98046875,0.0134336272250517,,,
554,0,2,move,medium,1.0,False,0.9500362873077391,0.97802734375,0.0277487144350599,0.9543495178222656,0.978515625,0.0132129241042542,,,
554,0,3,rotate,easy,1.0,False,0.9286752939224244,0.98583984375,0.0255685217052361,0.9286752939224244,0.98583984375,0.0255685217052361,,,
554,0,4,rotate,medium,1.0,False,0.8676109910011292,0.98974609375,0.0273234706982846,0.8676109910011292,0.98974609375,0.0273234706982846,,,
554,0,5,rotate,hard,1.0,False,0.655835747718811,0.984375,0.0294990151669513,0.655835747718811,0.984375,0.0294990151669513,,,
554,0,6,resize,easy,1.265054685254529,False,0.9525668621063232,0.98779296875,0.0250369981051437,0.956676721572876,0.98779296875,0.0131979886554512,,,
554,0,7,resize,medium,1.465054685254529,False,0.9136198163032532,0.98046875,0.0247317946408208,0.9260956048965454,0.98095703125,0.012018098489615,,,
554,0,8,resize,hard,2.43979057591623,True,0.8167413473129272,0.9609375,0.0195918935787798,0.8148946166038513,0.9599609375,0.0197095273850547,0.8151057958602905,0.96044921875,0.0196589003244433
554,0,9,resize,easy,0.8697298089485852,False,0.9666558504104614,0.98828125,0.0298939500503358,0.9693580269813538,0.98828125,0.0189833709330821,,,
554,0,10,resize,medium,0.6605403821028295,False,0.9252520203590392,0.98193359375,0.0344567059414444,0.9246560335159302,0.98193359375,0.0246309064292311,,,
554,0,11,resize,hard,0.46054038210282955,True,0.7957329750061035,0.9755859375,0.0455553811085525,0.7970288991928101,0.97314453125,0.0454626334519573,0.7972309589385986,0.97314453125,0.0454353034214872
555,0,0,move,easy,1.0,False,0.9841631054878236,0.9794921875,0.0583369678706897,0.9862781763076782,0.98095703125,0.0122439206046004,,,
555,0,1,move,medium,1.0,False,0.9659093618392944,0.96533203125,0.0595678904367741,0.9742835760116576,0.97216796875,0.0122569038717346,,,
555,0,2,move,hard,1.0,False,0.965752899646759,0.97509765625,0.0614508917638662,0.9743751287460328,0.97509765625,0.0145781099006352,,,
555,0,3,rotate,easy,1.0,False,0.9711724519729614,0.9765625,0.0494661373227316,0.9711724519729614,0.9765625,0.0494661373227316,,,
555,0,4,rotate,medium,1.0,False,0.9441021680831908,0.97119140625,0.0472537437112491,0.9441021680831908,0.97119140625,0.0472537437112491,,,
555,0,5,rotate,hard,1.0,False,0.9240329265594482,0.98291015625,0.0472632176136407,0.9240329265594482,0.98291015625,0.0472632176136407,,,
555,0,6,resize,easy,1.1605403821028297,False,0.964724063873291,0.98681640625,0.0424921296362426,0.9626043438911438,0.98583984375,0.0151477178434012,,,
555,0,7,resize,medium,1.3605403821028297,False,0.9463210701942444,0.9833984375,0.0405888337664383,0.9416418671607972,0.984375,0.0133103603958316,,,
555,0,8,resize,hard,1.70846394984326,True,0.8995903730392456,0.97900390625,0.0370192235397269,0.8998950719833374,0.98046875,0.0369818138345281,0.899774968624115,0.98046875,0.0369736215309523
555,0,9,resize,easy,0.8697298089485852,False,0.9581725597381592,0.97021484375,0.0504485477000247,0.968676209449768,0.97021484375,0.0211646015396336,,,
555,0,10,resize,medium,0.6605403821028295,False,0.8955066204071045,0.97412109375,0.0651533605478596,0.9106099009513856,0.97412109375,0.0355337839345066,,,
555,0,11,resize,hard,0.46054038210282955,True,0.6196649670600891,0.97509765625,0.0838056791343988,0.6112694144248962,0.9755859375,0.0841971036780725,0.6119171977043152,0.9755859375,0.0842913897585178
556,0,0,move,medium,1.0,False,0.9917497634887696,0.9453125,0.0334956254887207,0.996935248374939,0.947265625,0.0036216601012112,,,
556,0,1,move,hard,1.0,False,0.967892050743103,0.962890625,0.0333812648460437,0.9712880849838256,0.962890625,0.003698306260051,,,
556,0,2,rotate,medium,1.0,False,0.9584506750106812,0.96044921875,0.0293086305620631,0.9584506750106812,0.96044921875,0.0293086305620631,,,
556,0,3,rotate,hard,1.0,False,0.8593999147415161,0.95703125,0.0302110228517948,0.8593999147415161,0.95703125,0.0302110228517948,,,
556,0,4,rotate,hard,1.0,False,0.7302402257919312,0.9560546875,0.0323866845291131,0.7302402257919312,0.9560546875,0.0323866845291131,,,
556,0,5,resize,medium,1.16704899053063,False,0.9697977304458618,0.97021484375,0.0254007490804423,0.9685978293418884,0.97216796875,0.0044031154939665,,,
556,0,6,resize,medium,1.36704899053063,False,0.956296682357788,0.9755859375,0.0239088175930309,0.9578884840011596,0.9765625,0.0032658284185476,,,
556,0,7,resize,hard,1.7353760445682451,True,0.9227373003959656,0.98046875,0.0227406671960071,0.9227521419525146,0.98046875,0.022717695816258,0.922745406627655,0.98095703125,0.0227066641062203
556,0,8,resize,medium,0.866475504734685,False,0.9638146758079528,0.955078125,0.032053617526769,0.965505599975586,0.955078125,0.0070866019829746,,,
556,0,9,resize,hard,0.6670489905306299,False,0.9188995361328124,0.95751953125,0.0409380973185234,0.9167177081108092,0.95751953125,0.0111258812633058,,,
556,0,10,resize,hard,0.46704899053062987,True,0.6861141324043274,0.95703125,0.0513539835802384,0.6879942417144775,0.95703125,0.0518759463428367,0.6876575946807861,0.95654296875,0.0518380714938499
557,0,0,move,easy,1.0,False,0.9805440306663512,0.927734375,0.0609033217806896,0.9885814785957336,0.92626953125,0.014949264759833,,,
557,0,1,move,medium,1.0,False,0.9527854323387146,0.93505859375,0.0608687645576977,0.9516668319702148,0.93505859375,0.0149981225155701,,,
557,0,2,rotate,easy,1.0,False,0.9609510898590088,0.92724609375,0.0532258679478718,0.9609510898590088,0.92724609375,0.0532258679478718,,,
557,0,3,rotate,medium,1.0,False,0.9424713850021362,0.9296875,0.052889957015943,0.9424713850021362,0.9296875,0.052889957015943,,,
557,0,4,rotate,hard,1.0,False,0.9291235208511353,0.9501953125,0.0538456015271984,0.9291235208511353,0.9501953125,0.0538456015271984,,,
557,0,5,resize,easy,1.16704899053063,False,0.9525461792945862,0.93408203125,0.0476642373455303,0.951945185661316,0.935546875,0.0170270840744468,,,
557,0,6,resize,medium,1.36704899053063,False,0.9332687854766846,0.9619140625,0.0427991063767239,0.943489670753479,0.9638671875,0.0141167851417815,,,
557,0,7,resize,medium,1.5070422535211268,True,0.9192470908164978,0.9423828125,0.0407693937371253,0.9193415641784668,0.94091796875,0.0410276885959597,0.91938716173172,0.94091796875,0.0410235729991012
557,0,8,resize,easy,0.866475504734685,False,0.9383903741836548,0.92529296875,0.0588470999858001,0.9417099952697754,0.92529296875,0.0223697011960245,,,
557,0,9,resize,medium,0.6670489905306299,False,0.8838624954223633,0.90869140625,0.0740217044624802,0.8680139780044556,0.90869140625,0.0318462068999014,,,
557,0,10,resize,hard,0.46704899053062987,True,0.720199704170227,0.91455078125,0.1020397685761111,0.7253031730651855,0.9111328125,0.1030060093859631,0.7249345779418945,0.91064453125,0.1030225960810642
558,0,0,move,medium,1.0,False,0.9846985340118408,0.94970703125,0.0483814377060484,0.9855138659477234,0.9521484375,0.0062645464542983,,,
558,0,1,move,hard,1.0,False,0.9557359218597412,0.943359375,0.0495234631581408,0.9597870707511902,0.94677734375,0.0067118849457257,,,
558,0,2,move,hard,1.0,False,0.9683524966239928,0.92919921875,0.0489950489334468,0.9715059995651244,0.93310546875,0.005649151753576,,,
558,0,3,rotate,easy,1.0,False,0.9565201997756958,0.9658203125,0.0437504451069684,0.9565201997756958,0.9658203125,0.0437504451069684,,,
558,0,4,rotate,medium,1.0,False,0.8906711339950562,0.9287109375,0.0437443244672683,0.8906711339950562,0.9287109375,0.0437443244672683,,,
558,0,5,rotate,hard,1.0,False,0.8438721299171448,0.96240234375,0.0458786314737324,0.8438721299171448,0.96240234375,0.0458786314737324,,,
558,0,6,resize,easy,1.1373077706900088,False,0.9566416144371032,0.96533203125,0.0402168248845672,0.9557191133499146,0.9677734375,0.0080059608215688,,,
558,0,7,resize,medium,1.3373077706900087,False,0.9304344058036804,0.9775390625,0.0360927499483355,0.930940330028534,0.9794921875,0.0070788873125257,,,
558,0,8,resize,hard,1.5714285714285714,True,0.9100419878959656,0.9716796875,0.0349025639441356,0.9099811911582948,0.97265625,0.0348760641418788,0.9099682569503784,0.97265625,0.0348605977509984
558,0,9,resize,easy,0.8813461146549957,False,0.9553999900817872,0.95849609375,0.0475366159198598,0.9604931473731996,0.95849609375,0.0096067825151713,,,
558,0,10,resize,hard,0.6373077706900088,False,0.8382101058959961,0.95263671875,0.064997305375716,0.8410193920135498,0.95263671875,0.0176347134083079,,,
558,0,11,resize,hard,0.4373077706900088,True,0.6847414374351501,0.94482421875,0.0894791066803868,0.69352787733078,0.94580078125,0.0880173452786667,0.6934770941734314,0.9453125,0.0880004783168282
559,0,0,move,easy,1.0,False,0.982812523841858,0.9560546875,0.0791897230795453,0.9879541397094728,0.95556640625,0.0223245937099873,,,
559,0,1,move,easy,1.0,False,0.9772467613220216,0.98193359375,0.0846384429793857,0.9844012260437012,0.982421875,0.0260530870735958,,,
559,0,2,rotate,easy,1.0,False,0.9666502475738524,0.99169921875,0.0686717882848057,0.9666502475738524,0.99169921875,0.0686717882848057,,,
559,0,3,rotate,medium,1.0,False,0.923875629901886,0.97998046875,0.0694142957973483,0.923875629901886,0.97998046875,0.0694142957973483,,,
559,0,4,rotate,hard,1.0,False,0.7844420075416565,0.98046875,0.0710835058661145,0.7844420075416565,0.98046875,0.0710835058661145,,,
559,0,5,resize,easy,1.2707745051544581,False,0.9525301456451416,0.96142578125,0.0556551286588481,0.9596174955368042,0.95947265625,0.0227662535930119,,,
559,0,6,resize,medium,1.470774505154458,False,0.930805802345276,0.93115234375,0.0535633894918785,0.939778447151184,0.927734375,0.0212064346435741,,,
559,0,7,resize,medium,1.635036496350365,True,0.9182799458503724,0.94482421875,0.0514165269753893,0.9184294939041138,0.9453125,0.0513643996103545,0.9183765649795532,0.94580078125,0.0513553257281672
559,0,8,resize,easy,0.814612747422771,False,0.9545299410820008,0.98388671875,0.0780965774936028,0.9580787420272828,0.98388671875,0.0392512654069668,,,
559,0,9,resize,easy,0.7707745051544581,False,0.9290765523910522,0.97998046875,0.0814478586817499,0.936096489429474,0.97998046875,0.0425091548107863,,,
559,0,10,resize,medium,0.5707745051544582,True,0.8622767925262451,0.97216796875,0.1012833686754041,0.862515926361084,0.97216796875,0.1012424216947378,0.8622925281524658,0.97216796875,0.1012270081925099
560,0,0,move,easy,1.0,False,0.99075448513031,0.974609375,0.0462728952654777,0.9942234754562378,0.97412109375,0.0044247571313785,,,
560,0,1,move,medium,1.0,False,0.984179675579071,0.966796875,0.0460272787164028,0.9875920414924622,0.97607421875,0.0042122414137211,,,
560,0,2,move,hard,1.0,False,0.9692889451980592,0.9755859375,0.0516090006886928,0.9733622074127196,0.9755859375,0.0057255779062983,,,
560,0,3,rotate,medium,1.0,False,0.8522407412528992,0.98193359375,0.0393648311428117,0.8522407412528992,0.98193359375,0.0393648311428117,,,
560,0,4,rotate,hard,1.0,False,0.78215092420578,0.9775390625,0.0414356207683834,0.78215092420578,0.9775390625,0.0414356207683834,,,
560,0,5,rotate,hard,1.0,False,0.7228183746337891,0.9599609375,0.044152415412485,0.7228183746337891,0.9599609375,0.044152415412485,,,
560,0,6,resize,medium,1.2707745051544581,False,0.955641269683838,0.9814453125,0.0346384119380796,0.9555364847183228,0.982421875,0.0052194319777998,,,
560,0,7,resize,medium,1.470774505154458,False,0.9364827871322632,0.9755859375,0.0327959042151647,0.9385873079299928,0.9755859375,0.0045675601572593,,,
560,0,8,resize,hard,1.8843537414965987,True,0.8802236318588257,0.97509765625,0.0313424424871385,0.8804765939712524,0.974609375,0.0313692019663217,0.880524754524231,0.9736328125,0.0313600590030416
560,0,9,resize,easy,0.814612747422771,False,0.9623479843139648,0.98046875,0.0467593633259475,0.9648245573043824,0.98046875,0.009076112381949,,,
560,0,10,resize,medium,0.7707745051544581,False,0.9515224695205688,0.98193359375,0.0469951545254719,0.9533878564834596,0.98193359375,0.0092831664843353,,,
560,0,11,resize,hard,0.5707745051544582,True,0.8770968317985535,0.982421875,0.0582107119565007,0.8765401840209961,0.98193359375,0.0584727844646573,0.8764481544494629,0.98193359375,0.0584649806039759
561,0,0,move,easy,1.0,False,0.9536082744598388,0.98193359375,0.0734991703093395,0.9610183238983154,0.97900390625,0.0164274114452212,,,
561,0,1,move,medium,1.0,False,0.940442442893982,0.982421875,0.0746178301934905,0.9475371837615968,0.9833984375,0.0173862447109064,,,
561,0,2,move,medium,1.0,False,0.9449152946472168,0.9638671875,0.074165662481755,0.9545240998268129,0.96435546875,0.0167920791411511,,,
561,0,3,rotate,easy,1.0,False,0.9499838352203368,0.984375,0.0629171365906864,0.9499838352203368,0.984375,0.0629171365906864,,,
561,0,4,rotate,medium,1.0,False,0.9167170524597168,0.93896484375,0.0625724082031888,0.9167170524597168,0.93896484375,0.0625724082031888,,,
561,0,5,rotate,hard,1.0,False,0.7912496328353882,0.9443359375,0.065165297905533,0.7912496328353882,0.9443359375,0.065165297905533,,,
561,0,6,resize,easy,1.2299845753634755,False,0.9382541179656982,0.98388671875,0.0536330902194708,0.941880226135254,0.98291015625,0.017575349980924,,,
561,0,7,resize,easy,0.8350077123182623,False,0.9444149136543274,0.96533203125,0.0703992687659459,0.9468570351600648,0.96533203125,0.0284499673383732,,,
561,0,8,resize,medium,0.7299845753634755,False,0.9117599725723268,0.9814453125,0.0792629323713001,0.9077122807502748,0.9814453125,0.0373030273863378,,,
561,0,9,resize,hard,0.5299845753634755,True,0.7786788940429688,0.96142578125,0.0963047910295616,0.7814410924911499,0.9599609375,0.0967449181507465,0.7811596989631653,0.9599609375,0.0967432691731126
562,0,0,move,medium,1.0,False,0.9445167779922484,0.97900390625,0.0578258293273506,0.9595894813537598,0.97998046875,0.0088442497627931,,,
562,0,1,move,medium,1.0,False,0.9574711322784424,0.98193359375,0.0570470738034901,0.968679130077362,0.98193359375,0.0084906879879512,,,
562,0,2,move,hard,1.0,False,0.9227713346481324,0.98046875,0.0602169549441533,0.9338200092315674,0.98046875,0.012240738957412,,,
562,0,3,rotate,easy,1.0,False,0.9311492443084716,0.97314453125,0.0482148609672462,0.9311492443084716,0.97314453125,0.0482148609672462,,,
562,0,4,rotate,medium,1.0,False,0.9121737480163574,0.9765625,0.0498792935306335,0.9121737480163574,0.9765625,0.0498792935306335,,,
562,0,5,rotate,hard,1.0,False,0.772490382194519,0.97412109375,0.0544111717908982,0.772490382194519,0.97412109375,0.0544111717908982,,,
562,0,6,resize,easy,1.1904168637058714,False,0.9612178206443788,0.978515625,0.0440456678410939,0.962753415107727,0.97900390625,0.0100223444312478,,,
562,0,7,resize,medium,1.3904168637058714,False,0.9210228323936462,0.98779296875,0.041515105746965,0.9287495613098145,0.98681640625,0.0083775349084307,,,
562,0,8,resize,medium,1.582210242587601,True,0.915374517440796,0.970703125,0.0408047954770638,0.9137423634529114,0.97216796875,0.0409533406490037,0.9139055013656616,0.97216796875,0.0409476416793415
562,0,9,resize,easy,0.8547915681470644,False,0.9427425861358644,0.97021484375,0.0527039932797766,0.945519208908081,0.97021484375,0.0151320619300888,,,
562,0,10,resize,medium,0.6904168637058714,False,0.8101533651351929,0.96875,0.0621500219179495,0.8461343050003052,0.96875,0.0215850393688844,,,
562,0,11,resize,hard,0.49041686370587134,True,0.6602172255516052,0.96630859375,0.0779857997683309,0.6644667983055115,0.970703125,0.0765210032589711,0.6638484597206116,0.97119140625,0.0764727488791659
563,0,0,move,easy,1.0,False,0.985338568687439,0.9658203125,0.0355238627104866,0.985708713531494,0.96630859375,0.0044487225419881,,,
563,0,1,move,easy,1.0,False,0.9877438545227052,0.94970703125,0.0364951031062043,0.9902675151824952,0.9501953125,0.0051131996459032,,,
563,0,2,move,hard,1.0,False,0.9673917293548584,0.95751953125,0.0376251819048946,0.96780264377594,0.95751953125,0.0053256078125794,,,
563,0,3,rotate,easy,1.0,False,0.9260602593421936,0.9677734375,0.0361571371551164,0.9260602593421936,0.9677734375,0.0361571371551164,,,
563,0,4,rotate,medium,1.0,False,0.8893349170684814,0.9775390625,0.0346139301574831,0.8893349170684814,0.9775390625,0.0346139301574831,,,
563,0,5,rotate,hard,1.0,False,0.804448127746582,0.94970703125,0.0348667036514177,0.804448127746582,0.94970703125,0.0348667036514177,,,
563,0,6,resize,easy,1.1904168637058714,False,0.9565972685813904,0.98095703125,0.0294216423807567,0.9605408906936646,0.98095703125,0.006608340094053,,,
563,0,7,resize,easy,1.3904168637058714,False,0.9420822858810424,0.9873046875,0.0294895978341749,0.9448082447052002,0.98828125,0.0059029781548783,,,
563,0,8,resize,hard,2.1781264777940352,True,0.8816956281661987,0.9853515625,0.0293117953209545,0.8818391561508179,0.9853515625,0.0292529969927671,0.8817963600158691,0.98486328125,0.0292190194930451
563,0,9,resize,easy,0.8547915681470644,False,0.9695816040039062,0.96826171875,0.0367620544470639,0.9736756086349488,0.96826171875,0.0070891499860506,,,
563,0,10,resize,medium,0.6904168637058714,False,0.9280856847763062,0.96728515625,0.0427306318955557,0.9359578490257264,0.96728515625,0.011921280613731,,,
563,0,11,resize,hard,0.49041686370587134,True,0.7385293245315552,0.96826171875,0.0540368323550226,0.7402303218841553,0.96728515625,0.052692956163357,0.7402494549751282,0.96728515625,0.0526294700470421
564,0,0,move,easy,1.0,False,0.9722933769226074,0.93701171875,0.066934775506531,0.9776732921600342,0.93310546875,0.0146354560980333,,,
564,0,1,move,easy,1.0,False,0.9724446535110474,0.8828125,0.0660968987016137,0.9870972037315368,0.88525390625,0.0137118940163115,,,
564,0,2,move,hard,1.0,False,0.954465389251709,0.94775390625,0.0674717757002032,0.9725605249404908,0.94775390625,0.0140727307584712,,,
564,0,3,rotate,easy,1.0,False,0.9608611464500428,0.923828125,0.0600797615467187,0.9608611464500428,0.923828125,0.0600797615467187,,,
564,0,4,rotate,medium,1.0,False,0.9320136904716492,0.93359375,0.0567609096646861,0.9320136904716492,0.93359375,0.0567609096646861,,,
564,0,5,rotate,hard,1.0,False,0.9155219793319702,0.91357421875,0.0586471439346581,0.9155219793319702,0.91357421875,0.0586471439346581,,,
564,0,6,resize,easy,1.253724471256745,False,0.950656235218048,0.97412109375,0.0513046080079822,0.95716655254364,0.974609375,0.0173558741728981,,,
564,0,7,resize,easy,1.453724471256745,False,0.9242221117019652,0.96533203125,0.0441396835449484,0.9302475452423096,0.96142578125,0.0131670319353127,,,
564,0,8,resize,hard,2.492822966507177,True,0.8059391379356384,0.9609375,0.0324246952967541,0.8066037893295288,0.96142578125,0.0324931596827543,0.806494951248169,0.9609375,0.032475008879913
564,0,9,resize,easy,0.8231377643716276,False,0.927333116531372,0.9248046875,0.0643199729277704,0.9392220973968506,0.9248046875,0.0271383192802142,,,
564,0,10,resize,easy,0.753724471256745,False,0.9047248363494872,0.91943359375,0.0632937014651495,0.914592444896698,0.91943359375,0.0265819856864378,,,
564,0,11,resize,medium,0.5537244712567451,True,0.7866281867027283,0.927734375,0.075788929868117,0.7740795612335205,0.92578125,0.0763036417299293,0.7738571763038635,0.92529296875,0.0763084252974183
565,0,0,move,easy,1.0,False,0.9669705033302308,0.92919921875,0.0317664410267788,0.9754263162612916,0.92919921875,0.0079498059696079,,,
565,0,1,move,easy,1.0,False,0.943562924861908,0.943359375,0.0312426265250959,0.9693838357925416,0.9423828125,0.0073499011181014,,,
565,0,2,move,medium,1.0,False,0.9367891550064088,0.94482421875,0.0303150353820126,0.9473713636398317,0.94482421875,0.00772651279349,,,
565,0,3,rotate,easy,1.0,False,0.94465571641922,0.92919921875,0.0304509103501778,0.94465571641922,0.92919921875,0.0304509103501778,,,
565,0,4,rotate,easy,1.0,False,0.9053516387939452,0.919921875,0.0290733575768954,0.9053516387939452,0.919921875,0.0290733575768954,,,
565,0,5,rotate,hard,1.0,False,0.801473081111908,0.94091796875,0.0309173453449607,0.801473081111908,0.94091796875,0.0309173453449607,,,
565,0,6,resize,easy,1.134087229559002,False,0.9563530683517456,0.9208984375,0.0266838625953395,0.9638428688049316,0.919921875,0.0103167821135767,,,
565,0,7,resize,easy,1.334087229559002,False,0.933275818824768,0.943359375,0.0256284772862313,0.942172646522522,0.943359375,0.0088349928278627,,,
565,0,8,resize,medium,1.7556542216925153,True,0.8632937073707581,0.95703125,0.0239477622274175,0.8651074171066284,0.95849609375,0.0240870893961809,0.8650873899459839,0.95849609375,0.0240782113822825
565,0,9,resize,easy,0.882956385220499,False,0.9429585337638856,0.93115234375,0.0291445735951724,0.9513089060783386,0.93115234375,0.0123927258006501,,,
565,0,10,resize,medium,0.634087229559002,False,0.8686539530754089,0.9306640625,0.0384001302059146,0.8594810962677002,0.9306640625,0.0195860831814116,,,
565,0,11,resize,hard,0.43408722955900203,True,0.7556194067001343,0.9287109375,0.0484725835983424,0.7624005675315857,0.9287109375,0.0494725325805372,0.7625898122787476,0.9287109375,0.049470643032196
566,0,0,move,easy,1.0,False,0.9603057503700256,0.9853515625,0.054044162028203,0.9750761985778807,0.98583984375,0.0181550834416233,,,
566,0,1,move,easy,1.0,False,0.9303743839263916,0.9140625,0.0512036673534331,0.9338879585266112,0.91357421875,0.0173122981925969,,,
566,0,2,move,hard,1.0,False,0.925134301185608,0.98486328125,0.0513805832747502,0.9422311186790466,0.98486328125,0.0175529200764065,,,
566,0,3,rotate,easy,1.0,False,0.9346305131912231,0.98876953125,0.0457986310950326,0.9346305131912231,0.98876953125,0.0457986310950326,,,
566,0,4,rotate,medium,1.0,False,0.8773020505905151,0.984375,0.0462684652312834,0.8773020505905151,0.984375,0.0462684652312834,,,
566,0,5,rotate,hard,1.0,False,0.756066083908081,0.986328125,0.0489591020185006,0.756066083908081,0.986328125,0.0489591020185006,,,
566,0,6,resize,easy,1.253580267162677,False,0.8914304971694946,0.97998046875,0.0373235874307852,0.903234601020813,0.97998046875,0.0171511335688356,,,
566,0,7,resize,easy,1.453580267162677,False,0.8711861968040466,0.98291015625,0.0358989761052819,0.8769003748893738,0.98291015625,0.0160412093135814,,,
566,0,8,resize,hard,2.4285714285714284,True,0.7787473201751709,0.98291015625,0.0273979232585126,0.778809666633606,0.98291015625,0.027321225956767,0.7787099480628967,0.9833984375,0.0273039643358406
566,0,9,resize,easy,0.8232098664186616,False,0.90557062625885,0.98828125,0.0526011876067369,0.9132274389266968,0.98828125,0.0312045351778981,,,
566,0,10,resize,easy,0.753580267162677,False,0.8526710271835327,0.98974609375,0.0561965863740342,0.8781462907791138,0.990234375,0.0359373920285309,,,
566,0,11,resize,medium,0.553580267162677,True,0.716499924659729,0.9892578125,0.0689404980099035,0.7094420194625854,0.98876953125,0.0692323019742876,0.7095879912376404,0.98876953125,0.0692639195595933
567,0,0,move,easy,1.0,False,0.9888185262680054,0.99267578125,0.0298488113340652,0.9895401000976562,0.9931640625,0.0072507727856664,,,
567,0,1,move,medium,1.0,False,0.9838839769363404,0.98974609375,0.0287798434329967,0.9867674112319946,0.9892578125,0.0063682183236616,,,
567,0,2,move,hard,1.0,False,0.987850785255432,0.9912109375,0.0285876379383378,0.9906766414642334,0.9912109375,0.0064666565772795,,,
567,0,3,rotate,medium,1.0,False,0.9823161959648132,0.98974609375,0.0261338338152162,0.9823161959648132,0.98974609375,0.0261338338152162,,,
567,0,4,rotate,hard,1.0,False,0.974669873714447,0.98974609375,0.0280218508067433,0.974669873714447,0.98974609375,0.0280218508067433,,,
567,0,5,rotate,hard,1.0,False,0.8954124450683594,0.990234375,0.0302158912903504,0.8954124450683594,0.990234375,0.0302158912903504,,,
567,0,6,resize,easy,0.8232098664186616,False,0.9819939732551576,0.98876953125,0.0310507393300196,0.983067512512207,0.98876953125,0.0140859619081685,,,
567,0,7,resize,medium,0.753580267162677,False,0.979431927204132,0.9892578125,0.0316805049234838,0.9794812202453612,0.98974609375,0.0150047350690078,,,
567,0,8,resize,hard,0.553580267162677,True,0.8981513977050781,0.99072265625,0.0398223906448865,0.8964602947235107,0.99072265625,0.0402630212207337,0.896239697933197,0.990234375,0.0402537127367029
568,0,0,move,easy,1.0,False,0.9897112846374512,0.97802734375,0.0173118404325527,0.9923202991485596,0.97802734375,0.0054476627239727,,,
568,0,1,move,medium,1.0,False,0.977493166923523,0.9609375,0.0185188927854232,0.9788262248039246,0.96142578125,0.005576368953978,,,
568,0,2,move,hard,1.0,False,0.973468005657196,0.9677734375,0.0141469147307711,0.9744088053703308,0.96826171875,0.0045087934009259,,,
568,0,3,rotate,easy,1.0,False,0.9302411079406738,0.95361328125,0.0183805880003152,0.9302411079406738,0.95361328125,0.0183805880003152,,,
568,0,4,rotate,medium,1.0,False,0.8838211297988892,0.96923828125,0.0182859814832133,0.8838211297988892,0.96923828125,0.0182859814832133,,,
568,0,5,rotate,hard,1.0,False,0.7873482704162598,0.974609375,0.0192195204310224,0.7873482704162598,0.974609375,0.0192195204310224,,,
568,0,6,resize,easy,1.1928887651201596,False,0.971859872341156,0.96923828125,0.0175408277306744,0.9739758968353271,0.96875,0.0078286259296317,,,
568,0,7,resize,medium,1.3928887651201596,False,0.9479426145553588,0.9716796875,0.0160532395124142,0.9531067609786988,0.9716796875,0.0060403219841323,,,
568,0,8,resize,hard,2.0145985401459856,True,0.8528629541397095,0.96533203125,0.0161585823795968,0.852237343788147,0.9638671875,0.016011182006593,0.8524945378303528,0.9638671875,0.0160017270844953
568,0,9,resize,easy,0.8535556174399203,False,0.9719079732894896,0.96533203125,0.0161660819014081,0.9710683226585388,0.96533203125,0.0069932498525591,,,
568,0,10,resize,medium,0.6928887651201596,False,0.942984938621521,0.96630859375,0.0188101801286385,0.9398120641708374,0.96630859375,0.0096332414486572,,,
568,0,11,resize,hard,0.4928887651201596,True,0.8526082634925842,0.96435546875,0.0227198893007572,0.854360044002533,0.96435546875,0.0224094039554771,0.8542356491088867,0.9638671875,0.0223886820984562
569,0,0,move,easy,1.0,False,0.972953200340271,0.96044921875,0.0350475687315138,0.9743372201919556,0.9609375,0.0135361394646002,,,
569,0,1,move,medium,1.0,False,0.9312089681625366,0.95849609375,0.0323102426592934,0.941766321659088,0.95947265625,0.0124862325935774,,,
569,0,2,move,hard,1.0,False,0.9450279474258424,0.96630859375,0.0329934553197404,0.9528875350952148,0.9658203125,0.013336964617538,,,
569,0,3,rotate,easy,1.0,False,0.9442754983901978,0.9775390625,0.030111309390627,0.9442754983901978,0.9775390625,0.030111309390627,,,
569,0,4,rotate,medium,1.0,False,0.8912726640701294,0.96923828125,0.0328439971282958,0.8912726640701294,0.96923828125,0.0328439971282958,,,
569,0,5,rotate,hard,1.0,False,0.7777515053749084,0.96875,0.0335698243763238,0.7777515053749084,0.96875,0.0335698243763238,,,
569,0,6,resize,easy,1.182232346241458,False,0.9507828950881958,0.97265625,0.0259821057525505,0.9501655101776124,0.97265625,0.0134635222153156,,,
569,0,7,resize,easy,0.8535556174399203,False,0.9394391775131226,0.95166015625,0.0315105600644816,0.9421704411506652,0.953125,0.0184265444069365,,,
569,0,8,resize,medium,0.6928887651201596,False,0.9045495390892028,0.9287109375,0.0354709165110578,0.9037030935287476,0.9296875,0.0233465477595747,,,
569,0,9,resize,hard,0.4928887651201596,True,0.7234325408935547,0.93701171875,0.0506139296215143,0.7184188365936279,0.9365234375,0.0507015749948498,0.7185573577880859,0.93603515625,0.0506931850103938
570,0,0,move,easy,1.0,False,0.9248877763748168,0.9873046875,0.0452642358313188,0.9399216771125792,0.9873046875,0.0126492691825588,,,
570,0,1,move,medium,1.0,False,0.9620115756988524,0.98486328125,0.0448993866953174,0.9641040563583374,0.98486328125,0.0127320876980929,,,
570,0,2,move,hard,1.0,False,0.9298908114433287,0.98046875,0.0495268712507834,0.9413973093032836,0.98046875,0.0155265131166621,,,
570,0,3,rotate,easy,1.0,False,0.946764349937439,0.98828125,0.0383509882263407,0.946764349937439,0.98828125,0.0383509882263407,,,
570,0,4,rotate,easy,1.0,False,0.8614882230758667,0.9873046875,0.0413906515802668,0.8614882230758667,0.9873046875,0.0413906515802668,,,
570,0,5,rotate,hard,1.0,False,0.7914746403694153,0.96240234375,0.0422964390209091,0.7914746403694153,0.96240234375,0.0422964390209091,,,
570,0,6,resize,easy,1.1561891268444349,False,0.9589099287986756,0.962890625,0.0346535109770403,0.9592701196670532,0.96240234375,0.0133762778615719,,,
570,0,7,resize,easy,1.3561891268444348,False,0.9331108927726746,0.984375,0.0337406327965007,0.9312329888343812,0.9853515625,0.0118969755848373,,,
570,0,8,resize,hard,1.9214184513332604,True,0.8555068969726562,0.9609375,0.0300790453463507,0.8558509349822998,0.9609375,0.0302199871156236,0.8556894063949585,0.96142578125,0.0302177943520459
570,0,9,resize,easy,0.8719054365777826,False,0.9387733936309814,0.9833984375,0.0409904823209412,0.9597662091255188,0.9833984375,0.0195586408706211,,,
570,0,10,resize,medium,0.6561891268444348,False,0.876978874206543,0.97998046875,0.050607324718867,0.8804112076759338,0.97998046875,0.0302407496232987,,,
570,0,11,resize,hard,0.45618912684443474,True,0.7099537253379822,0.9814453125,0.0669494464452447,0.710578978061676,0.98193359375,0.0661244497799119,0.7106451988220215,0.98193359375,0.0661711351207149
571,0,0,move,easy,1.0,False,0.9756654500961304,0.97265625,0.0171596888110763,0.977712631225586,0.97265625,0.0087173336641898,,,
571,0,1,move,medium,1.0,False,0.9791924953460692,0.97607421875,0.0178002637661579,0.9811538457870485,0.97607421875,0.0089029809252034,,,
571,0,2,move,hard,1.0,False,0.9382338523864746,0.962890625,0.0245035390923809,0.9519319534301758,0.962890625,0.0133876183080059,,,
571,0,3,rotate,easy,1.0,False,0.9406840801239014,0.96142578125,0.0169173129250762,0.9406840801239014,0.96142578125,0.0169173129250762,,,
571,0,4,rotate,easy,1.0,False,0.9092605113983154,0.96826171875,0.0178337783046974,0.9092605113983154,0.96826171875,0.0178337783046974,,,
571,0,5,rotate,hard,1.0,False,0.7895306944847107,0.9619140625,0.0193872522219128,0.7895306944847107,0.9619140625,0.0193872522219128,,,
571,0,6,resize,easy,1.1561891268444349,False,0.9696820974349976,0.96923828125,0.016328620116159,0.9732101559638976,0.96923828125,0.0113426792858517,,,
571,0,7,resize,easy,1.3561891268444348,False,0.9703996181488036,0.9765625,0.0149614441122998,0.9708537459373474,0.9765625,0.0094221631447194,,,
571,0,8,resize,hard,1.9214184513332604,True,0.9217023849487304,0.96923828125,0.0159562762022973,0.9210835099220276,0.97021484375,0.0159213965545219,0.9210485816001892,0.97021484375,0.015910866222765
571,0,9,resize,easy,0.8719054365777826,False,0.9564017653465272,0.9609375,0.0191757296385499,0.9601213932037354,0.9609375,0.0140582746480288,,,
571,0,10,resize,medium,0.6561891268444348,False,0.9004912972450256,0.9599609375,0.0207393505187622,0.9009488224983216,0.9599609375,0.0161007701448877,,,
571,0,11,resize,hard,0.45618912684443474,True,0.7859028577804565,0.95849609375,0.0271908928254286,0.797200620174408,0.95849609375,0.0248260334150877,0.7965328693389893,0.95849609375,0.0247878715824978
572,0,0,move,easy,1.0,False,0.9459726810455322,0.97314453125,0.0246439405480799,0.9429771900177002,0.9736328125,0.008929190628537,,,
572,0,1,move,medium,1.0,False,0.9528167247772216,0.9755859375,0.0250958708475048,0.9566136002540588,0.9755859375,0.0091149350408609,,,
572,0,2,move,hard,1.0,False,0.9139530658721924,0.96240234375,0.02975898400735,0.9002474546432495,0.96240234375,0.0099438997042482,,,
572,0,3,rotate,easy,1.0,False,0.9425750970840454,0.94189453125,0.025542600807444,0.9425750970840454,0.94189453125,0.025542600807444,,,
572,0,4,rotate,easy,1.0,False,0.9034749269485474,0.921875,0.0269200300427433,0.9034749269485474,0.921875,0.0269200300427433,,,
572,0,5,rotate,hard,1.0,False,0.7541506290435791,0.95361328125,0.0277673725988647,0.7541506290435791,0.95361328125,0.0277673725988647,,,
572,0,6,resize,easy,1.1561891268444349,False,0.9384814500808716,0.96240234375,0.0218560115009558,0.9437724351882936,0.962890625,0.0096697623965545,,,
572,0,7,resize,easy,1.3561891268444348,False,0.9271820783615112,0.95703125,0.0204010104456032,0.93124657869339,0.95849609375,0.0092039018037482,,,
572,0,8,resize,hard,1.9214184513332604,True,0.8674652576446533,0.94482421875,0.0176138775667348,0.8676181435585022,0.94482421875,0.0175167147414952,0.86760413646698,0.94384765625,0.0174876874741008
572,0,9,resize,easy,0.8719054365777826,False,0.9469537734985352,0.96044921875,0.0263573168162785,0.9514111280441284,0.96044921875,0.0133438946561431,,,
572,0,10,resize,medium,0.6561891268444348,False,0.828140139579773,0.9501953125,0.0344548697489874,0.8411076068878174,0.9501953125,0.0210048484558288,,,
572,0,11,resize,hard,0.45618912684443474,True,0.6756879091262817,0.9521484375,0.0472579715353113,0.6408067941665649,0.95361328125,0.0488325884000029,0.641090452671051,0.953125,0.04884696299291
573,0,0,move,medium,1.0,False,0.9629640579223632,0.97119140625,0.0225772661157666,0.97428297996521,0.97412109375,0.0057908103580721,,,
573,0,1,move,medium,1.0,False,0.9810112118721008,0.94921875,0.0231785049535137,0.9850369691848756,0.953125,0.0061664625748866,,,
573,0,2,move,hard,1.0,False,0.95007586479187,0.94921875,0.023919068390725,0.9510782957077026,0.95166015625,0.0060099215457578,,,
573,0,3,rotate,medium,1.0,False,0.936011791229248,0.96875,0.0199456134318685,0.936011791229248,0.96875,0.0199456134318685,,,
573,0,4,rotate,hard,1.0,False,0.88381028175354,0.9736328125,0.0209303717818075,0.88381028175354,0.9736328125,0.0209303717818075,,,
573,0,5,rotate,hard,1.0,False,0.8193985819816589,0.955078125,0.0238506345073993,0.8193985819816589,0.955078125,0.0238506345073993,,,
573,0,6,resize,medium,1.2823788640523368,False,0.9659385681152344,0.9609375,0.0189395667251666,0.96564918756485,0.96142578125,0.005435738833065,,,
573,0,7,resize,medium,1.4823788640523368,False,0.9544694423675536,0.96484375,0.0188329368831279,0.952367901802063,0.97021484375,0.0048546574320046,,,
573,0,8,resize,hard,1.8571428571428572,True,0.9038203954696656,0.9423828125,0.0195023612209562,0.903817057609558,0.94580078125,0.0195181773899604,0.9040219187736512,0.94580078125,0.019471233654299
573,0,9,resize,medium,0.8088105679738317,False,0.9414167404174804,0.9521484375,0.0223145078176811,0.947550654411316,0.9521484375,0.0089161388507636,,,
573,0,10,resize,medium,0.7823788640523368,False,0.940539002418518,0.95458984375,0.0215617634149398,0.9472501873970032,0.95458984375,0.0079624917164519,,,
573,0,11,resize,hard,0.5823788640523369,True,0.8606444001197815,0.9462890625,0.0254309158492951,0.8622156381607056,0.9462890625,0.0252744735099037,0.8623070120811462,0.94580078125,0.0252748515725895
574,0,0,move,medium,1.0,False,0.9751279950141908,0.9716796875,0.0205285890661015,0.9751986861228944,0.97119140625,0.0041688415703974,,,
574,0,1,move,medium,1.0,False,0.9825207591056824,0.9794921875,0.0174203823057941,0.9837806224822998,0.9794921875,0.0031705289018352,,,
574,0,2,move,hard,1.0,False,0.9584054946899414,0.98046875,0.0167527708447291,0.9578201770782472,0.98095703125,0.0030807525827199,,,
574,0,3,rotate,medium,1.0,False,0.913545310497284,0.9814453125,0.019262638710205,0.913545310497284,0.9814453125,0.019262638710205,,,
574,0,4,rotate,hard,1.0,False,0.8095386028289795,0.974609375,0.0197797734763916,0.8095386028289795,0.974609375,0.0197797734763916,,,
574,0,5,rotate,hard,1.0,False,0.6717698574066162,0.96142578125,0.0197752467284804,0.6717698574066162,0.96142578125,0.0197752467284804,,,
574,0,6,resize,medium,1.2823788640523368,False,0.9668169021606444,0.9853515625,0.0168928333067991,0.9635282158851624,0.98583984375,0.0040069617752555,,,
574,0,7,resize,medium,1.4823788640523368,False,0.9440137147903442,0.97314453125,0.0164434494637188,0.945370316505432,0.97216796875,0.0024047662265893,,,
574,0,8,resize,hard,1.8687258687258688,True,0.9062379598617554,0.97119140625,0.0160123011166479,0.9064965844154358,0.9716796875,0.0160162703527248,0.9065066576004028,0.97119140625,0.0160093791144436
574,0,9,resize,medium,0.8088105679738317,False,0.9598112106323242,0.97119140625,0.0203865105926969,0.9563041925430298,0.97119140625,0.0057152878968193,,,
574,0,10,resize,medium,0.7823788640523368,False,0.9591553211212158,0.97216796875,0.0204437879690653,0.9558473825454712,0.97216796875,0.0058955051904006,,,
574,0,11,resize,hard,0.5823788640523369,True,0.894089937210083,0.97216796875,0.0227218487688361,0.8935892581939697,0.97216796875,0.0230079462391429,0.8936856389045715,0.9716796875,0.0229943910108298
575,0,0,move,easy,1.0,False,0.9503637552261353,0.94287109375,0.0487112249528762,0.9570594429969788,0.94287109375,0.0115888557464838,,,
575,0,1,move,medium,1.0,False,0.9762715101242064,0.9765625,0.0493728933467082,0.97994726896286,0.9765625,0.0115988095277594,,,
575,0,2,move,medium,1.0,False,0.9608879685401917,0.97412109375,0.0501675737510677,0.9635207056999208,0.97412109375,0.0109059526192638,,,
575,0,3,rotate,easy,1.0,False,0.902126967906952,0.96142578125,0.0387486379601205,0.902126967906952,0.96142578125,0.0387486379601205,,,
575,0,4,rotate,medium,1.0,False,0.8305379152297974,0.97265625,0.0424671054935954,0.8305379152297974,0.97265625,0.0424671054935954,,,
575,0,5,rotate,hard,1.0,False,0.6871974468231201,0.9619140625,0.0470796896042339,0.6871974468231201,0.9619140625,0.0470796896042339,,,
575,0,6,resize,easy,1.1550928005303982,False,0.9696452021598816,0.96337890625,0.034035966350265,0.9720032811164856,0.96337890625,0.0135044039161015,,,
575,0,7,resize,easy,1.3544303797468353,False,0.9509693384170532,0.95849609375,0.0326701062166755,0.9545358419418336,0.95849609375,0.011610989703424,,,
575,0,8,resize,easy,0.872453599734801,False,0.971161961555481,0.9677734375,0.0402882396122777,0.972110152244568,0.9677734375,0.0172644892465684,,,
575,0,9,resize,medium,0.6550928005303981,False,0.8918293714523315,0.9658203125,0.0556137763585922,0.8853375315666199,0.9658203125,0.0293615802545129,,,
575,0,10,resize,hard,0.45509280053039813,True,0.7229398488998413,0.9658203125,0.0738369438022661,0.7307511568069458,0.96533203125,0.0728148100579387,0.7315208315849304,0.96533203125,0.0728169506521677
576,0,1,move,medium,1.0,False,0.9707004427909852,0.96826171875,0.0494243325635862,0.9749792218208312,0.96875,0.0083096174344571,,,
576,0,2,move,hard,1.0,False,0.9814437627792358,0.93359375,0.0511245072426615,0.9881258010864258,0.9306640625,0.0090619319521695,,,
576,0,3,rotate,medium,1.0,False,0.9602407813072203,0.958984375,0.0437258418366414,0.9602407813072203,0.958984375,0.0437258418366414,,,
577,0,0,move,easy,1.0,False,0.9718006253242492,0.953125,0.0344591108135999,0.9749693870544434,0.958984375,0.0052039655754826,,,
577,0,1,move,medium,1.0,False,0.9688223600387572,0.95068359375,0.0341399448984588,0.9747329950332642,0.95068359375,0.0051176563560464,,,
577,0,2,move,medium,1.0,False,0.9867066740989684,0.9814453125,0.0358249115989054,0.9924712181091307,0.982421875,0.0058626738193301,,,
577,0,3,rotate,easy,1.0,False,0.9647822976112366,0.9619140625,0.0314910463617461,0.9647822976112366,0.9619140625,0.0314910463617461,,,
577,0,4,rotate,medium,1.0,False,0.9548878073692322,0.96044921875,0.0327536471037574,0.9548878073692322,0.96044921875,0.0327536471037574,,,
577,0,5,rotate,hard,1.0,False,0.9113495349884032,0.96142578125,0.0351372905444841,0.9113495349884032,0.96142578125,0.0351372905444841,,,
577,0,6,resize,easy,1.1550928005303982,False,0.9617317914962769,0.97265625,0.0286845344575674,0.9709017872810364,0.97119140625,0.006353864089948,,,
577,0,7,resize,medium,1.3550928005303982,False,0.9516505002975464,0.9462890625,0.0275150107385325,0.9558497667312622,0.94970703125,0.0059363198690278,,,
577,0,8,resize,hard,1.7822222222222222,True,0.9047015905380248,0.97802734375,0.0264362281344882,0.904714047908783,0.9765625,0.0264334239747489,0.9047123193740844,0.9765625,0.0264216099278471
577,0,9,resize,easy,0.872453599734801,False,0.9554741382598876,0.974609375,0.0339368473340641,0.9631774425506592,0.974609375,0.0086109915076449,,,
577,0,10,resize,medium,0.6550928005303981,False,0.8297126889228821,0.9755859375,0.0441415579633227,0.8128339648246765,0.9755859375,0.014331849099431,,,
577,0,11,resize,hard,0.45509280053039813,True,0.5761509537696838,0.97705078125,0.0578111735409711,0.5744009017944336,0.9765625,0.0581219188711333,0.5746043920516968,0.9765625,0.0580988937653442
578,0,0,move,medium,1.0,False,0.9846501350402832,0.97607421875,0.0303748319352419,0.9878857135772704,0.978515625,0.0089524726689547,,,
578,0,1,move,medium,1.0,False,0.9701821208000184,0.98779296875,0.0306443836127788,0.9704502820968628,0.98828125,0.009008875893033,,,
578,0,2,rotate,medium,1.0,False,0.9641346335411072,0.9873046875,0.0256891660058998,0.9641346335411072,0.9873046875,0.0256891660058998,,,
578,0,3,rotate,medium,1.0,False,0.9564579725265504,0.97705078125,0.0278939804979489,0.9564579725265504,0.97705078125,0.0278939804979489,,,
579,0,0,move,easy,1.0,False,0.9360008239746094,0.96826171875,0.0614415678812235,0.934926211833954,0.96875,0.0204211592786563,,,
579,0,1,move,easy,1.0,False,0.9434019327163696,0.9677734375,0.0606534369154402,0.959028959274292,0.96826171875,0.0194131064801959,,,
579,0,2,move,medium,1.0,False,0.9295945167541504,0.95654296875,0.0606403061828529,0.9494380354881288,0.95703125,0.0194742397269955,,,
579,0,3,rotate,easy,1.0,False,0.9145777225494384,0.96142578125,0.0507555342160395,0.9145777225494384,0.96142578125,0.0507555342160395,,,
579,0,4,rotate,medium,1.0,False,0.9174951314926147,0.97412109375,0.0518613242398408,0.9174951314926147,0.97412109375,0.0518613242398408,,,
579,0,5,rotate,hard,1.0,False,0.8179020881652832,0.9697265625,0.0522488980924236,0.8179020881652832,0.9697265625,0.0522488980924236,,,
579,0,6,resize,easy,1.210129327921193,False,0.9070333242416382,0.96875,0.0444065607645615,0.9173884987831116,0.96875,0.0190762054531227,,,
579,0,7,resize,easy,1.410129327921193,False,0.8909260034561157,0.9638671875,0.0387427395419639,0.8961047530174255,0.96435546875,0.0150355333690509,,,
579,0,8,resize,medium,1.7785977859778597,True,0.8734161853790283,0.96826171875,0.0354008289665271,0.8755725622177124,0.966796875,0.0353214949860273,0.8755963444709778,0.966796875,0.0353184798605902
579,0,9,resize,easy,0.8449353360394035,False,0.9317834973335266,0.978515625,0.0555705755260882,0.9343891739845276,0.978515625,0.0290450061612019,,,
579,0,10,resize,easy,0.7101293279211931,False,0.9005147218704224,0.97265625,0.0613597164005429,0.8774065971374512,0.97265625,0.0355336788597911,,,
579,0,11,resize,hard,0.5101293279211931,True,0.7725251913070679,0.97265625,0.0679265784147838,0.7754883766174316,0.97265625,0.0673437620959269,0.7752037048339844,0.97314453125,0.0673573095340787
580,0,0,move,easy,1.0,False,0.9527724385261536,0.97314453125,0.0448091929156231,0.9544878005981444,0.9736328125,0.027942188935005,,,
580,0,1,move,easy,1.0,False,0.9630001783370972,0.98046875,0.0436527625908115,0.9608473181724548,0.98046875,0.0268450694289308,,,
580,0,2,move,medium,1.0,False,0.967284619808197,0.97998046875,0.043058739919447,0.9689550399780272,0.97998046875,0.0251471339418571,,,
580,0,3,rotate,easy,1.0,False,0.9449967741966248,0.9755859375,0.0429299697496904,0.9449967741966248,0.9755859375,0.0429299697496904,,,
580,0,4,rotate,medium,1.0,False,0.9178999066352844,0.98095703125,0.0429018300653594,0.9178999066352844,0.98095703125,0.0429018300653594,,,
580,0,5,rotate,hard,1.0,False,0.8362317681312561,0.9736328125,0.0476672010523286,0.8362317681312561,0.9736328125,0.0476672010523286,,,
580,0,6,resize,easy,1.210129327921193,False,0.9549767971038818,0.9814453125,0.0371653641568003,0.9526205062866212,0.98095703125,0.0286401529585581,,,
580,0,7,resize,easy,1.410129327921193,False,0.9239246249198914,0.9677734375,0.0360264242544371,0.9230350255966188,0.9677734375,0.0268906599894758,,,
580,0,8,resize,medium,1.7787610619469028,True,0.8721469640731812,0.98046875,0.0296594788162801,0.8724216222763062,0.98095703125,0.0299440628320183,0.87242591381073,0.9814453125,0.0299316838058291
580,0,9,resize,easy,0.8449353360394035,False,0.9604223966598512,0.97607421875,0.046637444980328,0.9588921666145324,0.97607421875,0.0397510202399109,,,
580,0,10,resize,easy,0.7101293279211931,False,0.9232074022293092,0.97705078125,0.0517817899437002,0.9246033430099488,0.97705078125,0.0468035980068595,,,
580,0,11,resize,hard,0.5101293279211931,True,0.8421683311462402,0.98291015625,0.0765104201895399,0.8421305418014526,0.982421875,0.0732887916888999,0.8421126008033752,0.98291015625,0.0732707545775432
581,0,0,move,easy,1.0,False,0.9741718769073486,0.97314453125,0.0282736426409799,0.976671040058136,0.97412109375,0.007535792443378,,,
581,0,1,move,hard,1.0,False,0.9559771418571472,0.9677734375,0.0279602628441186,0.9591571092605592,0.96875,0.0060694374866336,,,
581,0,2,move,medium,1.0,False,0.9657542705535888,0.95947265625,0.0263050655791974,0.9660911560058594,0.95947265625,0.0060341357520148,,,
581,0,3,rotate,easy,1.0,False,0.9714553356170654,0.984375,0.0244787448777477,0.9714553356170654,0.984375,0.0244787448777477,,,
581,0,4,rotate,medium,1.0,False,0.937194287776947,0.97998046875,0.0270163052968482,0.937194287776947,0.97998046875,0.0270163052968482,,,
581,0,5,rotate,hard,1.0,False,0.9072833061218262,0.97314453125,0.0270490318364755,0.9072833061218262,0.97314453125,0.0270490318364755,,,
581,0,6,resize,easy,1.192130115356945,False,0.9539786577224731,0.97607421875,0.0221301399096636,0.9575836658477784,0.9755859375,0.007830294792237,,,
581,0,7,resize,medium,1.3921301153569448,False,0.9369938969612122,0.9765625,0.0204658171923457,0.9410737752914428,0.9775390625,0.0062909980782585,,,
581,0,8,resize,easy,0.8539349423215277,False,0.954840898513794,0.9814453125,0.0271952573687656,0.9543689489364624,0.9814453125,0.0108186150928427,,,
581,0,9,resize,medium,0.6921301153569448,False,0.917827010154724,0.97607421875,0.0325198690977092,0.9196683764457704,0.9755859375,0.0152375888800276,,,
581,0,10,resize,hard,0.49213011535694484,True,0.7646598815917969,0.97216796875,0.0431180404120601,0.7697588205337524,0.97412109375,0.0435017259808302,0.77025306224823,0.974609375,0.0435028135934661
582,0,0,move,easy,1.0,False,0.9698803424835204,0.978515625,0.0595275363491426,0.9779849648475648,0.97900390625,0.0162656686579126,,,
582,0,1,move,hard,1.0,False,0.9506746530532836,0.9658203125,0.0603521106550504,0.9559779167175292,0.96533203125,0.0173609403908982,,,
582,0,2,rotate,easy,1.0,False,0.964888632297516,0.97412109375,0.0484243654267828,0.964888632297516,0.97412109375,0.0484243654267828,,,
582,0,3,rotate,medium,1.0,False,0.9424576163291932,0.94873046875,0.048975815782783,0.9424576163291932,0.94873046875,0.048975815782783,,,
582,0,4,rotate,hard,1.0,False,0.8136871457099915,0.97705078125,0.049608819425545,0.8136871457099915,0.97705078125,0.049608819425545,,,
582,0,5,resize,easy,1.192130115356945,False,0.9689325094223022,0.9599609375,0.0422730896918583,0.9721078872680664,0.9541015625,0.0165403377914482,,,
582,0,6,resize,medium,1.3921301153569448,False,0.9588270783424376,0.982421875,0.0388849758691164,0.9592652916908264,0.98291015625,0.014860140998997,,,
582,0,7,resize,easy,0.8539349423215277,False,0.9525277614593506,0.97216796875,0.0534719289789731,0.9604156613349916,0.97265625,0.0254392487664826,,,
582,0,8,resize,medium,0.6921301153569448,False,0.9023165702819824,0.98046875,0.0597313560864027,0.8962423205375671,0.98046875,0.031882168097759,,,
582,0,9,resize,hard,0.49213011535694484,True,0.7800976037979126,0.97021484375,0.0741368725365123,0.7699324488639832,0.96875,0.0737800934115217,0.7698204517364502,0.96875,0.073779664590458
583,0,0,move,easy,1.0,False,0.9489019513130188,0.96484375,0.0539440834687914,0.9582850337028505,0.96533203125,0.0200007824830105,,,
583,0,1,move,easy,1.0,False,0.9537048935890198,0.94970703125,0.055079348206416,0.9660460352897644,0.95068359375,0.0214933319160056,,,
583,0,2,move,hard,1.0,False,0.950104594230652,0.96923828125,0.0561250703127422,0.9619498252868652,0.96923828125,0.0221594759430765,,,
583,0,3,rotate,easy,1.0,False,0.938264548778534,0.97412109375,0.0433482896255905,0.938264548778534,0.97412109375,0.0433482896255905,,,
583,0,4,rotate,medium,1.0,False,0.9104958772659302,0.96728515625,0.0440059591487583,0.9104958772659302,0.96728515625,0.0440059591487583,,,
583,0,5,rotate,hard,1.0,False,0.8394074440002441,0.95654296875,0.0470961148365496,0.8394074440002441,0.95654296875,0.0470961148365496,,,
583,0,6,resize,easy,1.192130115356945,False,0.934850573539734,0.97119140625,0.0397286018597279,0.9340317845344543,0.97119140625,0.0205347470838539,,,
583,0,7,resize,easy,1.3921301153569448,False,0.9200987815856934,0.9501953125,0.0379749821096321,0.921994924545288,0.951171875,0.0183080959877868,,,
583,0,8,resize,hard,2.1909758651770863,True,0.854243278503418,0.97216796875,0.0298704686442819,0.8549524545669556,0.97216796875,0.0307155017411984,0.8549798727035522,0.97216796875,0.0307079413898547
583,0,9,resize,easy,0.8539349423215277,False,0.9345536231994628,0.9765625,0.0483093105795631,0.9399840831756592,0.9765625,0.0298047908046952,,,
583,0,10,resize,medium,0.6921301153569448,False,0.8503546118736267,0.97119140625,0.0539291112896721,0.8579989075660706,0.97119140625,0.037254286233256,,,
583,0,11,resize,hard,0.49213011535694484,True,0.7763701677322388,0.97265625,0.0694994683933615,0.7742438316345215,0.97314453125,0.0717922977118859,0.7741063237190247,0.97314453125,0.0718099418807163
584,0,0,move,medium,1.0,False,0.9903848171234132,0.94775390625,0.0662629686941375,0.9914933443069458,0.94580078125,0.0187147892634874,,,
584,0,1,move,medium,1.0,False,0.9866770505905152,0.96923828125,0.066478765195307,0.9894258975982666,0.96923828125,0.0187359628757527,,,
584,0,2,rotate,medium,1.0,False,0.9842724204063416,0.97900390625,0.057529486560892,0.9842724204063416,0.97900390625,0.057529486560892,,,
584,0,3,rotate,medium,1.0,False,0.975234031677246,0.9765625,0.0570673282328052,0.975234031677246,0.9765625,0.0570673282328052,,,
584,0,4,rotate,hard,1.0,False,0.9383634924888612,0.962890625,0.0603451349299592,0.9383634924888612,0.962890625,0.0603451349299592,,,
584,0,5,resize,easy,1.1353383458646618,False,0.9791887998580932,0.9775390625,0.050396885070772,0.9804422855377196,0.97705078125,0.021862967288266,,,
584,0,6,resize,easy,0.8636096208015005,False,0.9793038964271544,0.966796875,0.0659966889130322,0.9783899188041688,0.966796875,0.0321644136986368,,,
584,0,7,resize,medium,0.6727807583969989,False,0.9598737359046936,0.96630859375,0.0918418192000381,0.9583412408828736,0.9658203125,0.0486659771757171,,,
584,0,8,resize,hard,0.47278075839699896,True,0.8710864782333374,0.95458984375,0.1315794153366833,0.8747023344039917,0.95556640625,0.1324698913142358,0.8749781250953674,0.955078125,0.1324532392181533
585,0,0,move,medium,1.0,False,0.95719712972641,0.9765625,0.053962133382298,0.9661584496498108,0.97509765625,0.0057808553404588,,,
585,0,1,move,medium,1.0,False,0.9185497760772704,0.9833984375,0.0527624223450656,0.9602882862091064,0.98388671875,0.004830234373998,,,
585,0,2,move,hard,1.0,False,0.9605450630187988,0.97314453125,0.0535416923013822,0.9738373160362244,0.9736328125,0.0049599857169396,,,
585,0,3,rotate,easy,1.0,False,0.939417839050293,0.98583984375,0.0444714685506329,0.939417839050293,0.98583984375,0.0444714685506329,,,
585,0,4,rotate,medium,1.0,False,0.8588371276855469,0.958984375,0.0463023049473145,0.8588371276855469,0.958984375,0.0463023049473145,,,
585,0,5,rotate,hard,1.0,False,0.7730086445808411,0.97412109375,0.0479456944009417,0.7730086445808411,0.97412109375,0.0479456944009417,,,
585,0,6,resize,easy,1.172780758396999,False,0.9225021600723268,0.9794921875,0.0394747112165215,0.9370936751365662,0.97998046875,0.0055734544908156,,,
585,0,7,resize,medium,1.3255813953488371,False,0.8878899216651917,0.9736328125,0.036891909417117,0.8893083333969116,0.97509765625,0.0053378858124088,,,
585,0,8,resize,easy,0.8636096208015005,False,0.9475206136703492,0.97119140625,0.0492134717087953,0.947127103805542,0.97119140625,0.0080785178444462,,,
585,0,9,resize,medium,0.6727807583969989,False,0.852838397026062,0.97119140625,0.0582812629160274,0.8882123827934265,0.97119140625,0.0106714863151405,,,
585,0,10,resize,hard,0.47278075839699896,True,0.7208932638168335,0.97119140625,0.0749585795728804,0.7197141647338867,0.9716796875,0.0746062294280436,0.7196938991546631,0.97119140625,0.0745960196685344
586,0,0,move,easy,1.0,False,0.9068012237548828,0.9755859375,0.0973995620833026,0.9860180020332336,0.97607421875,0.0064647800094343,,,
586,0,1,move,easy,1.0,False,0.8817270994186401,0.9736328125,0.0996374939698207,0.9751414060592652,0.97314453125,0.0064486638762937,,,
586,0,2,move,hard,1.0,False,0.8803889751434326,0.974609375,0.1001263975486363,0.9573095440864564,0.974609375,0.0052311827209381,,,
586,0,3,rotate,easy,1.0,False,0.8983306884765625,0.97705078125,0.0562006657868412,0.8983306884765625,0.97705078125,0.0562006657868412,,,
586,0,4,rotate,medium,1.0,False,0.8631340265274048,0.95947265625,0.0569092037738849,0.8631340265274048,0.95947265625,0.0569092037738849,,,
586,0,5,rotate,hard,1.0,False,0.7630389928817749,0.95068359375,0.0571028862585336,0.7630389928817749,0.95068359375,0.0571028862585336,,,
586,0,6,resize,easy,1.2645579679571273,False,0.910763382911682,0.94384765625,0.0541650684376717,0.93513685464859,0.94921875,0.0067570778951709,,,
586,0,7,resize,easy,0.8177210160214364,False,0.9356768131256104,0.982421875,0.0509451174349842,0.9322407841682434,0.982421875,0.0084277811347377,,,
586,0,8,resize,easy,0.7645579679571273,False,0.94747656583786,0.982421875,0.0508934250817679,0.934844970703125,0.982421875,0.0113752446330154,,,
586,0,9,resize,medium,0.5645579679571272,True,0.8654729127883911,0.98193359375,0.0529131175468483,0.8693023920059204,0.98291015625,0.0537210363986594,0.8695199489593506,0.98291015625,0.0537156918417565
586,1,0,move,easy,1.0,False,0.9465419054031372,0.97412109375,0.043066274128699,0.9523414969444276,0.974609375,0.0228677185159778,,,
586,1,1,move,easy,1.0,False,0.9633843898773192,0.974609375,0.0420861995591887,0.967566967010498,0.974609375,0.0231471953860909,,,
586,1,2,move,hard,1.0,False,0.9520297646522522,0.98291015625,0.0450726322274941,0.9537501335144044,0.98291015625,0.0247556165323272,,,
586,1,3,rotate,easy,1.0,False,0.9611961245536804,0.97607421875,0.0391286779094811,0.9611961245536804,0.97607421875,0.0391286779094811,,,
586,1,4,rotate,medium,1.0,False,0.9194563627243042,0.97900390625,0.0401061942688429,0.9194563627243042,0.97900390625,0.0401061942688429,,,
586,1,5,rotate,hard,1.0,False,0.7737060785293579,0.96630859375,0.042556546428095,0.7737060785293579,0.96630859375,0.042556546428095,,,
586,1,6,resize,easy,1.2645579679571273,False,0.9340101480484008,0.97900390625,0.0320539129994173,0.9350511431694032,0.97900390625,0.0203907460478554,,,
586,1,7,resize,easy,1.4645579679571272,False,0.8934397101402283,0.98388671875,0.0317865762258416,0.8954248428344727,0.98388671875,0.0189751864824112,,,
586,1,8,resize,easy,0.8177210160214364,False,0.9546880125999452,0.97705078125,0.0408117233059951,0.954776406288147,0.97705078125,0.0300213423556535,,,
586,1,9,resize,easy,0.7645579679571273,False,0.9117859601974488,0.9775390625,0.0428812884457554,0.9176097512245178,0.9775390625,0.0320402287175403,,,
586,1,10,resize,medium,0.5645579679571272,True,0.7072923183441162,0.97802734375,0.0549559686154492,0.7092465758323669,0.9775390625,0.0548149481674842,0.7091293931007385,0.97705078125,0.0547934450495321
587,0,0,move,medium,1.0,False,0.9492714405059814,0.92626953125,0.0487823633773978,0.9587833881378174,0.92529296875,0.0115772341647241,,,
587,0,1,move,medium,1.0,False,0.9679664969444276,0.96875,0.0483892304955684,0.9738540649414062,0.96923828125,0.0112675065501021,,,
587,0,2,rotate,medium,1.0,False,0.9465561509132384,0.92919921875,0.0414500632403726,0.9465561509132384,0.92919921875,0.0414500632403726,,,
587,0,3,rotate,hard,1.0,False,0.9246870279312134,0.9365234375,0.0431349528798244,0.9246870279312134,0.9365234375,0.0431349528798244,,,
587,0,4,rotate,hard,1.0,False,0.8204888701438904,0.9345703125,0.0439559991511728,0.8204888701438904,0.9345703125,0.0439559991511728,,,
587,0,5,resize,medium,0.8177210160214364,False,0.9438307285308838,0.93701171875,0.0488221160458765,0.9483208656311036,0.93701171875,0.0194396304633152,,,
587,0,6,resize,medium,0.7645579679571273,False,0.931297779083252,0.943359375,0.0522487310286754,0.9305665493011476,0.943359375,0.0208778083162119,,,
587,0,7,resize,hard,0.5645579679571272,True,0.8144349455833435,0.9404296875,0.0652793383317421,0.8064908981323242,0.9375,0.0660482733567325,0.8065046668052673,0.93798828125,0.0660323780590583
588,0,0,move,medium,1.0,False,0.979202926158905,0.97509765625,0.0664363429486487,0.991204023361206,0.97607421875,0.0030692450995099,,,
588,0,1,move,hard,1.0,False,0.9402241706848145,0.95556640625,0.0674698785404487,0.9445042610168456,0.95849609375,0.0034558903404313,,,
588,0,2,move,hard,1.0,False,0.9337151050567628,0.9814453125,0.0691303230790187,0.93584144115448,0.9814453125,0.0041923420102327,,,
588,0,3,resize,medium,1.1377870563674322,False,0.9577345848083496,0.98681640625,0.0514322184985023,0.9585624933242798,0.98681640625,0.0035781767523572,,,
588,0,4,resize,medium,0.8134535913012312,False,0.9273884892463684,0.98779296875,0.0615034025716748,0.918407678604126,0.98779296875,0.0055167363210378,,,
588,0,5,resize,medium,0.7730928173975378,False,0.9255441427230836,0.98681640625,0.064700047593993,0.9184958338737488,0.98681640625,0.0060665549242482,,,
588,0,6,resize,hard,0.5730928173975377,True,0.7860804796218872,0.98779296875,0.0740255818907629,0.786435604095459,0.98779296875,0.0740460202345778,0.7865850925445557,0.98779296875,0.0740459584873155
589,0,0,move,easy,1.0,False,0.956684410572052,0.9755859375,0.0624785071763407,0.9805452823638916,0.97607421875,0.028024406265737,,,
589,0,1,move,medium,1.0,False,0.9474560618400574,0.97900390625,0.061983866142428,0.9520254135131836,0.9794921875,0.0275749068156338,,,
589,0,2,move,hard,1.0,False,0.940044403076172,0.97314453125,0.0635616922557696,0.9523649215698242,0.97314453125,0.0289827067276929,,,
589,0,3,rotate,easy,1.0,False,0.9331815242767334,0.982421875,0.0507041908462646,0.9331815242767334,0.982421875,0.0507041908462646,,,
589,0,4,rotate,medium,1.0,False,0.8986166715621948,0.9755859375,0.0506709962929969,0.8986166715621948,0.9755859375,0.0506709962929969,,,
589,0,5,rotate,hard,1.0,False,0.8517904877662659,0.98193359375,0.0507119096417466,0.8517904877662659,0.98193359375,0.0507119096417466,,,
589,0,6,resize,easy,1.2730928173975378,False,0.888359546661377,0.9814453125,0.0472266330652594,0.9141722917556764,0.9814453125,0.0272775091771868,,,
589,0,7,resize,easy,1.4730928173975377,False,0.8487951159477234,0.9755859375,0.0436914268642388,0.8771576881408691,0.9765625,0.0239222543019955,,,
589,0,8,resize,hard,2.3333333333333335,True,0.7915760278701782,0.96875,0.0311322474390301,0.7895222902297974,0.96826171875,0.0311322474390301,0.7893098592758179,0.96826171875,0.0311298541956348
589,0,9,resize,easy,0.8134535913012312,False,0.9107282161712646,0.96826171875,0.0538761857045002,0.9173793196678162,0.96826171875,0.0373789082764735,,,
589,0,10,resize,easy,0.7730928173975378,False,0.9183987975120544,0.9736328125,0.0557995702268148,0.9211264848709106,0.9736328125,0.0406997886874047,,,
589,0,11,resize,medium,0.5730928173975377,True,0.7742012739181519,0.97509765625,0.0674907573685551,0.7900768518447876,0.9775390625,0.0710499207542701,0.7898523211479187,0.97705078125,0.0710654941218648
590,0,0,move,easy,1.0,False,0.9861863255500792,0.9775390625,0.031512516286616,0.9911731481552124,0.97802734375,0.0095280254053459,,,
590,0,1,move,medium,1.0,False,0.9585062861442566,0.974609375,0.0330167428188005,0.9613729119300842,0.97509765625,0.010659878653616,,,
590,0,2,rotate,easy,1.0,False,0.9440103769302368,0.9853515625,0.0287593239115556,0.9440103769302368,0.9853515625,0.0287593239115556,,,
590,0,3,rotate,medium,1.0,False,0.9239664673805236,0.9833984375,0.0289909183663161,0.9239664673805236,0.9833984375,0.0289909183663161,,,
590,0,4,rotate,hard,1.0,False,0.8038623332977295,0.9775390625,0.0324578869062478,0.8038623332977295,0.9775390625,0.0324578869062478,,,
590,0,5,resize,easy,0.8134535913012312,False,0.9289885759353638,0.9716796875,0.0330593251355223,0.9216256141662598,0.9716796875,0.0190588221900095,,,
590,0,6,resize,easy,0.7730928173975378,False,0.9100977778434752,0.970703125,0.034909213462961,0.912172555923462,0.970703125,0.0207151942875319,,,
590,0,7,resize,hard,0.5730928173975377,True,0.7806130647659302,0.970703125,0.0427266052988657,0.7788633108139038,0.9697265625,0.0429820455618436,0.7791305184364319,0.97021484375,0.0429773176881237
591,0,0,move,easy,1.0,False,0.9530835747718812,0.9716796875,0.0674262353048286,0.950364112854004,0.97021484375,0.0167511858218382,,,
591,0,1,move,medium,1.0,False,0.9645342826843262,0.970703125,0.0647509078575971,0.9666216373443604,0.97265625,0.0163149596096274,,,
591,0,2,rotate,easy,1.0,False,0.9583898782730104,0.958984375,0.054816375347005,0.9583898782730104,0.958984375,0.054816375347005,,,
591,0,3,rotate,medium,1.0,False,0.938187539577484,0.97412109375,0.0582947853376658,0.938187539577484,0.97412109375,0.0582947853376658,,,
591,0,4,rotate,hard,1.0,False,0.8951318264007568,0.97265625,0.0645866395545098,0.8951318264007568,0.97265625,0.0645866395545098,,,
591,0,5,resize,easy,1.20045156314777,False,0.9549501538276672,0.97509765625,0.0508595567689835,0.956322431564331,0.974609375,0.0180534738271238,,,
591,0,6,resize,medium,1.4004515631477699,False,0.9419630169868468,0.97021484375,0.0496512475959221,0.9487440586090088,0.970703125,0.0167904200982207,,,
591,0,7,resize,hard,1.6585365853658536,True,0.9199432134628296,0.95654296875,0.0467682432154676,0.919857144355774,0.95654296875,0.0469012500800817,0.9199399948120116,0.95654296875,0.0469009066973081
591,0,8,resize,easy,0.8497742184261151,False,0.9400697946548462,0.96484375,0.0666282060944463,0.9424543380737304,0.96484375,0.0251224891508834,,,
591,0,9,resize,medium,0.7004515631477698,False,0.9134836196899414,0.9794921875,0.0819345106449344,0.9087252020835876,0.97998046875,0.0329934683105807,,,
591,0,10,resize,hard,0.5004515631477697,True,0.6618741154670715,0.98388671875,0.1023418219293249,0.6661194562911987,0.9833984375,0.1047810676563422,0.6660687923431396,0.98388671875,0.104783571051572
592,0,0,move,easy,1.0,False,0.9348480701446532,0.98876953125,0.0541491416824294,0.9464305639266968,0.9892578125,0.0188771771646163,,,
592,0,1,move,easy,1.0,False,0.9301928281784058,0.95556640625,0.0569301339877026,0.9392802119255066,0.95703125,0.020319686695884,,,
592,0,2,move,hard,1.0,False,0.9341917037963868,0.9833984375,0.0575801656682266,0.9408302307128906,0.9833984375,0.0212737429648322,,,
592,0,3,rotate,easy,1.0,False,0.9377235174179076,0.98779296875,0.046200656149993,0.9377235174179076,0.98779296875,0.046200656149993,,,
592,0,4,rotate,medium,1.0,False,0.9102693200111388,0.98193359375,0.0447282355497155,0.9102693200111388,0.98193359375,0.0447282355497155,,,
592,0,5,rotate,hard,1.0,False,0.7624791264533997,0.97998046875,0.045684356161676,0.7624791264533997,0.97998046875,0.045684356161676,,,
592,0,6,resize,easy,1.20045156314777,False,0.9335325956344604,0.98291015625,0.0403860594359558,0.9358316659927368,0.98388671875,0.0196403699034019,,,
592,0,7,resize,easy,1.4004515631477699,False,0.9167851209640504,0.982421875,0.0365237255395985,0.9172313213348388,0.98291015625,0.0172466813886048,,,
592,0,8,resize,medium,1.8454935622317596,True,0.8541836738586426,0.98291015625,0.0325028725936593,0.8555241227149963,0.984375,0.0327214100115831,0.8554729223251343,0.98486328125,0.0327160532476251
592,0,9,resize,easy,0.8497742184261151,False,0.9000673294067383,0.98974609375,0.0484799660392285,0.9045167565345764,0.98974609375,0.0286565448988627,,,
592,0,10,resize,easy,0.7004515631477698,False,0.8919346332550049,0.98876953125,0.0592398700713659,0.8819679617881775,0.98876953125,0.0396435656084279,,,
592,0,11,resize,hard,0.5004515631477697,True,0.716688871383667,0.9873046875,0.0715955256274695,0.7116638422012329,0.98779296875,0.072208309372314,0.7114479541778564,0.98828125,0.0722280965366279
593,0,0,move,easy,1.0,False,0.981331706047058,0.9736328125,0.0460442871358455,0.985556960105896,0.97412109375,0.010223908688712,,,
593,0,1,rotate,easy,1.0,False,0.9767183065414428,0.97998046875,0.0383605956630054,0.9767183065414428,0.97998046875,0.0383605956630054,,,
593,0,2,rotate,medium,1.0,False,0.9625573754310608,0.97119140625,0.0375793853246106,0.9625573754310608,0.97119140625,0.0375793853246106,,,
593,0,3,rotate,hard,1.0,False,0.9404844045639038,0.97998046875,0.0397611200537709,0.9404844045639038,0.97998046875,0.0397611200537709,,,
593,0,4,resize,easy,1.1197456854570984,False,0.968765377998352,0.9619140625,0.0372942112562052,0.9729796648025512,0.9638671875,0.0132792538674597,,,
593,0,5,resize,easy,0.8901271572714509,False,0.9706952571868896,0.96630859375,0.0416249407712691,0.9725053310394288,0.9658203125,0.0163857656051391,,,
593,0,6,resize,hard,0.6197456854570983,False,0.9246580004692078,0.97900390625,0.0499967940086433,0.9217931628227234,0.97900390625,0.024197896584693,,,
593,0,7,resize,hard,0.41974568545709834,True,0.8087581396102905,0.9765625,0.0604252136602628,0.8037687540054321,0.97607421875,0.0597637667334488,0.8040825128555298,0.97607421875,0.0597544374396997
594,0,0,move,medium,1.0,False,0.984468162059784,0.93994140625,0.0153622752092753,0.9849303364753724,0.9384765625,0.0045281495839332,,,
594,0,1,move,hard,1.0,False,0.975389003753662,0.97705078125,0.0146873032674351,0.9759392738342284,0.97705078125,0.0041954916814077,,,
594,0,2,rotate,medium,1.0,False,0.9801802039146424,0.970703125,0.0142150553530122,0.9801802039146424,0.970703125,0.0142150553530122,,,
594,0,3,rotate,medium,1.0,False,0.9600403904914856,0.96435546875,0.0150114106737185,0.9600403904914856,0.96435546875,0.0150114106737185,,,
594,0,4,rotate,hard,1.0,False,0.9312919974327089,0.95703125,0.0151615710696025,0.9312919974327089,0.95703125,0.0151615710696025,,,
594,0,5,resize,medium,1.1197456854570984,False,0.9708628058433532,0.96337890625,0.0146226763724531,0.9699929356575012,0.96337890625,0.0057008090038282,,,
594,0,6,resize,medium,1.3197456854570984,False,0.9561078548431396,0.9697265625,0.0141598937980772,0.95921128988266,0.97021484375,0.0052922118609054,,,
594,0,7,resize,medium,0.8901271572714509,False,0.970997154712677,0.89208984375,0.015346855671038,0.9736053943634032,0.89208984375,0.0056432507220176,,,
594,0,8,resize,hard,0.6197456854570983,False,0.8986466526985168,0.93310546875,0.0190113807760866,0.8985728025436401,0.93310546875,0.0079656603052324,,,
594,0,9,resize,hard,0.41974568545709834,True,0.7538620233535767,0.8876953125,0.0260129700453176,0.7539893388748169,0.87939453125,0.0261805700550499,0.7543336153030396,0.87890625,0.0261846440593378
595,0,0,move,hard,1.0,False,0.9782662391662598,0.94140625,0.0430124494270694,0.983790636062622,0.94091796875,0.0042252535549682,,,
595,0,1,move,hard,1.0,False,0.9549647569656372,0.94287109375,0.0436776468981246,0.9600633978843688,0.94091796875,0.0045114294987879,,,
595,0,2,rotate,hard,1.0,False,0.9597813487052916,0.9736328125,0.0382310487497751,0.9597813487052916,0.9736328125,0.0382310487497751,,,
595,0,3,rotate,hard,1.0,False,0.8757333755493164,0.93603515625,0.0382156143191221,0.8757333755493164,0.93603515625,0.0382156143191221,,,
595,0,4,rotate,hard,1.0,False,0.8031270503997803,0.9375,0.0396756850752533,0.8031270503997803,0.9375,0.0396756850752533,,,
595,0,5,resize,medium,1.1197456854570984,False,0.965295672416687,0.9365234375,0.0338410102058388,0.9701579809188844,0.935546875,0.0054261073233268,,,
595,0,6,resize,medium,0.8901271572714509,False,0.9619722366333008,0.958984375,0.0416703070036449,0.962761402130127,0.958984375,0.0076264056376571,,,
595,0,7,resize,hard,0.6197456854570983,False,0.8861641883850098,0.9560546875,0.0555827151366014,0.8819666504859924,0.9560546875,0.0133599212981248,,,
595,0,8,resize,hard,0.41974568545709834,True,0.7432016730308533,0.958984375,0.0775757711880614,0.7436727285385132,0.96337890625,0.0772692901659952,0.7439031004905701,0.9638671875,0.0772716723191758
596,0,0,move,easy,1.0,False,0.9812976121902466,0.98583984375,0.0654791384278622,0.98177969455719,0.98681640625,0.0167394660020249,,,
596,0,1,move,medium,1.0,False,0.9872779846191406,0.978515625,0.0661686154633475,0.9917062520980836,0.98046875,0.0173503514714819,,,
596,0,2,rotate,easy,1.0,False,0.9686136841773988,0.97265625,0.0563157126462644,0.9686136841773988,0.97265625,0.0563157126462644,,,
596,0,3,rotate,medium,1.0,False,0.9321441650390624,0.98388671875,0.0598509946901303,0.9321441650390624,0.98388671875,0.0598509946901303,,,
596,0,4,rotate,hard,1.0,False,0.8956862688064575,0.98046875,0.0629653927499638,0.8956862688064575,0.98046875,0.0629653927499638,,,
596,0,5,resize,easy,1.1656612199384144,False,0.9786319732666016,0.98291015625,0.0538679589026962,0.9816496968269348,0.98291015625,0.0235315817995625,,,
596,0,6,resize,easy,1.3656612199384144,False,0.9680542945861816,0.9755859375,0.0479103452044682,0.9677225351333618,0.9755859375,0.0180897963425329,,,
596,0,7,resize,easy,0.8671693900307929,False,0.9716023206710817,0.98876953125,0.0617901824551692,0.9742003679275512,0.98876953125,0.0332296034558032,,,
596,0,8,resize,medium,0.6656612199384142,False,0.8739591240882874,0.97802734375,0.0824880121466349,0.8642867803573608,0.97802734375,0.0507200026331524,,,
596,0,9,resize,hard,0.46566121993841425,True,0.7841774225234985,0.9765625,0.0910754062760502,0.7917770147323608,0.9755859375,0.094340522751583,0.7913957834243774,0.97607421875,0.0943355533938849
597,0,2,rotate,medium,1.0,False,0.9671511650085448,0.98583984375,0.0206188643824182,0.9671511650085448,0.98583984375,0.0206188643824182,,,
598,0,0,move,easy,1.0,False,0.9645490646362304,0.95703125,0.0446428258782048,0.9698981046676636,0.9560546875,0.006396959498134,,,
598,0,1,move,medium,1.0,False,0.981977105140686,0.96484375,0.0472371827591764,0.98562353849411,0.96484375,0.008395947613654,,,
598,0,2,move,hard,1.0,False,0.9642887115478516,0.96826171875,0.0481396185096746,0.972200095653534,0.96826171875,0.0077709944705496,,,
598,0,3,rotate,easy,1.0,False,0.9508559107780457,0.9765625,0.0399337718167025,0.9508559107780457,0.9765625,0.0399337718167025,,,
598,0,4,rotate,medium,1.0,False,0.8894920945167542,0.9599609375,0.0401672552521489,0.8894920945167542,0.9599609375,0.0401672552521489,,,
598,0,5,rotate,hard,1.0,False,0.7547902464866638,0.9599609375,0.0441516734899087,0.7547902464866638,0.9599609375,0.0441516734899087,,,
598,0,6,resize,easy,1.2099392525283563,False,0.9465106725692748,0.97216796875,0.03392498601629,0.9534530639648438,0.97216796875,0.0086186546521695,,,
598,0,7,resize,medium,1.4099392525283563,False,0.9243218302726746,0.974609375,0.0322643023625533,0.9360069036483764,0.974609375,0.0076018273319293,,,
598,0,8,resize,easy,0.8450303737358219,False,0.9362791776657104,0.9638671875,0.0473685533974418,0.9432984590530396,0.9638671875,0.0126353064389488,,,
598,0,9,resize,medium,0.7099392525283563,False,0.8829898238182068,0.962890625,0.0566063118529788,0.8777410387992859,0.962890625,0.0183845999101658,,,
598,0,10,resize,hard,0.5099392525283564,True,0.7406326532363892,0.955078125,0.0744279210296514,0.742035984992981,0.9541015625,0.0745839131212151,0.7418968677520752,0.95458984375,0.0745700932238452
599,0,0,move,easy,1.0,False,0.9645142555236816,0.98486328125,0.0688706755906118,0.9679042100906372,0.9853515625,0.025299998429888,,,
599,0,1,move,easy,1.0,False,0.9711456298828124,0.98291015625,0.070109493895833,0.9743245840072632,0.9833984375,0.0297661104188344,,,
599,0,2,rotate,easy,1.0,False,0.961431920528412,0.984375,0.0610459158268736,0.961431920528412,0.984375,0.0610459158268736,,,
599,0,3,rotate,medium,1.0,False,0.9528094530105592,0.984375,0.0597048184942901,0.9528094530105592,0.984375,0.0597048184942901,,,
599,0,4,rotate,hard,1.0,False,0.9492231607437134,0.986328125,0.0598190687532314,0.9492231607437134,0.986328125,0.0598190687532314,,,
599,0,5,resize,easy,1.2099392525283563,False,0.9663585424423218,0.9814453125,0.0544991790179344,0.966221034526825,0.98193359375,0.0320314294490079,,,
599,0,6,resize,easy,1.4099392525283563,False,0.9607666730880736,0.982421875,0.0495799714230848,0.9610241651535034,0.98291015625,0.0258323813119559,,,
599,0,7,resize,medium,1.7469879518072289,True,0.933419942855835,0.9716796875,0.0430025709889704,0.933396339416504,0.97119140625,0.0434605611289409,0.9332544803619384,0.97119140625,0.0434579427599604
599,0,8,resize,easy,0.8450303737358219,False,0.9466009736061096,0.986328125,0.0668918509981988,0.9484968781471252,0.986328125,0.0453688906495482,,,
599,0,9,resize,easy,0.7099392525283563,False,0.8666565418243408,0.986328125,0.0814409385938084,0.8886374235153198,0.98583984375,0.0577317033110182,,,
599,0,10,resize,hard,0.5099392525283564,True,0.6024190783500671,0.9853515625,0.0900240438770035,0.5997937917709351,0.98486328125,0.0920330251730244,0.5998555421829224,0.98486328125,0.092008994949557
600,0,0,move,medium,1.0,False,0.9655951857566832,0.97021484375,0.0329711536829697,0.9735753536224364,0.97119140625,0.0129709685432123,,,
600,0,1,move,medium,1.0,False,0.9729474186897278,0.97412109375,0.0334750423892902,0.9821455478668212,0.974609375,0.0132526123991181,,,
600,0,2,rotate,medium,1.0,False,0.9575303196907043,0.98291015625,0.0278764083656016,0.9575303196907043,0.98291015625,0.0278764083656016,,,
600,0,3,rotate,medium,1.0,False,0.9136379361152648,0.9697265625,0.0293883889722083,0.9136379361152648,0.9697265625,0.0293883889722083,,,
600,0,4,rotate,hard,1.0,False,0.9082568883895874,0.9853515625,0.0297685577229157,0.9082568883895874,0.9853515625,0.0297685577229157,,,
600,0,5,resize,medium,1.2099392525283563,False,0.952559530735016,0.97412109375,0.0264898228798034,0.95769065618515,0.97509765625,0.013177898066145,,,
600,0,6,resize,medium,1.4099392525283563,False,0.9453704357147216,0.97705078125,0.0243206732189368,0.9448136687278748,0.97705078125,0.011274094854817,,,
600,0,7,resize,medium,0.8268981587459219,False,0.929418683052063,0.97900390625,0.0312486941738763,0.9306100606918336,0.97900390625,0.0178221217993743,,,
600,0,8,resize,medium,0.7462036825081564,False,0.9187569618225098,0.97705078125,0.0333037702917048,0.9253352880477904,0.97705078125,0.0196311981709223,,,
600,0,9,resize,hard,0.5462036825081563,True,0.8573355674743652,0.9794921875,0.040185244773891,0.8579835891723633,0.9794921875,0.0407702192017209,0.8579756021499634,0.9794921875,0.0407645331468996
601,0,0,move,easy,1.0,False,0.9849514365196228,0.9697265625,0.0891524844485032,0.9966057538986206,0.9697265625,0.0151139940146556,,,
601,0,1,move,medium,1.0,False,0.9731202125549316,0.86669921875,0.0893795910597298,0.9888823628425598,0.8720703125,0.0153616209442037,,,
601,0,2,rotate,medium,1.0,False,0.977417767047882,0.96044921875,0.0733557741288536,0.977417767047882,0.96044921875,0.0733557741288536,,,
601,0,3,rotate,hard,1.0,False,0.9687308669090272,0.96630859375,0.0758547878985389,0.9687308669090272,0.96630859375,0.0758547878985389,,,
601,0,4,rotate,hard,1.0,False,0.8438206315040588,0.939453125,0.0746657864043484,0.8438206315040588,0.939453125,0.0746657864043484,,,
601,0,5,resize,medium,1.2462036825081564,False,0.9759756326675416,0.93701171875,0.0644977998807135,0.9775699973106384,0.943359375,0.0172291346592014,,,
601,0,6,resize,medium,1.3409090909090908,False,0.969716727733612,0.958984375,0.0602331487681193,0.9664446115493774,0.96728515625,0.0145705641238807,,,
601,0,7,resize,medium,0.8268981587459219,False,0.9563130736351012,0.94677734375,0.08205238085271,0.9729001522064208,0.9482421875,0.0297762193440404,,,
601,0,8,resize,medium,0.7462036825081564,False,0.9499041438102722,0.93359375,0.0847939290948976,0.95588618516922,0.93701171875,0.033849417205492,,,
601,0,9,resize,hard,0.5462036825081563,True,0.8161264657974243,0.9462890625,0.0999103123900758,0.814395546913147,0.94677734375,0.0994106904766418,0.8143631815910339,0.9462890625,0.0993916492367706
602,0,0,move,easy,1.0,False,0.9509467482566832,0.9775390625,0.0470919093758361,0.9895913600921632,0.97705078125,0.0109615678630126,,,
602,0,1,move,medium,1.0,False,0.9194767475128174,0.97021484375,0.0445081078240262,0.9674922823905944,0.97021484375,0.009596567671903,,,
602,0,2,move,hard,1.0,False,0.9602588415145874,0.98486328125,0.0452540324121851,0.9729627370834352,0.98486328125,0.0098452490157856,,,
602,0,3,rotate,easy,1.0,False,0.9572164416313172,0.9853515625,0.0388173524901536,0.9572164416313172,0.9853515625,0.0388173524901536,,,
602,0,4,rotate,medium,1.0,False,0.8798821568489075,0.97216796875,0.0385911627110125,0.8798821568489075,0.97216796875,0.0385911627110125,,,
602,0,5,rotate,hard,1.0,False,0.7865764498710632,0.98486328125,0.0441892403468482,0.7865764498710632,0.98486328125,0.0441892403468482,,,
602,0,6,resize,easy,1.2462036825081564,False,0.9230630397796632,0.98388671875,0.0326688995111588,0.922939658164978,0.98388671875,0.0097653655160239,,,
602,0,7,resize,easy,1.4462036825081563,False,0.8854570388793945,0.97998046875,0.0310441496860182,0.8832951188087463,0.9794921875,0.0083764142912066,,,
602,0,8,resize,hard,2.5965276188111726,True,0.6959522366523743,0.974609375,0.0296971208279629,0.6959469318389893,0.97412109375,0.0296503879635018,0.695679247379303,0.97412109375,0.0296333909687586
602,0,9,resize,easy,0.8268981587459219,False,0.9544944167137146,0.96142578125,0.042140542356387,0.9492377042770386,0.96142578125,0.017591387683258,,,
602,0,10,resize,easy,0.7338414685717625,False,0.9190452098846436,0.96142578125,0.0453786605261955,0.9147210121154784,0.96142578125,0.0200893220193594,,,
602,0,11,resize,medium,0.5338414685717624,True,0.8245043158531189,0.94384765625,0.060030293598921,0.8253577947616577,0.93896484375,0.0602265795206971,0.8253771066665649,0.9384765625,0.0602402738873327
603,0,0,move,easy,1.0,False,0.9550666809082032,0.96337890625,0.0189416077390379,0.9673339128494264,0.9638671875,0.0061390320254002,,,
603,0,1,move,hard,1.0,False,0.9195920825004578,0.9697265625,0.0186137445750642,0.9264886379241944,0.970703125,0.005818604524353,,,
603,0,2,move,hard,1.0,False,0.9263410568237304,0.9501953125,0.0186465606341133,0.9411702156066896,0.9501953125,0.005998547567175,,,
603,0,3,rotate,easy,1.0,False,0.937178373336792,0.966796875,0.0184518777745808,0.937178373336792,0.966796875,0.0184518777745808,,,
603,0,4,rotate,medium,1.0,False,0.9227831959724426,0.97314453125,0.0178839274382892,0.9227831959724426,0.97314453125,0.0178839274382892,,,
603,0,5,rotate,hard,1.0,False,0.8255214691162109,0.96630859375,0.0189204434491325,0.8255214691162109,0.96630859375,0.0189204434491325,,,
603,0,6,resize,easy,1.2338414685717625,False,0.939016819000244,0.9609375,0.0182083013502243,0.93551903963089,0.96142578125,0.0088328720604023,,,
603,0,7,resize,medium,1.4338414685717624,False,0.9135207533836364,0.96142578125,0.0164949763157463,0.9124422073364258,0.96337890625,0.0071365144376086,,,
603,0,8,resize,hard,1.8601398601398602,True,0.8306421041488647,0.9736328125,0.0146132304910947,0.8294886350631714,0.97119140625,0.0145294468835832,0.8294870853424072,0.970703125,0.0145207409433874
603,0,9,resize,easy,0.8330792657141188,False,0.9308663606643676,0.97021484375,0.0187449660723135,0.9327462911605836,0.97021484375,0.00936878939732,,,
603,0,10,resize,easy,0.7338414685717625,False,0.8837684988975525,0.97412109375,0.0203195567299152,0.8843391537666321,0.97412109375,0.010944036783084,,,
603,0,11,resize,hard,0.5338414685717624,True,0.7166069746017456,0.97216796875,0.0266487938458965,0.7164689898490906,0.97412109375,0.0265846886018088,0.7161478996276855,0.97412109375,0.0265231963432139
604,0,0,move,easy,1.0,False,0.9656777381896972,0.9736328125,0.0864094809960289,0.9854145050048828,0.9736328125,0.0122497394994857,,,
604,0,1,move,medium,1.0,False,0.9208937883377076,0.970703125,0.0861737059543556,0.9450118541717528,0.97119140625,0.0130804882058137,,,
604,0,2,move,hard,1.0,False,0.9414050579071044,0.95849609375,0.0857414177477268,0.9542152881622314,0.95849609375,0.012404919010492,,,
604,0,3,rotate,easy,1.0,False,0.9248968958854676,0.97216796875,0.0661932397724112,0.9248968958854676,0.97216796875,0.0661932397724112,,,
604,0,4,rotate,medium,1.0,False,0.8908408284187317,0.95703125,0.067922428696552,0.8908408284187317,0.95703125,0.067922428696552,,,
604,0,5,rotate,hard,1.0,False,0.7907785177230835,0.9794921875,0.069429846619456,0.7907785177230835,0.9794921875,0.069429846619456,,,
604,0,6,resize,easy,1.193258426966292,False,0.9457353353500366,0.96728515625,0.0582574104348138,0.9609452486038208,0.96826171875,0.013376537973607,,,
604,0,7,resize,easy,0.8330792657141188,False,0.9406249523162842,0.96875,0.0741616830309895,0.958118975162506,0.96875,0.0249154395869891,,,
604,0,8,resize,medium,0.7338414685717625,False,0.8947253823280334,0.96435546875,0.0785027781641376,0.920557737350464,0.96435546875,0.0304257938276405,,,
604,0,9,resize,hard,0.5338414685717624,True,0.793803334236145,0.9599609375,0.0950926134608803,0.7945816516876221,0.96435546875,0.0947008858886253,0.7946791648864746,0.9638671875,0.0946971892205157
605,0,0,move,easy,1.0,False,0.976784348487854,0.92333984375,0.0339781206983988,0.9829429984092712,0.921875,0.0043619073685001,,,
605,0,1,move,medium,1.0,False,0.9669171571731568,0.97314453125,0.0333341067435531,0.973551630973816,0.97216796875,0.0046958627446245,,,
605,0,2,move,hard,1.0,False,0.9594019055366516,0.94873046875,0.0334634083051946,0.9660385251045228,0.9501953125,0.0049853391411705,,,
605,0,3,rotate,easy,1.0,False,0.9781851768493652,0.9677734375,0.0297991298134766,0.9781851768493652,0.9677734375,0.0297991298134766,,,
605,0,4,rotate,medium,1.0,False,0.9650927186012268,0.958984375,0.0308137906823519,0.9650927186012268,0.958984375,0.0308137906823519,,,
605,0,5,rotate,hard,1.0,False,0.8166500926017761,0.96728515625,0.0327898313074152,0.8166500926017761,0.96728515625,0.0327898313074152,,,
605,0,6,resize,easy,1.119627955526294,False,0.9758352041244508,0.97412109375,0.0282557147818174,0.9784092903137208,0.9736328125,0.0067877924937054,,,
605,0,7,resize,medium,1.319627955526294,False,0.9513039588928224,0.9296875,0.0244104960267296,0.952144980430603,0.92529296875,0.0047429963319671,,,
605,0,8,resize,easy,0.8901860222368531,False,0.9770283102989196,0.966796875,0.0327353365330045,0.980194926261902,0.966796875,0.00824964763392,,,
605,0,9,resize,medium,0.6196279555262939,False,0.9208637475967408,0.97216796875,0.0453823556129367,0.9139586687088012,0.97216796875,0.0167972335360993,,,
605,0,10,resize,hard,0.41962795552629395,True,0.7648754119873047,0.97314453125,0.0613974670406606,0.7679906487464905,0.97265625,0.0622054014396084,0.7682570219039917,0.97265625,0.0621726545968604
606,0,0,move,medium,1.0,False,0.9639672040939332,0.953125,0.0402558596772961,0.9719554781913756,0.95263671875,0.0056833074134827,,,
606,0,1,move,medium,1.0,False,0.9597082138061525,0.96728515625,0.0403502345177612,0.964653253555298,0.9658203125,0.0054355762734126,,,
606,0,2,move,hard,1.0,False,0.9664818048477172,0.97802734375,0.0410829518575667,0.9695849418640136,0.978515625,0.0064717394776784,,,
606,0,3,rotate,easy,1.0,False,0.970167875289917,0.9833984375,0.0362536245108177,0.970167875289917,0.9833984375,0.0362536245108177,,,
606,0,4,rotate,medium,1.0,False,0.9491083025932312,0.9814453125,0.0368599696912968,0.9491083025932312,0.9814453125,0.0368599696912968,,,
606,0,5,rotate,hard,1.0,False,0.914759397506714,0.9716796875,0.0371160633410508,0.914759397506714,0.9716796875,0.0371160633410508,,,
606,0,6,resize,easy,1.119627955526294,False,0.967027187347412,0.96337890625,0.0329159343878148,0.9691451787948608,0.9658203125,0.0074270126181697,,,
606,0,7,resize,medium,1.319627955526294,False,0.9390193223953248,0.9580078125,0.0305110078591664,0.9447818994522096,0.95654296875,0.0052094429020045,,,
606,0,8,resize,hard,1.591549295774648,True,0.9230244159698486,0.92138671875,0.0300608499947367,0.9236351251602172,0.90966796875,0.0300697355428729,0.9236314296722412,0.90966796875,0.0300628245609892
606,0,9,resize,easy,0.8901860222368531,False,0.951107621192932,0.9736328125,0.0396380199735154,0.9539457559585572,0.9736328125,0.0098108089877269,,,
606,0,10,resize,hard,0.6196279555262939,False,0.8493545651435852,0.9716796875,0.0604153319017613,0.8476183414459229,0.9716796875,0.0187013764213046,,,
606,0,11,resize,hard,0.41962795552629395,True,0.6341978907585144,0.97119140625,0.0893844808869162,0.6301904320716858,0.970703125,0.089507962584021,0.6299063563346863,0.970703125,0.0895043759787109
607,0,0,move,medium,1.0,False,0.9659374356269836,0.9755859375,0.0354156825081627,0.9660110473632812,0.97509765625,0.0111789721371789,,,
607,0,1,move,medium,1.0,False,0.9868392944335938,0.96435546875,0.0350386471281403,0.9889662861824036,0.96533203125,0.0110433035084056,,,
607,0,2,move,hard,1.0,False,0.96395742893219,0.9638671875,0.0342262380563725,0.9639551043510436,0.96337890625,0.0101527894808331,,,
607,0,3,rotate,medium,1.0,False,0.9651404023170472,0.9619140625,0.0317195767831642,0.9651404023170472,0.9619140625,0.0317195767831642,,,
607,0,4,rotate,hard,1.0,False,0.9549496173858644,0.9521484375,0.029911288024785,0.9549496173858644,0.9521484375,0.029911288024785,,,
607,0,5,rotate,hard,1.0,False,0.9042866230010986,0.96142578125,0.0320267182093744,0.9042866230010986,0.96142578125,0.0320267182093744,,,
607,0,6,resize,medium,1.258418870674551,False,0.9607267379760742,0.95654296875,0.0276728065986417,0.9591718316078186,0.9580078125,0.0123958327530673,,,
607,0,7,resize,medium,1.4,False,0.9536447525024414,0.97119140625,0.0263592643487016,0.9512639045715332,0.9716796875,0.0111359178843344,,,
607,0,8,resize,easy,0.8207905646627246,False,0.9609006643295288,0.97021484375,0.0340517464378163,0.9636217951774596,0.9716796875,0.0192632553987031,,,
607,0,9,resize,medium,0.7584188706745509,False,0.9491716623306274,0.9794921875,0.035210887654148,0.9432740807533264,0.97998046875,0.0208880793598679,,,
607,0,10,resize,hard,0.5584188706745509,True,0.8701063394546509,0.97705078125,0.0455269326859469,0.8792997598648071,0.9775390625,0.045772357201424,0.8791992664337158,0.97705078125,0.0457677330130654
608,0,0,move,medium,1.0,False,0.9539707899093628,0.9814453125,0.0227936294883521,0.9586259722709656,0.98095703125,0.0047908374416033,,,
608,0,1,move,medium,1.0,False,0.9710341691970824,0.94970703125,0.0210668518796062,0.9872563481330872,0.9482421875,0.0046087192439751,,,
608,0,2,move,hard,1.0,False,0.9276349544525146,0.955078125,0.0228019705548562,0.9411404132843018,0.95654296875,0.006085088015199,,,
608,0,3,rotate,easy,1.0,False,0.9240292906761168,0.955078125,0.0202819055702542,0.9240292906761168,0.955078125,0.0202819055702542,,,
608,0,4,rotate,medium,1.0,False,0.8968998789787292,0.9716796875,0.0218777983518352,0.8968998789787292,0.9716796875,0.0218777983518352,,,
608,0,5,rotate,hard,1.0,False,0.6930146217346191,0.97119140625,0.023559686749712,0.6930146217346191,0.97119140625,0.023559686749712,,,
608,0,6,resize,medium,1.258418870674551,False,0.9501246213912964,0.97705078125,0.0180637931871971,0.9519532918930054,0.97607421875,0.0047472952372763,,,
608,0,7,resize,medium,1.4137931034482758,False,0.9380620121955872,0.9853515625,0.0180128770135327,0.9460357427597046,0.9853515625,0.0040833383682758,,,
608,0,8,resize,easy,0.8207905646627246,False,0.9411925077438354,0.9580078125,0.0220338067768781,0.9396131038665771,0.9580078125,0.0077888295308088,,,
608,0,9,resize,medium,0.7584188706745509,False,0.8925758600234985,0.95361328125,0.0218755727188583,0.8892630338668823,0.95361328125,0.0075065868275751,,,
608,0,10,resize,hard,0.5584188706745509,True,0.8077897429466248,0.9609375,0.0266852733386225,0.8032194375991821,0.96142578125,0.0271328724167894,0.8032336235046387,0.96142578125,0.0271130378933847
